arm,first_update,latent_cosine,latent_loss,latent_relative_l2,latent_rms,latent_variation_rms,loss,predicted_latent_rms,predicted_state_ce,state_ce,teacher_predicted_kl,token_accuracy,training_seconds,update,updates_in_bin,weighted_latent_loss
head,1,0.9876957684755325,0.03343417164869607,0.1593124121427536,0.9992738366127014,0.17325256764888763,3.8250845313072204,1.009655237197876,4.359392166137695,3.7916503739356995,0.2625942528247833,0.09797444924712181,15.149426917007986,100,100,0.03343417164869607
head,101,0.9504776746034622,0.03699403417296707,0.29154641926288605,0.9989591538906097,0.359836395829916,3.63207396030426,0.9960437119007111,4.355957865715027,3.595079929828644,0.41387296468019485,0.13853271827101707,29.16896230101156,200,100,0.03699403417296707
head,201,0.9432263672351837,0.045585859306156634,0.30775317549705505,0.998637929558754,0.4562946632504463,3.4586117672920227,0.9759360998868942,4.234507918357849,3.4130259108543397,0.4940885603427887,0.18296468690037726,43.16194376801286,300,100,0.045585859306156634
head,301,0.9472427219152451,0.03737085275352001,0.28760702908039093,0.9982416778802872,0.493251197040081,3.4437328147888184,0.9685112684965134,4.162638187408447,3.4063619709014894,0.4362541511654854,0.1834065808355808,57.21141077201901,400,100,0.03737085275352001
head,401,0.9480229616165161,0.036004623584449294,0.28180526942014694,0.997934103012085,0.5209393054246902,3.440741684436798,0.9647707492113113,4.128902196884155,3.404737048149109,0.4084055572748184,0.1835050503909588,71.28365386901896,500,100,0.036004623584449294
head,501,0.94392991065979,0.03705523025244475,0.2876456156373024,0.9977201521396637,0.5235264003276825,3.43835072517395,0.9627948254346848,4.122652530670166,3.401295485496521,0.3990628346800804,0.18409912616014482,85.44828964502085,600,100,0.03705523025244475
head,601,0.9047707766294479,0.054250964038074015,0.3678645119071007,0.9976732432842255,0.6015632301568985,3.3716987013816833,0.9375069737434387,4.135436415672302,3.3174477362632753,0.513392984867096,0.19540365070104598,99.45807498202339,700,100,0.054250964038074015
head,701,0.4184287562966347,0.27837873220443726,0.8456526696681976,0.9987577050924301,0.9058718234300613,2.3066914677619934,0.5446784943342209,4.183561325073242,2.0283127355575563,2.0530113875865936,0.39810059875249865,113.50340965002488,800,100,0.27837873220443726
head,801,0.12772909738123417,0.42799353927373884,1.0063293278217316,1.002613127231598,0.991189032793045,0.8230119997262955,0.30791591852903366,4.167247533798218,0.39501845329999924,3.5869287848472595,0.8753792518377304,127.47763063802086,900,100,0.42799353927373884
head,901,0.17183387279510498,0.4227446600794792,0.9899965077638626,1.0065525770187378,0.9901995807886124,0.5153631260991096,0.2912881448864937,4.046902120113373,0.0926184668019414,3.8955878615379333,0.9722192603349685,141.51547708602266,1000,100,0.4227446600794792
head,1001,0.23903349786996841,0.4109207430481911,0.9695117175579071,1.0081585943698883,0.9884239584207535,0.4562006986141205,0.28305375576019287,3.8746739625930786,0.04527995619922876,3.7923064827919006,0.9860164564847946,155.58790666801906,1100,100,0.4109207430481911
head,1101,0.3250897154211998,0.39445476591587064,0.9436297565698624,1.0066342055797577,0.9862269163131714,0.42665783792734147,0.287715882062912,3.591802656650543,0.032203071434050795,3.5384632349014282,0.9901847553253174,169.4862398740188,1200,100,0.39445476591587064
head,1201,0.4216945171356201,0.36897668689489366,0.9086632877588272,1.0022070705890656,0.9791356027126312,0.3944853115081787,0.33234062790870667,3.25778865814209,0.02550862414762378,3.2120051980018616,0.9922990107536316,183.44755111101676,1300,100,0.36897668689489366
head,1301,0.5017995834350586,0.33857962757349014,0.8694237917661667,0.996040090918541,0.9718489497900009,0.35779493898153303,0.40039023756980896,2.8803014755249023,0.019215312153100968,2.8413873314857483,0.9943123579025268,197.4131389330114,1400,100,0.33857962757349014
head,1401,0.5426831841468811,0.31658059507608416,0.8433236628770828,0.9899394661188126,0.9663543254137039,0.3336097565293312,0.4552870914340019,2.566551387310028,0.017029161546379328,2.537732720375061,0.9950032782554626,211.43737835600768,1500,100,0.31658059507608416
head,1501,0.570776179432869,0.30120192319154737,0.8243394047021866,0.9841026067733765,0.9582483470439911,0.31776529163122175,0.4749661386013031,2.3178585171699524,0.016563367135822772,2.2899771332740784,0.9950154805183411,225.44115803100522,1600,100,0.30120192319154737
head,1601,0.6224744766950607,0.2798744407296181,0.7911675870418549,0.9776238054037094,0.9489840865135193,0.2941664308309555,0.480046808719635,2.0993821024894714,0.014291989910416305,2.071490526199341,0.9957715076208115,239.33683288900465,1700,100,0.2798744407296181
head,1701,0.6992014348506927,0.23986333593726158,0.7283458411693573,0.9705763012170792,0.9416874051094055,0.2517534008622169,0.5380260646343231,1.81725013256073,0.01189006497617811,1.7967689037322998,0.9965975111722947,253.28072752600292,1800,100,0.23986333593726158
head,1801,0.7636048942804337,0.19856681242585184,0.6595317274332047,0.9641137570142746,0.9353229105472565,0.21069016337394714,0.6162426173686981,1.5246534645557404,0.012123350845649838,1.5017137229442596,0.9964201080799103,267.2545919509985,1900,100,0.19856681242585184
head,1901,0.804765447974205,0.16535740450024605,0.6034501045942307,0.9584493935108185,0.9292428642511368,0.1769874119758606,0.6900394558906555,1.2540200352668762,0.011630007899366319,1.236745685338974,0.9966365730762482,281.0657070879961,2000,100,0.16535740450024605
head,2001,0.8332545459270477,0.14149739250540733,0.5592397004365921,0.953818067908287,0.9232140183448792,0.15124340310692788,0.7444561123847961,1.049243688583374,0.00974601028021425,1.032407432794571,0.9971443879604339,294.9009822779972,2100,100,0.14149739250540733
head,2101,0.8447275906801224,0.12930057391524316,0.5383977442979813,0.950197845697403,0.916731134057045,0.14016340643167496,0.7792377024888992,0.8879845440387726,0.01086283267941326,0.8740549236536026,0.9967244648933411,308.6228975999966,2200,100,0.12930057391524316
head,2201,0.8386141359806061,0.13135285884141923,0.546234056353569,0.9478842318058014,0.9118734449148178,0.14035819873213767,0.7818858921527863,0.7813216000795364,0.009005339823197574,0.7691760659217834,0.9972461140155793,322.46345376299087,2300,100,0.13135285884141923
head,2301,0.8344440162181854,0.13453419759869575,0.5523006170988083,0.9459328204393387,0.9067861288785934,0.14442281946539878,0.7683721631765366,0.7169157862663269,0.009888621787540615,0.7044814974069595,0.9969474476575851,336.3239312999831,2400,100,0.13453419759869575
head,2401,0.83749720454216,0.13194002598524093,0.5484031289815903,0.9429533928632736,0.9012084454298019,0.14005785658955575,0.7545253932476044,0.6111733317375183,0.008117830578703434,0.6011536568403244,0.9975398969650269,350.0936141969896,2500,100,0.13194002598524093
head,2501,0.8621325194835663,0.1165751875936985,0.5099816545844078,0.9389672875404358,0.8954056054353714,0.12415228091180325,0.7629754543304443,0.46626610308885574,0.007577093055006117,0.45659084618091583,0.9977083539962769,363.74755400099093,2600,100,0.1165751875936985
head,2601,0.898746520280838,0.08895163848996163,0.44215164333581924,0.934667244553566,0.8887154012918472,0.09783584967255593,0.8044174909591675,0.31215154379606247,0.008884211203549057,0.3021124228835106,0.9972754114866257,377.60297587698915,2700,100,0.08895163848996163
head,2701,0.925677701830864,0.06587261412292719,0.3816162198781967,0.931723102927208,0.8850586265325546,0.07429072540253401,0.8455172181129456,0.17581871896982193,0.008418111221399158,0.17008107900619507,0.9973730665445327,391.4662305949996,2800,100,0.06587261412292719
head,2801,0.9386777728796005,0.05316802814602852,0.3474152013659477,0.9302061349153519,0.8816237896680832,0.06034357827156782,0.8706055879592896,0.11522607132792473,0.007175549953244626,0.10951683484017849,0.9977758985757827,405.32368708600643,2900,100,0.05316802814602852
head,2901,0.9426082670688629,0.04896052222698927,0.33582793176174164,0.9297942817211151,0.8804669231176376,0.055992927961051465,0.8766356259584427,0.0857987068593502,0.007032405736390501,0.08105179853737354,0.9977758997678756,419.1592442330066,3000,100,0.04896052222698927
head,3001,0.9435111731290817,0.04775243885815143,0.33305511623620987,0.9295991957187653,0.8811674863100052,0.05450248997658491,0.8780516386032104,0.07929344475269318,0.006750051176641137,0.07415053434669971,0.9978589051961899,433.0881605080094,3100,100,0.04775243885815143
head,3101,0.9444346874952316,0.04722092930227518,0.3301488161087036,0.9294272363185883,0.8810369819402695,0.05382039092481136,0.8781522214412689,0.06860416196286678,0.0065994618076365445,0.06466732546687126,0.9979622620344162,446.96169192800244,3200,100,0.04722092930227518
head,3201,0.9451372474431992,0.046871419325470925,0.32787586003541946,0.9292426407337189,0.8801310807466507,0.05311975821852684,0.8787113279104233,0.059890818782150745,0.006248338769655675,0.05711060389876366,0.9980127173662185,460.8480386310039,3300,100,0.046871419325470925
head,3301,0.9431899338960648,0.04797841668128967,0.3333693966269493,0.9290548413991928,0.8796481043100357,0.0542616543918848,0.8761327415704727,0.058902555145323277,0.00628323775017634,0.05463398061692715,0.998018411397934,474.7692741220035,3400,100,0.04797841668128967
head,3401,0.9410811811685562,0.04933340467512608,0.3392161726951599,0.9287156164646149,0.8788719922304153,0.05558512102812529,0.8739748746156693,0.05724038649350405,0.006251716185361147,0.053441813215613365,0.9980371290445328,488.6643377640039,3500,100,0.04933340467512608
head,3501,0.9388657063245773,0.051365911290049554,0.34519200026988983,0.9282080829143524,0.8795792460441589,0.057342932485044004,0.8695572465658188,0.05017214361578226,0.005977021148428321,0.0469896299764514,0.9980322462320328,502.6037456870081,3600,100,0.051365911290049554
head,3601,0.9349148869514465,0.054055208675563335,0.3557632341980934,0.9274937063455582,0.879488468170166,0.06013835825026035,0.8642742037773132,0.04959174897521734,0.006083149639889598,0.045829249545931816,0.9980200397968292,516.4342256260052,3700,100,0.054055208675563335
head,3701,0.9325652122497559,0.05619580455124378,0.3619554713368416,0.926359161734581,0.8797445893287659,0.06223380442708731,0.8577072322368622,0.040946717374026775,0.006037999838590622,0.03827820625156164,0.9980696803331375,530.3357907439977,3800,100,0.05619580455124378
head,3801,0.9308481365442276,0.05736660208553076,0.3665027543902397,0.924896776676178,0.8797878623008728,0.06249543812125921,0.8519115895032883,0.03637748118489981,0.005128835971700028,0.03409450128674507,0.9983561390638351,544.3310499029903,3900,100,0.05736660208553076
head,3901,0.932612881064415,0.05608240969479084,0.36219894886016846,0.9229138493537903,0.8782261162996292,0.06163636226207018,0.8506097048521042,0.03358539752662182,0.005553952382178977,0.03133535943925381,0.998237327337265,558.2925722979862,4000,100,0.05608240969479084
head,4001,0.9394225180149078,0.05095538076013326,0.34423208236694336,0.9206347763538361,0.8760251998901367,0.05663043264299631,0.8547448515892029,0.029369541443884373,0.005675051659345627,0.026504235342144966,0.9982007026672364,572.2019300179882,4100,100,0.05095538076013326
head,4101,0.9481605440378189,0.04391613502055407,0.31937357038259506,0.9184956401586533,0.8742065578699112,0.048785701617598536,0.862098753452301,0.021122372010722756,0.004869566708803177,0.01910933991894126,0.9984375190734863,586.0813784159891,4200,100,0.04391613502055407
head,4201,0.9572860151529312,0.036407167948782446,0.29069919884204865,0.9165892750024796,0.872029721736908,0.04054025541990995,0.8712408393621445,0.018040150636807084,0.004133087520021945,0.01614111685194075,0.9987231659889221,600.0678437439892,4300,100,0.036407167948782446
head,4301,0.9640417844057083,0.03051355518400669,0.26730845123529434,0.9152235686779022,0.8696210533380508,0.034868370220065115,0.8792518824338913,0.01293337531387806,0.004354814960388467,0.011870327638462186,0.9986604976654053,613.8671605209829,4400,100,0.03051355518400669
head,4401,0.9688806086778641,0.026388617884367704,0.24905148521065712,0.9143601357936859,0.868794247508049,0.031059608906507493,0.8837583512067795,0.011483639711514115,0.004670991053571925,0.010162464808672667,0.9985205298662185,627.8436668789827,4500,100,0.026388617884367704
head,4501,0.972997859120369,0.022922107297927142,0.2324068546295166,0.9136960357427597,0.8679780960083008,0.02677118804305792,0.8867731541395187,0.008925334666855633,0.0038490808533970266,0.007151933968998492,0.9987646675109864,642.0896688769835,4600,100,0.022922107297927142
head,4601,0.9764662981033325,0.020238492339849472,0.2173018790781498,0.9130856394767761,0.8676390647888184,0.0245540844835341,0.8901877701282501,0.005985489813610911,0.004315592173952609,0.0055583835346624255,0.9986539900302887,656.2872073269846,4700,100,0.020238492339849472
head,4701,0.9785703420639038,0.018055456057190895,0.2074018493294716,0.9126369953155518,0.866839662194252,0.02230575593188405,0.8933624923229218,0.006445787032134831,0.004250299821142107,0.00583716097753495,0.998666198849678,670.5251887609866,4800,100,0.018055456057190895
head,4801,0.9799487441778183,0.016846624668687582,0.20069894567131996,0.9124419987201691,0.8660852462053299,0.021130764186382295,0.89455546438694,0.005282780155539513,0.00428413953864947,0.0047357711009681225,0.9986222511529923,684.7228197509876,4900,100,0.016846624668687582
head,4901,0.9803560674190521,0.016139911459758877,0.19870539754629135,0.9123493731021881,0.8661342561244965,0.020297864452004433,0.8949958980083466,0.006937909056432545,0.00415795293985866,0.0060240214224904776,0.9986523646116257,698.9112005889874,5000,100,0.016139911459758877
head,5001,0.9813518226146698,0.015696499925106765,0.19354544952511787,0.9122693836688995,0.8662992417812347,0.01923186207190156,0.8958157300949097,0.004886070149950683,0.0035353621165268123,0.004403788363561034,0.9988826715946197,713.232052483987,5100,100,0.015696499925106765
head,5101,0.9817889630794525,0.015412038648501039,0.1911567486822605,0.9121663123369217,0.8662936389446259,0.019418552853167056,0.8957091569900513,0.006651881150901318,0.0040065142250386996,0.005011673434637487,0.9986873584985733,727.403546354989,5200,100,0.015412038648501039
head,5201,0.9819533973932266,0.015175737822428346,0.19032079726457596,0.9119917303323746,0.8661031872034073,0.01912561137229204,0.8953746259212494,0.0049170825514011085,0.003949873588862829,0.004660310514736921,0.998709329366684,741.5548646239877,5300,100,0.015175737822428346
head,5301,0.9820499271154404,0.014906671149656176,0.18985601142048836,0.9118010252714157,0.8661355823278427,0.018210067627951503,0.8955643624067307,0.004252180457115173,0.003303396483825054,0.0042786524863913655,0.9989428943395615,755.7986629429879,5400,100,0.014906671149656176
head,5401,0.982272133231163,0.01497559081763029,0.1886194832623005,0.9115189164876938,0.8658797740936279,0.018818370150402188,0.8948096334934235,0.004231999395415187,0.003842779257101938,0.004180552496109158,0.9987215346097946,769.9389196149941,5500,100,0.01497559081763029
head,5501,0.9821982830762863,0.014708627741783857,0.18900182470679283,0.9112219512462616,0.8660408705472946,0.01796828255057335,0.894744023680687,0.004507407022174448,0.0032596547971479595,0.0040445346385240555,0.9989510285854339,784.119289925995,5600,100,0.014708627741783857
head,5601,0.9821252524852753,0.014824891975149513,0.1893789991736412,0.9108437299728394,0.8657754212617874,0.019028853997588156,0.8938906639814377,0.004433140100445598,0.004203961938037537,0.00487601978238672,0.9986482924222946,798.2766698149981,5700,100,0.014824891975149513
head,5701,0.9827954024076462,0.014322886187583208,0.18580332398414612,0.9103734046220779,0.8651397079229355,0.017749368008226157,0.8938173353672028,0.003954253334086388,0.0034264817961957308,0.0035981619148515165,0.9988696485757828,812.4458094500005,5800,100,0.014322886187583208
head,5801,0.983400970697403,0.01395277644507587,0.18255279585719109,0.9099150002002716,0.8646202981472015,0.01737600184045732,0.8946195244789124,0.0035624610900413245,0.003423225468432065,0.0031926946830935776,0.9988940626382827,826.628892134002,5900,100,0.01395277644507587
head,5901,0.9837886244058609,0.013514062939211726,0.18048853054642677,0.9094367921352386,0.8636972010135651,0.016720070382580162,0.8944308012723923,0.002386923908488825,0.0032060074940091,0.0029498362564481795,0.9989933449029923,840.7245630890002,6000,100,0.013514062939211726
head,6001,0.9842365682125092,0.013028155472129583,0.17797654122114182,0.9088459461927414,0.8625221103429794,0.016750693321228027,0.8938586562871933,0.003078986599575728,0.0037225378258153798,0.002874075493309647,0.9988183778524399,854.5908109049951,6100,100,0.013028155472129583
head,6101,0.9854583740234375,0.012223612954840065,0.1710761822760105,0.9083611965179443,0.8615092635154724,0.01520562089048326,0.8944644629955292,0.0028150697180535644,0.002982007937389426,0.003228481800761074,0.9990014839172363,868.4474273910018,6200,100,0.012223612954840065
head,6201,0.9864546805620193,0.011349827041849494,0.16514061763882637,0.907885953783989,0.8607593327760696,0.014419815940782428,0.8947751373052597,0.002689151675440371,0.003069988879724406,0.0023975092044565827,0.9990055531263351,882.4244061140034,6300,100,0.011349827041849494
head,6301,0.9872635751962662,0.010620562070980668,0.16025736555457115,0.9073435664176941,0.8587667346000671,0.014285310739651322,0.8955913931131363,0.004325327783590183,0.0036647486774018033,0.0038572581252083182,0.9988403534889221,896.3597527320071,6400,100,0.010620562070980668
head,6401,0.9886050075292587,0.009652930423617362,0.15168453752994537,0.9070334136486053,0.8577216267585754,0.012566266134381294,0.8962107300758362,0.0026295646093785763,0.0029133357061073184,0.002569326141383499,0.9990633314847946,910.4004825140037,6500,100,0.009652930423617362
head,6501,0.9893658757209778,0.008914149729534984,0.1465800292789936,0.9067470729351044,0.8559106588363647,0.01213096153922379,0.8971542716026306,0.0025150603032670915,0.0032168117677792906,0.002931457886006683,0.9989681196212769,924.5069548290076,6600,100,0.008914149729534984
head,6601,0.9900489151477814,0.008200204027816653,0.14180820807814598,0.9065495580434799,0.8547688871622086,0.011207943940535188,0.8978264927864075,0.0022143943642731756,0.0030077399290166797,0.0028039021708536893,0.9990389204025268,938.4600793150066,6700,100,0.008200204027816653
head,6701,0.990995779633522,0.007537473537959158,0.13497427478432655,0.9064331650733948,0.8539362847805023,0.010383537556044757,0.8984527438879013,0.0020860956865362823,0.0028460640061530283,0.0024691936559975147,0.9990877467393875,952.2581699580069,6800,100,0.007537473537959158
head,6801,0.9915404766798019,0.007084336946718395,0.13095521554350853,0.9063864648342133,0.8529370278120041,0.010262530301697553,0.8990626633167267,0.0024033348745433614,0.0031781934344326146,0.002811580809066072,0.9989770704507828,966.0701170130078,6900,100,0.007084336946718395
head,6901,0.9921747446060181,0.006683033513836562,0.12597581185400486,0.9063704907894135,0.8520198911428452,0.009296498717740178,0.8995320498943329,0.001748323964420706,0.002613465201866347,0.0023335351143032312,0.9991422742605209,979.920949275006,7000,100,0.006683033513836562
head,7001,0.9924212843179703,0.006367176757194102,0.1239610705524683,0.9063676297664642,0.8509996980428696,0.00935383295174688,0.8994717299938202,0.0021347771980799735,0.002986656207649503,0.002657743578311056,0.9989949756860733,993.7799375930081,7100,100,0.006367176757194102
head,7101,0.9926463961601257,0.006185060753487051,0.12216484919190407,0.9064235240221024,0.8508971184492111,0.00922008911613375,0.9002307206392288,0.0018872118671424687,0.003035028358863201,0.00258342910092324,0.9990031117200852,1007.7376419340044,7200,100,0.006185060753487051
head,7201,0.9926628917455673,0.005915195429697633,0.12189766764640808,0.906426727771759,0.8499795943498611,0.009137732395902275,0.9002958089113235,0.003889902727678418,0.003222536995308474,0.0038102224934846163,0.998968118429184,1021.6991909100052,7300,100,0.005915195429697633
head,7301,0.9931683391332626,0.005755062368698418,0.11766600422561169,0.9064130485057831,0.848943755030632,0.008779150061309337,0.9004102051258087,0.0021555195417022333,0.0030240877048345284,0.0027478268020786345,0.998994157910347,1035.6998310890085,7400,100,0.005755062368698418
head,7401,0.9933192729949951,0.00547915299423039,0.11639146506786346,0.9064360707998276,0.8486475199460983,0.008409897140227258,0.9006738811731339,0.0012389308685669675,0.0029307441425044088,0.0017290076648350805,0.9990706610679626,1049.9923440610091,7500,100,0.00547915299423039
head,7501,0.9936576783657074,0.005218476029112935,0.11346869729459286,0.9064509868621826,0.8479278087615967,0.007732429928146303,0.9010784327983856,0.0017668503569439054,0.002513953916495666,0.0023736990988254547,0.9992098182439804,1064.243716595006,7600,100,0.005218476029112935
head,7601,0.994065448641777,0.005027832249179482,0.10975680872797966,0.9065281003713608,0.8478401452302933,0.007568900459446013,0.9017442315816879,0.0010685126326279715,0.002541068215796258,0.0014596744440495968,0.9991862171888352,1078.4294249950053,7700,100,0.005027832249179482
head,7701,0.994096577167511,0.005034560314379632,0.10953640379011631,0.906605914235115,0.8472581952810287,0.00784241299610585,0.9011038541793823,0.0016395154088968411,0.002807852695696056,0.002059642705717124,0.9990967005491257,1092.536653611005,7800,100,0.005034560314379632
head,7801,0.9942236840724945,0.004874508744105697,0.10827919282019138,0.9066315442323685,0.8464895039796829,0.007413279097527266,0.902020737528801,0.0017249614611500874,0.0025387703246087766,0.002757781825494021,0.9991691261529922,1106.588517634008,7900,100,0.004874508744105697
head,7901,0.9944376945495605,0.004583959835581481,0.10623745620250702,0.9066692441701889,0.8466478139162064,0.0067557926569134,0.9019374698400497,0.0007718164997640997,0.0021718327992130072,0.0012842130090575665,0.9993180513381958,1120.6095534920087,8000,100,0.004583959835581481
head,8001,0.9945219606161118,0.004571480676531792,0.10541806742548943,0.9067446291446686,0.8461484909057617,0.007065858733840287,0.9020481258630753,0.0012258790884516202,0.002494378084957134,0.002013732708292082,0.9991902875900268,1134.6678769850123,8100,100,0.004571480676531792
head,8101,0.9944728463888168,0.004414843046106398,0.1059611476957798,0.9067953079938889,0.8461184203624725,0.006772301839664579,0.903240367770195,0.002805586133035831,0.0023574587996699845,0.0037430559168569744,0.9992350453138351,1148.7219094160055,8200,100,0.004414843046106398
head,8201,0.9945227205753326,0.004474528131540864,0.10551977157592773,0.9069068431854248,0.8459494411945343,0.0070205575693398714,0.9031422883272171,0.00242303209961392,0.0025460294511867685,0.00290932523785159,0.9991325062513351,1162.7297635190034,8300,100,0.004474528131540864
head,8301,0.9949454814195633,0.004232102883979678,0.10129326023161411,0.9069446623325348,0.8454275131225586,0.0064284152211621405,0.9029950499534607,0.001652752180234529,0.0021963123386376537,0.0019355969852767885,0.9992838734388352,1177.0512328799996,8400,100,0.004232102883979678
head,8401,0.9950124472379684,0.004289909801445902,0.10061590932309628,0.9069325178861618,0.8444770127534866,0.006824864060617984,0.9024752676486969,0.001260699900740292,0.002534954248985741,0.0018379784742137417,0.9991959834098816,1191.5375403709977,8500,100,0.004289909801445902
head,8501,0.9948788732290268,0.0041639965260401365,0.10198941081762314,0.9069619029760361,0.8439656645059586,0.006826632809825242,0.9026707112789154,0.0012873680389020592,0.002662636285822373,0.0025746580213308334,0.9991561055183411,1206.1748954409986,8600,100,0.0041639965260401365
head,8601,0.9953339099884033,0.004103070420678705,0.09736397303640842,0.9069891422986984,0.843402773141861,0.006477255458012223,0.9029333293437958,0.0016034590953495353,0.0023741850537771824,0.002288586285430938,0.999230164885521,1220.8108486829988,8700,100,0.004103070420678705
head,8701,0.9952709525823593,0.003941005349624902,0.09798797219991684,0.9070377796888351,0.8428657501935959,0.006435365960933268,0.9029577523469925,0.0022037107846699655,0.0024943606238230134,0.0018484921602066606,0.999175637960434,1235.3076631709964,8800,100,0.003941005349624902
head,8801,0.9953492730855942,0.0039294337085448204,0.09727483801543713,0.9070863276720047,0.8429814875125885,0.006354555045254529,0.903447613120079,0.0012105351997888647,0.0024251213361276315,0.002416666131466627,0.9992244678735733,1249.6548292080015,8900,100,0.0039294337085448204
head,8901,0.9954969584941864,0.0038020537933334706,0.09570743329823017,0.90714131295681,0.8425911217927933,0.006176865417510271,0.9032937586307526,0.001973036261915695,0.00237481160875177,0.0019533273007255048,0.9992570203542709,1263.8004053810046,9000,100,0.0038020537933334706
head,9001,0.9954866468906403,0.003650540350936353,0.0957004763185978,0.9071996062994003,0.8423393964767456,0.005873554698191583,0.903747171163559,0.0014730214243172668,0.0022230143536580726,0.002263014030177146,0.9992692273855209,1277.8656004230152,9100,100,0.003650540350936353
head,9101,0.9957415163516998,0.003640422224998474,0.09296425245702267,0.9072587341070175,0.8420049548149109,0.005847628004848957,0.904072180390358,0.0013185904826968908,0.002207205781887751,0.001922118419315666,0.9992871290445328,1291.8964475629991,9200,100,0.003640422224998474
head,9201,0.9959001392126083,0.0035627505625598133,0.0914096999913454,0.9073562473058701,0.8422873169183731,0.0055169173725880686,0.9040351063013077,0.0011123953881906345,0.001954166806244757,0.0015654454909963533,0.999357927441597,1305.927162369996,9300,100,0.0035627505625598133
head,9301,0.9955694228410721,0.0036238406714983284,0.09477810002863407,0.9074431657791138,0.8424715846776962,0.006055523806717247,0.9042222946882248,0.0018821513367583975,0.00243168311950285,0.00293097595567815,0.9992090052366257,1319.9664356379917,9400,100,0.0036238406714983284
head,9401,0.9955578297376633,0.003531845051329583,0.09494014084339142,0.9075147062540054,0.8422971814870834,0.00583832539152354,0.904352679848671,0.002083247876726091,0.002306480304978322,0.0029151256021577865,0.9992293500900269,1333.9534767469859,9500,100,0.003531845051329583
head,9501,0.9958464801311493,0.0033981708833016456,0.09184950962662697,0.9075576066970825,0.842026948928833,0.005613278783857823,0.9045176059007645,0.001252539863344282,0.002215107880474534,0.002145029284292832,0.9992570173740387,1347.9559563979938,9600,100,0.0033981708833016456
head,9601,0.995902344584465,0.0033579082041978836,0.09122215770184994,0.9076288938522339,0.8422681987285614,0.005484314458444714,0.9044421166181564,0.0014325777301564813,0.0021264062492991798,0.0020466948626562953,0.9992651587724686,1362.0269313679937,9700,100,0.0033579082041978836
head,9701,0.9961095899343491,0.0032534700422547757,0.08898513205349445,0.9077146202325821,0.8417362868785858,0.005378184248693288,0.9047069251537323,0.0014365567694767378,0.002124714203964686,0.0021568823576672003,0.9993123573064804,1376.0421157070023,9800,100,0.0032534700422547757
head,9801,0.9961695820093155,0.0032346168905496597,0.08827879652380943,0.9077453166246414,0.8414434045553207,0.005348820053040981,0.9045719653367996,0.001548128406284377,0.002114203170349356,0.002085448162688408,0.9992887580394745,1390.1124093870012,9900,100,0.0032346168905496597
head,9901,0.9960891455411911,0.003280948211904615,0.08921292796730995,0.9078435152769089,0.8411806523799896,0.005459381544496864,0.9049175977706909,0.0010559746151557192,0.002178433366061654,0.001721610751701519,0.9992944520711898,1404.1253420690055,10000,100,0.003280948211904615
baseline,1,0.9871561825275421,0.03353730537928641,0.16253703832626343,0.999269649386406,0.17628031224012375,3.8258150744438173,1.0098554193973541,4.36702299118042,3.7922777795791625,0.27049996331334114,0.09783691650256515,16.739366961999735,100,100,0.03353730537928641
baseline,101,0.9495663493871689,0.037470830287784335,0.2937450595200062,0.9989559948444366,0.3628046475350857,3.6308930993080137,0.995821014046669,4.358875513076782,3.593422269821167,0.4194849245250225,0.13906250447034835,31.689396141999623,200,100,0.037470830287784335
baseline,201,0.9430070072412491,0.04562772773206234,0.30838507413864136,0.9986360371112823,0.4605124369263649,3.458852081298828,0.9765480011701584,4.241245269775391,3.4132243490219114,0.500079520046711,0.18279053270816803,46.58989176199964,300,100,0.04562772773206234
baseline,301,0.9487460851669312,0.03736885454505682,0.28536907583475113,0.9982439130544662,0.4827941879630089,3.443724615573883,0.972304105758667,4.165030598640442,3.4063557624816894,0.43639904260635376,0.1834285531938076,61.724619285999324,400,100,0.03736885454505682
baseline,401,0.947453573346138,0.035927689373493193,0.2830207645893097,0.9979355931282043,0.5187259465456009,3.440846815109253,0.9643399119377136,4.13137948513031,3.4049191308021545,0.40977516025304794,0.18347575321793555,76.61302139099814,500,100,0.035927689373493193
baseline,501,0.94500333070755,0.03634076558053494,0.2851411923766136,0.9977095723152161,0.5317758619785309,3.439532284736633,0.964772030711174,4.119953393936157,3.4031915187835695,0.3972867727279663,0.18381103992462158,91.64433191899764,600,100,0.03634076558053494
baseline,601,0.9283871501684189,0.04260992377996445,0.32176800072193146,0.9975994378328323,0.5672148615121841,3.417393786907196,0.9542601108551025,4.125069260597229,3.3747838640213015,0.43742962181568146,0.18741455554962158,106.4799953709977,700,100,0.04260992377996445
baseline,701,0.592978723347187,0.19161146257072686,0.7075885608792305,0.998042955994606,0.8239191770553589,2.762506102323532,0.6920017898082733,4.1633607149124146,2.5708946418762206,1.4834708869457245,0.3068359461426735,121.4702005849989,800,100,0.19161146257072686
baseline,801,0.13408082723617554,0.42627849310636523,1.0063699781894684,1.0014652162790298,0.9893780201673508,0.9778224337100982,0.31838684529066086,4.1919025182724,0.5515439373254776,3.4287334084510803,0.8248340028524399,136.2873267470003,900,100,0.42627849310636523
baseline,901,0.15870585665106773,0.42375185668468474,0.9936346560716629,1.0056120455265045,0.9911644905805588,0.5440122574567795,0.2905481532216072,4.076456308364868,0.12026040274649859,3.8896247148513794,0.9632267451286316,151.17217862900054,1000,100,0.42375185668468474
baseline,1001,0.2071860246360302,0.4150659871101379,0.97780542075634,1.0077238976955414,0.991347149014473,0.475288388133049,0.2744610831141472,3.9328418374061584,0.06022239994257689,3.8351545333862305,0.9810221552848816,166.31145832300115,1100,100,0.4150659871101379
baseline,1101,0.2770768031477928,0.4026832923293114,0.9578799605369568,1.0071504414081573,0.9894914776086807,0.43999481230974197,0.2785700783133507,3.708436071872711,0.037311519179493186,3.64851051568985,0.988463562130928,181.45484642600206,1200,100,0.4026832923293114
baseline,1201,0.3707427307963371,0.3822222605347633,0.9283500611782074,1.0037225186824799,0.9844215363264084,0.40837586879730225,0.3019558936357498,3.395468771457672,0.02615360773168504,3.350309729576111,0.9919995337724685,196.3548994840022,1300,100,0.3822222605347633
baseline,1301,0.45390671491622925,0.35594561755657195,0.8942547142505646,0.9980945885181427,0.9768678098917007,0.3771988555788994,0.3570401817560196,3.044802486896515,0.021253237538039683,3.0038591623306274,0.993611673116684,211.0900435010011,1400,100,0.35594561755657195
baseline,1401,0.5187762975692749,0.32922129303216935,0.8605758249759674,0.9916147738695145,0.9699775725603104,0.3462300983071327,0.40929827839136124,2.6673008799552917,0.017008804683573544,2.6370832324028015,0.9949227076768875,225.86848783100288,1500,100,0.32922129303216935
baseline,1501,0.5673586130142212,0.3060924908518791,0.8295988291501999,0.9851249158382416,0.9631277024745941,0.3228791818022728,0.4500444158911705,2.335736095905304,0.016786691569723188,2.3030450344085693,0.9949275928735734,240.84262724200278,1600,100,0.3060924908518791
baseline,1601,0.6214832216501236,0.28066315114498136,0.7925884574651718,0.9784334897994995,0.9545321464538574,0.29585942298173906,0.47728604823350906,2.077516049146652,0.015196272623725235,2.0496865808963776,0.9954565632343292,256.1132486530031,1700,100,0.28066315114498136
baseline,1701,0.6985689401626587,0.24193527564406395,0.7307314425706863,0.9712786376476288,0.9454451650381088,0.25376390159130097,0.5334271490573883,1.808137834072113,0.011828625602647662,1.784836083650589,0.9966813349723815,271.14140460300393,1800,100,0.24193527564406395
baseline,1801,0.7659836858510971,0.19914543256163597,0.6587092131376266,0.9646512269973755,0.9385737478733063,0.21064331114292145,0.614636093378067,1.494132399559021,0.011497878334484995,1.4710361957550049,0.9967057490348816,285.9917634680029,1900,100,0.19914543256163597
baseline,1901,0.8157517910003662,0.15968949645757674,0.5900942981243134,0.9583051949739456,0.9302810579538345,0.17052101597189903,0.6978687644004822,1.2145643532276154,0.010831519644707441,1.1954782903194427,0.9968847852945327,301.08273808000365,2000,100,0.15968949645757674
baseline,2001,0.8418179005384445,0.13583485871553422,0.5454455316066742,0.9533862173557281,0.9229048639535904,0.14681671187281609,0.7602895349264145,0.9956256300210953,0.010981852165423333,0.9773195683956146,0.9966365742683411,315.95181792000324,2100,100,0.13583485871553422
baseline,2101,0.8462487608194351,0.1273733325302601,0.5348478257656097,0.950555607676506,0.9169186055660248,0.13744551435112953,0.7905373275279999,0.8781848847866058,0.01007218262180686,0.8652639836072922,0.996978372335434,330.97899865200077,2200,100,0.1273733325302601
baseline,2201,0.8397602587938309,0.13086552649736405,0.543809249997139,0.9488408118486404,0.9118588715791702,0.14060260698199273,0.7901609838008881,0.8122398108243942,0.009737081166822464,0.7988949865102768,0.9970060437917709,345.9052488220003,2300,100,0.13086552649736405
baseline,2301,0.8353575766086578,0.13438830271363258,0.5503359287977219,0.9473053961992264,0.9102810025215149,0.14373622894287108,0.7803466022014618,0.7476518303155899,0.009347926452755928,0.7366533726453781,0.997085794210434,360.8983333469988,2400,100,0.13438830271363258
baseline,2401,0.8324275761842728,0.1346966055035591,0.5549401193857193,0.9450431913137436,0.9070986211299896,0.14373363316059112,0.7691164463758469,0.6817423552274704,0.009037027452141046,0.6677965968847275,0.9971655482053756,375.73114584699977,2500,100,0.1346966055035591
baseline,2501,0.8395590633153915,0.13073281958699226,0.5443117022514343,0.9422038495540619,0.9033347368240356,0.13947191819548607,0.7672023624181747,0.5566829890012741,0.008739099139347672,0.5481174513697624,0.9972941309213639,390.7129926199997,2600,100,0.13073281958699226
baseline,2601,0.8543769866228104,0.11929716281592846,0.5210936069488525,0.9386248737573624,0.8982774615287781,0.12660019733011724,0.7784348875284195,0.4428204447031021,0.007303034400101751,0.4344070851802826,0.9977400922775268,405.59264032199906,2700,100,0.11929716281592846
baseline,2701,0.8703614473342896,0.10672426320612431,0.49369168281555176,0.9355313330888748,0.8941287994384766,0.11446717642247677,0.7991897612810135,0.36857305467128754,0.00774291300913319,0.3591153770685196,0.9975423383712768,420.66045614200027,2800,100,0.10672426320612431
baseline,2801,0.8791627734899521,0.09867379993200302,0.47763510048389435,0.9332103878259659,0.8914906084537506,0.10629452668130397,0.8106483370065689,0.3049672916531563,0.007620726709719747,0.2977032735943794,0.9975634968280792,435.6820536620004,2900,100,0.09867379993200302
baseline,2901,0.885442852973938,0.09459273494780064,0.4662434831261635,0.9312237650156021,0.8896156847476959,0.10219907537102699,0.8113404363393784,0.24752730131149292,0.007606340212514624,0.24087249860167503,0.9975911647081375,450.72242575700113,3000,100,0.09459273494780064
baseline,3001,0.8928914964199066,0.088878658041358,0.45215940475463867,0.9288874864578247,0.8882862031459808,0.09554680474102498,0.8141417652368546,0.17649435624480247,0.006668146908050403,0.17093465104699135,0.9978410035371781,465.8169646829998,3100,100,0.088878658041358
baseline,3101,0.8954869359731674,0.08541894108057022,0.4467930272221565,0.9265836924314499,0.885966882109642,0.09223013773560523,0.8167537599802017,0.13270777091383934,0.006811196678318083,0.12737761810421944,0.9977734583616257,480.8088226199985,3200,100,0.08541894108057022
baseline,3201,0.8965536057949066,0.08428534716367722,0.4444964751601219,0.9243101477622986,0.8838373422622681,0.08998981669545174,0.8145673424005508,0.10898751951754093,0.005704469543416053,0.10434999689459801,0.9982812714576721,495.7665859439984,3300,100,0.08428534716367722
baseline,3301,0.9011614620685577,0.08118506491184235,0.435006819665432,0.9218697249889374,0.8820516914129257,0.08733680494129657,0.8138532042503357,0.09822752512991428,0.006151740086497739,0.09410828910768032,0.998084329366684,510.8223493119982,3400,100,0.08118506491184235
baseline,3401,0.9119563698768616,0.07286484979093075,0.4122510850429535,0.9190072268247604,0.8800833523273468,0.07841274224221706,0.8175351023674011,0.07861925102770329,0.005547892284812406,0.07515228912234306,0.9982682520151138,525.8452093259983,3500,100,0.07286484979093075
baseline,3501,0.9302097856998444,0.059472429268062114,0.3692817986011505,0.9157446473836899,0.8768512606620789,0.06485559482127429,0.8334362655878067,0.05086247529834509,0.005383165569510311,0.048167903907597065,0.9983724170923233,540.6470280089965,3600,100,0.059472429268062114
baseline,3601,0.9470449984073639,0.04509972032159567,0.323548786342144,0.9129354953765869,0.8731247037649155,0.05090483348816633,0.8547743409872055,0.04084005020558834,0.0058051132562104615,0.035696566104888916,0.9981974494457245,555.564903033997,3700,100,0.04509972032159567
baseline,3701,0.9576950669288635,0.03572455465793609,0.2902017906308174,0.9114646464586258,0.8716730326414108,0.04087001267820597,0.867370992898941,0.026070380583405495,0.00514545796206221,0.022608274593949318,0.9984017115831375,570.3770874149976,3800,100,0.03572455465793609
baseline,3801,0.9645103961229324,0.029897022042423487,0.26649635285139084,0.9106693416833878,0.8704803138971329,0.035073545202612876,0.8751264959573746,0.017621317179873586,0.0051765232463367285,0.014324852731078863,0.9984285664558411,585.3618682259988,3900,100,0.029897022042423487
baseline,3901,0.9683524817228317,0.026540359128266574,0.25175436958670616,0.9101674556732178,0.8698925822973251,0.031366801168769595,0.8795164525508881,0.012550343992188573,0.004826442120829597,0.011003786465153098,0.9984741401672363,600.2492236699992,4000,100,0.026540359128266574
baseline,4001,0.9711799770593643,0.02422864057123661,0.2403685823082924,0.9098535776138306,0.870036169886589,0.028721451833844183,0.8822939991950989,0.010863230796530843,0.0044928112870547925,0.00932937185280025,0.9985978406667709,615.228755622,4100,100,0.02422864057123661
baseline,4101,0.9730550348758698,0.022645957712084056,0.23243262618780136,0.9096151292324066,0.8693435937166214,0.027434088587760926,0.8851894289255142,0.008797856979072094,0.004788130922242999,0.007743874914012849,0.9985091358423233,630.1275325359992,4200,100,0.022645957712084056
baseline,4201,0.9738952815532684,0.021564612090587618,0.22874163836240768,0.9094534814357758,0.8691214025020599,0.02676880605518818,0.8858772665262222,0.010052764671854675,0.005204194068210199,0.009010014706291258,0.9983187055587769,645.0758234929993,4300,100,0.021564612090587618
baseline,4301,0.9750346392393112,0.020760688576847316,0.22377172112464905,0.9093178808689117,0.8684457391500473,0.025935299005359413,0.886814296245575,0.007471914286725223,0.0051746103254845365,0.006556578795425594,0.9983716040849686,659.9043969060009,4400,100,0.020760688576847316
baseline,4401,0.9760729521512985,0.019916684739291667,0.21905655413866043,0.9092016220092773,0.8682807832956314,0.024061186984181405,0.8874340802431107,0.007271415088325739,0.004144502163399011,0.006125538900960237,0.9986718946695328,674.6067892000002,4500,100,0.019916684739291667
baseline,4501,0.9765360504388809,0.01958518799394369,0.2168652005493641,0.9090714603662491,0.8676785975694656,0.02433470506221056,0.8879180699586868,0.007472848170436919,0.004749517150921747,0.006422147620469332,0.9984912294149398,689.6630756789995,4600,100,0.01958518799394369
baseline,4601,0.9766569882631302,0.019122357200831174,0.21622534841299057,0.9089401364326477,0.8678397089242935,0.023414040952920913,0.8881241977214813,0.007876081159338355,0.004291683742776513,0.006898678955622017,0.9986189955472946,704.536817285,4700,100,0.019122357200831174
baseline,4701,0.977423831820488,0.018804168794304132,0.21259699389338493,0.9087541550397873,0.8670095652341843,0.022808633018285035,0.8880072385072708,0.005221435916610062,0.004004464285098947,0.00489306915551424,0.9987272322177887,719.5107532039998,4800,100,0.018804168794304132
baseline,4801,0.9774918705224991,0.018601581212133168,0.21225513890385628,0.9085148721933365,0.8659065216779709,0.023025207370519638,0.8880321383476257,0.006822897703386843,0.004423626090865582,0.006929835653863847,0.9985766816139221,734.5857132469981,4900,100,0.018601581212133168
baseline,4901,0.9782278388738632,0.01809818862006068,0.20878978818655014,0.9081689715385437,0.8654797971248627,0.022396815214306115,0.8882049024105072,0.006295404164120555,0.004298626502859406,0.004866370698437095,0.9986010932922363,749.7342532719975,5000,100,0.01809818862006068
baseline,5001,0.978508859872818,0.01786318637430668,0.2074369713664055,0.9078577607870102,0.8648749440908432,0.021824411191046236,0.8876352906227112,0.005030404776334763,0.003961224799859338,0.0039791526505723596,0.9987426954507828,764.6158818249972,5100,100,0.01786318637430668
baseline,5101,0.978547140955925,0.017735005859285592,0.20724022760987282,0.9075035452842712,0.8650567829608917,0.02172518990933895,0.8873729556798935,0.004686904896516353,0.003990184111753479,0.004366522538475692,0.9987150287628174,779.5395785679981,5200,100,0.017735005859285592
baseline,5201,0.9787714928388596,0.01748385464772582,0.20612840354442596,0.907068595290184,0.8640780597925186,0.02114494990557432,0.8869079053401947,0.005467972543556243,0.0036610953020863235,0.00500194588676095,0.9987915235757828,794.3593857469965,5300,100,0.01748385464772582
baseline,5301,0.9791859090328217,0.01699706297367811,0.2041921354830265,0.906511977314949,0.8632925003767014,0.02025395095348358,0.8866003155708313,0.004162142227869481,0.0032568879291648045,0.004016364866402,0.9989355665445327,809.7165061909974,5400,100,0.01699706297367811
baseline,5401,0.9797376990318298,0.01654835281893611,0.20154810324311256,0.9059187769889832,0.8622100055217743,0.02068465741351247,0.8865738362073898,0.005251652677543461,0.004136304577696137,0.005210573901422322,0.9986133027076721,825.0974439219962,5500,100,0.01654835281893611
baseline,5501,0.981379508972168,0.015405862480401994,0.1933177374303341,0.9053315818309784,0.8612329512834549,0.018653674265369773,0.8873977810144424,0.0026525697321631014,0.0032478118417202497,0.0030801680986769497,0.9989559125900268,840.1225706319962,5600,100,0.015405862480401994
baseline,5601,0.9824212193489075,0.014612439554184675,0.1879650466144085,0.9047601372003555,0.8598805814981461,0.018506037527695297,0.8873062133789062,0.003487486159428954,0.0038935980037786066,0.00398837449029088,0.9986954951286315,855.1664541819972,5700,100,0.014612439554184675
baseline,5701,0.9837462157011032,0.013518547685816885,0.18077107891440392,0.9042049795389175,0.8590430617332458,0.01694689080119133,0.8882024586200714,0.0038699109572917223,0.003428343150881119,0.004575669241603464,0.998846048116684,870.1137236059973,5800,100,0.013518547685816885
baseline,5801,0.9850526005029678,0.012489240001887083,0.17350343987345695,0.9036464542150497,0.8573780953884125,0.01592815574258566,0.8891048580408096,0.002898908918723464,0.0034389157552504913,0.0031179998768493533,0.9989111560583115,885.2777144639978,5900,100,0.012489240001887083
baseline,5901,0.9861945360898972,0.01140994087792933,0.16688024252653122,0.9031688719987869,0.8556245714426041,0.015129099218174815,0.88960400223732,0.0036883401917293668,0.0037191583483945577,0.004048387054353952,0.9987703669071197,900.2404026559988,6000,100,0.01140994087792933
baseline,6001,0.9875982254743576,0.010475204735994339,0.15829380974173546,0.9027606099843979,0.8542868345975876,0.01388047863729298,0.8900165408849716,0.0034630219743121415,0.00340527388791088,0.0036152753746137023,0.9988891804218292,915.3601890929975,6100,100,0.010475204735994339
baseline,6101,0.9886262863874435,0.009567119395360351,0.1516868658363819,0.9024465978145599,0.8530740588903427,0.012673850674182176,0.8917048126459122,0.0018091714882757515,0.0031067313009407373,0.0022260132536757737,0.999004738330841,930.4244831379971,6200,100,0.009567119395360351
baseline,6201,0.9893723726272583,0.009007794205099345,0.14661762490868568,0.9022467583417892,0.8522654175758362,0.012219096086919307,0.8923128694295883,0.002238816930912435,0.0032113018512609417,0.002895462472224608,0.9989494037628174,945.6448824509968,6300,100,0.009007794205099345
baseline,6301,0.98965784907341,0.008482462484389544,0.1445741392672062,0.9020638465881348,0.8506050407886505,0.011609278731048106,0.8926068693399429,0.002516156295314431,0.0031268162466585635,0.0030937107803765684,0.9989664906263351,960.6297477419968,6400,100,0.008482462484389544
baseline,6401,0.9902194738388062,0.008087050807662309,0.1406918540596962,0.9019957631826401,0.8502484411001205,0.01106596913188696,0.892725944519043,0.0014014194312039763,0.0029789183096727355,0.0018726304988376796,0.9990250831842422,975.8358828439963,6500,100,0.008087050807662309
baseline,6501,0.9906974285840988,0.007694963593967259,0.13723979145288467,0.901882529258728,0.8486596941947937,0.011158042810857296,0.8936336785554886,0.003025475307367742,0.0034630792116513475,0.004296454251743853,0.9988411676883697,990.960173186996,6600,100,0.007694963593967259
baseline,6601,0.9913716912269592,0.007195488405413925,0.13224739581346512,0.901836708188057,0.8483853787183762,0.010034852311946452,0.8938781023025513,0.0021942142338957638,0.0028393638695706613,0.0026852959708776325,0.9990698438882828,1006.046851932998,6700,100,0.007195488405413925
baseline,6701,0.9916035532951355,0.006952701923437416,0.13037282973527908,0.9018620401620865,0.8475696742534637,0.009951375364325941,0.8942656219005585,0.001565912360092625,0.002998673458932899,0.0022274885268416256,0.9990446144342422,1021.089559431998,6800,100,0.006952701923437416
baseline,6801,0.9918302893638611,0.006687535331584513,0.12880408391356468,0.9018293619155884,0.8468377143144608,0.009608226609416307,0.8954610079526901,0.001550077140564099,0.002920691237668507,0.0020667151256930083,0.9990665912628174,1036.1170311499986,6900,100,0.006687535331584513
baseline,6901,0.9922932386398315,0.006408351310528815,0.1250894870609045,0.9017804861068726,0.8457879573106766,0.009449752536602319,0.8951556831598282,0.002258901746245101,0.003041401252266951,0.002765315235592425,0.9990259003639221,1051.115787342999,7000,100,0.006408351310528815
baseline,7001,0.9926749169826508,0.006174472356215119,0.12192021310329437,0.9017602950334549,0.8447346836328506,0.008732201703824103,0.8956564217805862,0.002574567450210452,0.00255772934819106,0.0023724603233858943,0.9991447132825851,1066.2322876169994,7100,100,0.006174472356215119
baseline,7101,0.992927297949791,0.006036263317801058,0.11976763047277927,0.9017709940671921,0.8434473872184753,0.0087529564416036,0.8951987326145172,0.00239715316274669,0.0027166931383544577,0.0028382820601109415,0.9991097187995911,1081.6161197329986,7200,100,0.006036263317801058
baseline,7201,0.9926414787769318,0.005940470844507217,0.12216431088745594,0.9017587006092072,0.8424818366765976,0.009079413190484047,0.895251452922821,0.00200086273252964,0.0031389423308428375,0.002977381955133751,0.9989933466911316,1096.8031085210007,7300,100,0.005940470844507217
baseline,7301,0.993136927485466,0.005522047793492675,0.11801628582179546,0.9017602801322937,0.8415456265211105,0.00823502707760781,0.8962961435317993,0.0028275175718590617,0.0027129792618507055,0.0030737388879060745,0.9991382020711899,1111.9778358050032,7400,100,0.005522047793492675
baseline,7401,0.9933815002441406,0.005362352295778691,0.11591898836195469,0.9017919152975082,0.840480849146843,0.00796144949272275,0.8963274657726288,0.0025018150045070797,0.0025990971751161853,0.003103860712144524,0.9991455245018005,1127.2499728220012,7500,100,0.005362352295778691
baseline,7501,0.9936942011117935,0.0052750468533486125,0.11314264126121998,0.9018574208021164,0.8405337482690811,0.007697580680251122,0.896878570318222,0.0018750055096461438,0.0024225338266114704,0.0025606078561395407,0.9992350465059281,1142.528688723001,7600,100,0.0052750468533486125
baseline,7601,0.9937645047903061,0.00520155911333859,0.11253826878964901,0.9019223749637604,0.8401597291231155,0.00795725868549198,0.8966212570667267,0.0014259965100791305,0.002755699559056666,0.0021360708051361144,0.9990910041332245,1157.991417599001,7700,100,0.00520155911333859
baseline,7701,0.9938328564167023,0.004932998651638627,0.11189457960426807,0.9019839614629745,0.8398185223340988,0.007305551916360855,0.8971445858478546,0.001966119249118492,0.0023725532174285035,0.0027858949033543468,0.9992317879199981,1173.2975457660048,7800,100,0.004932998651638627
baseline,7801,0.9940601140260696,0.00495238030795008,0.10980734042823315,0.9019904136657715,0.8384175002574921,0.007494134288281202,0.8968448340892792,0.0014772268186789006,0.002541753981204238,0.0022964132367633283,0.999172385931015,1188.579296944007,7900,100,0.00495238030795008
baseline,7901,0.9940528273582458,0.004869135804474354,0.10994311794638634,0.9020242094993591,0.8379190415143967,0.00748974995687604,0.8971550911664963,0.002109552107867785,0.002620614163170103,0.0024480549327563494,0.9991658753156663,1203.8577039580066,8000,100,0.004869135804474354
baseline,8001,0.9944198876619339,0.0046583441644907,0.10658827051520348,0.9020787328481674,0.8379646986722946,0.007109778132289648,0.8971012830734253,0.0010044587979791686,0.002451433987298515,0.0019511046120896935,0.9991731959581375,1219.0570117310056,8100,100,0.0046583441644907
baseline,8101,0.9942958652973175,0.004598293295130134,0.1077431458979845,0.9021290242671967,0.8372652977705002,0.006915476401336491,0.8975908160209656,0.0019358326971996576,0.002317183075356297,0.002883266133721918,0.9992366760969162,1234.6396223940017,8200,100,0.004598293295130134
baseline,8201,0.9945627748966217,0.00447489314712584,0.10510454326868057,0.9021603316068649,0.836628794670105,0.006732935640029609,0.8976641446352005,0.000989098203717731,0.0022580424672923984,0.0014995470992289484,0.9992692267894745,1250.1235194590042,8300,100,0.00447489314712584
baseline,8301,0.9946626126766205,0.004400647038128227,0.10412769019603729,0.9022069573402405,0.8366709351539612,0.006744350702501833,0.8978198766708374,0.0016123982495628297,0.002343703674268909,0.002885767666157335,0.9992187702655793,1265.440048159008,8400,100,0.004400647038128227
baseline,8401,0.9948674440383911,0.004244824491906911,0.10220813192427158,0.902226984500885,0.835912212729454,0.006345729241147637,0.8976535201072693,0.0016062615177361295,0.0021009047841653227,0.0026165079907514155,0.9993286317586899,1280.858439832006,8500,100,0.004244824491906911
baseline,8501,0.9948599934577942,0.004283598077017814,0.10224180668592453,0.9022472649812698,0.8352443724870682,0.006819035480730235,0.8980133831501007,0.0019811674574157223,0.0025354373885784296,0.0026311691908631474,0.9991902846097946,1296.024356979007,8600,100,0.004283598077017814
baseline,8601,0.9950120002031326,0.0040550650493241846,0.10068625584244728,0.9022631496191025,0.8341645151376724,0.006388754162471742,0.8985070288181305,0.0013221285262261517,0.002333689133520238,0.001960110676009208,0.9992130732536316,1311.2911281180075,8700,100,0.0040550650493241846
baseline,8701,0.9950713217258453,0.004038953455165029,0.10004223510622978,0.902289867401123,0.8339978158473969,0.006346325678750872,0.8980896770954132,0.0015688415878685191,0.0023073721928813028,0.0023771365667926148,0.9992619013786316,1326.644009171004,8800,100,0.004038953455165029
baseline,8801,0.9951111227273941,0.003913988566491753,0.09971343353390694,0.9023429155349731,0.8337661623954773,0.005966337504796684,0.8984055519104004,0.00256118003744632,0.0020523489337938372,0.0035599436960183084,0.9993204951286316,1341.8251512270042,8900,100,0.003913988566491753
baseline,8901,0.9952044486999512,0.003955050893127918,0.09873677603900433,0.902359813451767,0.8325571566820145,0.006238943352364004,0.8984510153532028,0.0008286073716590181,0.0022838924804818818,0.001457697682781145,0.9992619007825851,1357.1423483570036,9000,100,0.003955050893127918
baseline,9001,0.9952928274869919,0.0038253898615948855,0.09773166663944721,0.9023819118738174,0.8316869735717773,0.00613716860068962,0.8982222378253937,0.001390752091538161,0.0023117787466617303,0.0023449088621418923,0.9992269068956375,1372.3305705860055,9100,100,0.0038253898615948855
baseline,9101,0.9954005777835846,0.003741961058694869,0.09671621769666672,0.9023946821689606,0.8305253386497498,0.00615848993184045,0.8987811058759689,0.002337005571462214,0.0024165288946824148,0.0028430867823772132,0.9992228400707245,1387.6754658320076,9200,100,0.003741961058694869
baseline,9201,0.9957151859998703,0.0036787477787584067,0.09342404827475548,0.9024388939142227,0.8306168615818024,0.005784512020181864,0.8989775031805038,0.0011014771152986214,0.0021057642679079436,0.001615592191228643,0.999283059835434,1402.8891076820066,9300,100,0.0036787477787584067
baseline,9301,0.995665654540062,0.003601772014517337,0.09397752210497856,0.9025073945522308,0.8303100168704987,0.005778178079053759,0.8989667892456055,0.0007757782805128954,0.0021764060435816644,0.0013990693114465103,0.9992952662706375,1418.2453901340066,9400,100,0.003601772014517337
baseline,9401,0.9956770688295364,0.003568395455367863,0.0937633328139782,0.9025906920433044,0.8304785043001175,0.005616195790935308,0.8989459872245789,0.0008313234502566047,0.002047800342552364,0.0013410125393420458,0.9993392109870911,1433.4751984430088,9500,100,0.003568395455367863
baseline,9501,0.9957810789346695,0.0035371876182034613,0.0927148275077343,0.902638629078865,0.8299651145935059,0.005823280727490783,0.8989468961954117,0.0009813277356442995,0.0022860930996830577,0.0015286904672393575,0.9992187702655793,1448.6917118390077,9600,100,0.0035371876182034613
baseline,9601,0.995868369936943,0.0034194174152798952,0.09171286597847939,0.9026923775672913,0.8298666477203369,0.005394727322272957,0.8991726487874985,0.0013552531891036779,0.0019753099109220784,0.0016944785311352462,0.9993440955877304,1463.875632928007,9700,100,0.0034194174152798952
baseline,9701,0.995875895023346,0.003394807050935924,0.09158248268067837,0.9027283638715744,0.8292447179555893,0.0055052290251478555,0.8996032327413559,0.0014986687165219337,0.002110422007390298,0.001967836928088218,0.9993261951208114,1479.0856154800097,9800,100,0.003394807050935924
baseline,9801,0.9959156662225723,0.003430070874746889,0.09115276485681534,0.9027375429868698,0.8284642696380615,0.005621441975235939,0.899194523692131,0.0012698659702436998,0.0021913710777880626,0.00235006315051578,0.9992610859870911,1494.5669955270075,9900,100,0.003430070874746889
baseline,9901,0.9960335195064545,0.0033634968311525883,0.089695755392313,0.9027819633483887,0.8278945237398148,0.005495692936237901,0.8998352289199829,0.002018231614783872,0.0021321961026114877,0.002271390869282186,0.9993009662628174,1510.0180769880074,10000,100,0.0033634968311525883
