setting_label,task,preset,topology,seed,report,evidence,setting_id,depth,width,heads,length,data_sha256,epoch,update,cumulative_recorded_update_seconds,ce,token_accuracy,sequence_exact_match,targets,examples,native_ce
in-context-recall V16,in-context-recall,d128,seq,0,.runtime/cdrm-naive/20260907T123830Z/pilot-recall-seq-e50/report.json,SYN,627a8f9141243782c303af81c44fcf979b7b65aeb2e85bd4edf274b1d0ef06e8,12,128,16,127,e54f6a06f14261e92189c200a7f4d5dd654d23e8e3cc42e3e55fb1912ae3a6a0,0,0,0.0,3.0364459991455077,0.1224609375,0.0,71680,1280,3.0364459991455077
in-context-recall V16,in-context-recall,d128,seq,0,.runtime/cdrm-naive/20260907T123830Z/pilot-recall-seq-e50/report.json,SYN,627a8f9141243782c303af81c44fcf979b7b65aeb2e85bd4edf274b1d0ef06e8,12,128,16,127,e54f6a06f14261e92189c200a7f4d5dd654d23e8e3cc42e3e55fb1912ae3a6a0,1,100,3.913812148850411,1.6073645455496652,0.31840122767857143,0.0,71680,1280,1.6073645455496652
in-context-recall V16,in-context-recall,d128,seq,0,.runtime/cdrm-naive/20260907T123830Z/pilot-recall-seq-e50/report.json,SYN,627a8f9141243782c303af81c44fcf979b7b65aeb2e85bd4edf274b1d0ef06e8,12,128,16,127,e54f6a06f14261e92189c200a7f4d5dd654d23e8e3cc42e3e55fb1912ae3a6a0,2,200,7.6743183498765575,0.002484844531863928,0.9999162946428571,0.9953125,71680,1280,0.002484844531863928
in-context-recall V16,in-context-recall,d128,seq,0,.runtime/cdrm-naive/20260907T123830Z/pilot-recall-seq-e50/report.json,SYN,627a8f9141243782c303af81c44fcf979b7b65aeb2e85bd4edf274b1d0ef06e8,12,128,16,127,e54f6a06f14261e92189c200a7f4d5dd654d23e8e3cc42e3e55fb1912ae3a6a0,3,300,11.445202877861448,0.0008899533788540533,0.9999720982142857,0.9984375,71680,1280,0.0008899533788540533
in-context-recall V16,in-context-recall,d128,seq,0,.runtime/cdrm-naive/20260907T123830Z/pilot-recall-seq-e50/report.json,SYN,627a8f9141243782c303af81c44fcf979b7b65aeb2e85bd4edf274b1d0ef06e8,12,128,16,127,e54f6a06f14261e92189c200a7f4d5dd654d23e8e3cc42e3e55fb1912ae3a6a0,4,400,15.183799748876481,0.0004986144402729613,0.9999720982142857,0.9984375,71680,1280,0.0004986144402729613
in-context-recall V16,in-context-recall,d128,seq,0,.runtime/cdrm-naive/20260907T123830Z/pilot-recall-seq-e50/report.json,SYN,627a8f9141243782c303af81c44fcf979b7b65aeb2e85bd4edf274b1d0ef06e8,12,128,16,127,e54f6a06f14261e92189c200a7f4d5dd654d23e8e3cc42e3e55fb1912ae3a6a0,5,500,18.92392879788531,0.00048460767138749363,1.0,1.0,71680,1280,0.00048460767138749363
in-context-recall V16,in-context-recall,d128,seq,0,.runtime/cdrm-naive/20260907T123830Z/pilot-recall-seq-e50/report.json,SYN,627a8f9141243782c303af81c44fcf979b7b65aeb2e85bd4edf274b1d0ef06e8,12,128,16,127,e54f6a06f14261e92189c200a7f4d5dd654d23e8e3cc42e3e55fb1912ae3a6a0,6,600,22.662766482913867,0.0001809120294637978,1.0,1.0,71680,1280,0.0001809120294637978
in-context-recall V16,in-context-recall,d128,seq,0,.runtime/cdrm-naive/20260907T123830Z/pilot-recall-seq-e50/report.json,SYN,627a8f9141243782c303af81c44fcf979b7b65aeb2e85bd4edf274b1d0ef06e8,12,128,16,127,e54f6a06f14261e92189c200a7f4d5dd654d23e8e3cc42e3e55fb1912ae3a6a0,7,700,26.436031713936245,0.0001595552869340671,1.0,1.0,71680,1280,0.0001595552869340671
in-context-recall V16,in-context-recall,d128,seq,0,.runtime/cdrm-naive/20260907T123830Z/pilot-recall-seq-e50/report.json,SYN,627a8f9141243782c303af81c44fcf979b7b65aeb2e85bd4edf274b1d0ef06e8,12,128,16,127,e54f6a06f14261e92189c200a7f4d5dd654d23e8e3cc42e3e55fb1912ae3a6a0,8,800,30.202846238957136,0.0007098251770782684,1.0,1.0,71680,1280,0.0007098251770782684
in-context-recall V16,in-context-recall,d128,seq,0,.runtime/cdrm-naive/20260907T123830Z/pilot-recall-seq-e50/report.json,SYN,627a8f9141243782c303af81c44fcf979b7b65aeb2e85bd4edf274b1d0ef06e8,12,128,16,127,e54f6a06f14261e92189c200a7f4d5dd654d23e8e3cc42e3e55fb1912ae3a6a0,9,900,33.981282581953565,0.00016150514046395464,0.9999860491071428,0.99921875,71680,1280,0.00016150514046395464
in-context-recall V16,in-context-recall,d128,seq,0,.runtime/cdrm-naive/20260907T123830Z/pilot-recall-seq-e50/report.json,SYN,627a8f9141243782c303af81c44fcf979b7b65aeb2e85bd4edf274b1d0ef06e8,12,128,16,127,e54f6a06f14261e92189c200a7f4d5dd654d23e8e3cc42e3e55fb1912ae3a6a0,10,1000,37.760865211937926,0.00014326709621985043,1.0,1.0,71680,1280,0.00014326709621985043
in-context-recall V16,in-context-recall,d128,seq,0,.runtime/cdrm-naive/20260907T123830Z/pilot-recall-seq-e50/report.json,SYN,627a8f9141243782c303af81c44fcf979b7b65aeb2e85bd4edf274b1d0ef06e8,12,128,16,127,e54f6a06f14261e92189c200a7f4d5dd654d23e8e3cc42e3e55fb1912ae3a6a0,11,1100,41.53678276388382,8.350194714564297e-05,1.0,1.0,71680,1280,8.350194714564297e-05
in-context-recall V16,in-context-recall,d128,seq,0,.runtime/cdrm-naive/20260907T123830Z/pilot-recall-seq-e50/report.json,SYN,627a8f9141243782c303af81c44fcf979b7b65aeb2e85bd4edf274b1d0ef06e8,12,128,16,127,e54f6a06f14261e92189c200a7f4d5dd654d23e8e3cc42e3e55fb1912ae3a6a0,12,1200,45.305241218869924,0.00016936907195486128,0.9999860491071428,0.99921875,71680,1280,0.00016936907195486128
in-context-recall V16,in-context-recall,d128,seq,0,.runtime/cdrm-naive/20260907T123830Z/pilot-recall-seq-e50/report.json,SYN,627a8f9141243782c303af81c44fcf979b7b65aeb2e85bd4edf274b1d0ef06e8,12,128,16,127,e54f6a06f14261e92189c200a7f4d5dd654d23e8e3cc42e3e55fb1912ae3a6a0,13,1300,49.0766161269712,8.106953880217458e-05,1.0,1.0,71680,1280,8.106953880217458e-05
in-context-recall V16,in-context-recall,d128,seq,0,.runtime/cdrm-naive/20260907T123830Z/pilot-recall-seq-e50/report.json,SYN,627a8f9141243782c303af81c44fcf979b7b65aeb2e85bd4edf274b1d0ef06e8,12,128,16,127,e54f6a06f14261e92189c200a7f4d5dd654d23e8e3cc42e3e55fb1912ae3a6a0,14,1400,52.84266299003502,6.400615509067263e-05,1.0,1.0,71680,1280,6.400615509067263e-05
in-context-recall V16,in-context-recall,d128,seq,0,.runtime/cdrm-naive/20260907T123830Z/pilot-recall-seq-e50/report.json,SYN,627a8f9141243782c303af81c44fcf979b7b65aeb2e85bd4edf274b1d0ef06e8,12,128,16,127,e54f6a06f14261e92189c200a7f4d5dd654d23e8e3cc42e3e55fb1912ae3a6a0,15,1500,56.609146611983306,6.633004314997899e-05,1.0,1.0,71680,1280,6.633004314997899e-05
in-context-recall V16,in-context-recall,d128,seq,0,.runtime/cdrm-naive/20260907T123830Z/pilot-recall-seq-e50/report.json,SYN,627a8f9141243782c303af81c44fcf979b7b65aeb2e85bd4edf274b1d0ef06e8,12,128,16,127,e54f6a06f14261e92189c200a7f4d5dd654d23e8e3cc42e3e55fb1912ae3a6a0,16,1600,60.367192997116945,8.520296292512545e-05,1.0,1.0,71680,1280,8.520296292512545e-05
in-context-recall V16,in-context-recall,d128,seq,0,.runtime/cdrm-naive/20260907T123830Z/pilot-recall-seq-e50/report.json,SYN,627a8f9141243782c303af81c44fcf979b7b65aeb2e85bd4edf274b1d0ef06e8,12,128,16,127,e54f6a06f14261e92189c200a7f4d5dd654d23e8e3cc42e3e55fb1912ae3a6a0,17,1700,64.14524724904913,9.687187765458865e-05,0.9999860491071428,0.99921875,71680,1280,9.687187765458865e-05
in-context-recall V16,in-context-recall,d128,seq,0,.runtime/cdrm-naive/20260907T123830Z/pilot-recall-seq-e50/report.json,SYN,627a8f9141243782c303af81c44fcf979b7b65aeb2e85bd4edf274b1d0ef06e8,12,128,16,127,e54f6a06f14261e92189c200a7f4d5dd654d23e8e3cc42e3e55fb1912ae3a6a0,18,1800,67.90762056391395,0.0002020690028855045,0.9999720982142857,0.9984375,71680,1280,0.0002020690028855045
in-context-recall V16,in-context-recall,d128,seq,0,.runtime/cdrm-naive/20260907T123830Z/pilot-recall-seq-e50/report.json,SYN,627a8f9141243782c303af81c44fcf979b7b65aeb2e85bd4edf274b1d0ef06e8,12,128,16,127,e54f6a06f14261e92189c200a7f4d5dd654d23e8e3cc42e3e55fb1912ae3a6a0,19,1900,71.67316972182016,0.00010291031212545931,1.0,1.0,71680,1280,0.00010291031212545931
in-context-recall V16,in-context-recall,d128,seq,0,.runtime/cdrm-naive/20260907T123830Z/pilot-recall-seq-e50/report.json,SYN,627a8f9141243782c303af81c44fcf979b7b65aeb2e85bd4edf274b1d0ef06e8,12,128,16,127,e54f6a06f14261e92189c200a7f4d5dd654d23e8e3cc42e3e55fb1912ae3a6a0,20,2000,75.42877705486899,0.0001034873234207875,0.9999860491071428,0.99921875,71680,1280,0.0001034873234207875
in-context-recall V16,in-context-recall,d128,seq,0,.runtime/cdrm-naive/20260907T123830Z/pilot-recall-seq-e50/report.json,SYN,627a8f9141243782c303af81c44fcf979b7b65aeb2e85bd4edf274b1d0ef06e8,12,128,16,127,e54f6a06f14261e92189c200a7f4d5dd654d23e8e3cc42e3e55fb1912ae3a6a0,21,2100,79.20798976786318,8.23811104055494e-05,1.0,1.0,71680,1280,8.23811104055494e-05
in-context-recall V16,in-context-recall,d128,seq,0,.runtime/cdrm-naive/20260907T123830Z/pilot-recall-seq-e50/report.json,SYN,627a8f9141243782c303af81c44fcf979b7b65aeb2e85bd4edf274b1d0ef06e8,12,128,16,127,e54f6a06f14261e92189c200a7f4d5dd654d23e8e3cc42e3e55fb1912ae3a6a0,22,2200,82.98723018290184,8.148367840996279e-05,0.9999860491071428,0.99921875,71680,1280,8.148367840996279e-05
in-context-recall V16,in-context-recall,d128,seq,0,.runtime/cdrm-naive/20260907T123830Z/pilot-recall-seq-e50/report.json,SYN,627a8f9141243782c303af81c44fcf979b7b65aeb2e85bd4edf274b1d0ef06e8,12,128,16,127,e54f6a06f14261e92189c200a7f4d5dd654d23e8e3cc42e3e55fb1912ae3a6a0,23,2300,86.76670007388748,0.0002029472030699253,0.9999581473214286,0.99765625,71680,1280,0.0002029472030699253
in-context-recall V16,in-context-recall,d128,seq,0,.runtime/cdrm-naive/20260907T123830Z/pilot-recall-seq-e50/report.json,SYN,627a8f9141243782c303af81c44fcf979b7b65aeb2e85bd4edf274b1d0ef06e8,12,128,16,127,e54f6a06f14261e92189c200a7f4d5dd654d23e8e3cc42e3e55fb1912ae3a6a0,24,2400,90.53867152691237,9.706901785518441e-05,0.9999860491071428,0.99921875,71680,1280,9.706901785518441e-05
in-context-recall V16,in-context-recall,d128,seq,0,.runtime/cdrm-naive/20260907T123830Z/pilot-recall-seq-e50/report.json,SYN,627a8f9141243782c303af81c44fcf979b7b65aeb2e85bd4edf274b1d0ef06e8,12,128,16,127,e54f6a06f14261e92189c200a7f4d5dd654d23e8e3cc42e3e55fb1912ae3a6a0,25,2500,94.31228789685701,0.00035057285567745565,0.9999441964285715,0.996875,71680,1280,0.00035057285567745565
in-context-recall V16,in-context-recall,d128,seq,0,.runtime/cdrm-naive/20260907T123830Z/pilot-recall-seq-e50/report.json,SYN,627a8f9141243782c303af81c44fcf979b7b65aeb2e85bd4edf274b1d0ef06e8,12,128,16,127,e54f6a06f14261e92189c200a7f4d5dd654d23e8e3cc42e3e55fb1912ae3a6a0,26,2600,98.09301350079477,0.00018391812669246325,0.9999720982142857,0.9984375,71680,1280,0.00018391812669246325
in-context-recall V16,in-context-recall,d128,seq,0,.runtime/cdrm-naive/20260907T123830Z/pilot-recall-seq-e50/report.json,SYN,627a8f9141243782c303af81c44fcf979b7b65aeb2e85bd4edf274b1d0ef06e8,12,128,16,127,e54f6a06f14261e92189c200a7f4d5dd654d23e8e3cc42e3e55fb1912ae3a6a0,27,2700,101.85431801290542,0.0003163168206810951,0.9999441964285715,0.996875,71680,1280,0.0003163168206810951
in-context-recall V16,in-context-recall,d128,seq,0,.runtime/cdrm-naive/20260907T123830Z/pilot-recall-seq-e50/report.json,SYN,627a8f9141243782c303af81c44fcf979b7b65aeb2e85bd4edf274b1d0ef06e8,12,128,16,127,e54f6a06f14261e92189c200a7f4d5dd654d23e8e3cc42e3e55fb1912ae3a6a0,28,2800,105.64096014690585,0.00041804115171544253,0.99990234375,0.9953125,71680,1280,0.00041804115171544253
in-context-recall V16,in-context-recall,d128,seq,0,.runtime/cdrm-naive/20260907T123830Z/pilot-recall-seq-e50/report.json,SYN,627a8f9141243782c303af81c44fcf979b7b65aeb2e85bd4edf274b1d0ef06e8,12,128,16,127,e54f6a06f14261e92189c200a7f4d5dd654d23e8e3cc42e3e55fb1912ae3a6a0,29,2900,109.41516686996329,0.000611907453276217,0.9998465401785714,0.99140625,71680,1280,0.000611907453276217
in-context-recall V16,in-context-recall,d128,seq,0,.runtime/cdrm-naive/20260907T123830Z/pilot-recall-seq-e50/report.json,SYN,627a8f9141243782c303af81c44fcf979b7b65aeb2e85bd4edf274b1d0ef06e8,12,128,16,127,e54f6a06f14261e92189c200a7f4d5dd654d23e8e3cc42e3e55fb1912ae3a6a0,30,3000,113.19255977292778,0.0005091368436946401,0.9998883928571428,0.99375,71680,1280,0.0005091368436946401
in-context-recall V16,in-context-recall,d128,seq,0,.runtime/cdrm-naive/20260907T123830Z/pilot-recall-seq-e50/report.json,SYN,627a8f9141243782c303af81c44fcf979b7b65aeb2e85bd4edf274b1d0ef06e8,12,128,16,127,e54f6a06f14261e92189c200a7f4d5dd654d23e8e3cc42e3e55fb1912ae3a6a0,31,3100,116.99353970287484,0.0008555844259847487,0.9998046875,0.9890625,71680,1280,0.0008555844259847487
in-context-recall V16,in-context-recall,d128,seq,0,.runtime/cdrm-naive/20260907T123830Z/pilot-recall-seq-e50/report.json,SYN,627a8f9141243782c303af81c44fcf979b7b65aeb2e85bd4edf274b1d0ef06e8,12,128,16,127,e54f6a06f14261e92189c200a7f4d5dd654d23e8e3cc42e3e55fb1912ae3a6a0,32,3200,120.78051944491745,0.0008840905269607901,0.9998046875,0.9890625,71680,1280,0.0008840905269607901
in-context-recall V16,in-context-recall,d128,seq,0,.runtime/cdrm-naive/20260907T123830Z/pilot-recall-seq-e50/report.json,SYN,627a8f9141243782c303af81c44fcf979b7b65aeb2e85bd4edf274b1d0ef06e8,12,128,16,127,e54f6a06f14261e92189c200a7f4d5dd654d23e8e3cc42e3e55fb1912ae3a6a0,33,3300,124.54853860590083,0.0006538417406513222,0.9998325892857143,0.990625,71680,1280,0.0006538417406513222
in-context-recall V16,in-context-recall,d128,seq,0,.runtime/cdrm-naive/20260907T123830Z/pilot-recall-seq-e50/report.json,SYN,627a8f9141243782c303af81c44fcf979b7b65aeb2e85bd4edf274b1d0ef06e8,12,128,16,127,e54f6a06f14261e92189c200a7f4d5dd654d23e8e3cc42e3e55fb1912ae3a6a0,34,3400,128.3222806478734,0.0007101255918054709,0.9997907366071429,0.9890625,71680,1280,0.0007101255918054709
in-context-recall V16,in-context-recall,d128,seq,0,.runtime/cdrm-naive/20260907T123830Z/pilot-recall-seq-e50/report.json,SYN,627a8f9141243782c303af81c44fcf979b7b65aeb2e85bd4edf274b1d0ef06e8,12,128,16,127,e54f6a06f14261e92189c200a7f4d5dd654d23e8e3cc42e3e55fb1912ae3a6a0,35,3500,132.10564789289492,0.001252748810553125,0.9996512276785714,0.98125,71680,1280,0.001252748810553125
in-context-recall V16,in-context-recall,d128,seq,0,.runtime/cdrm-naive/20260907T123830Z/pilot-recall-seq-e50/report.json,SYN,627a8f9141243782c303af81c44fcf979b7b65aeb2e85bd4edf274b1d0ef06e8,12,128,16,127,e54f6a06f14261e92189c200a7f4d5dd654d23e8e3cc42e3e55fb1912ae3a6a0,36,3600,135.88634861196624,0.001446108184089618,0.9996930803571429,0.984375,71680,1280,0.001446108184089618
in-context-recall V16,in-context-recall,d128,seq,0,.runtime/cdrm-naive/20260907T123830Z/pilot-recall-seq-e50/report.json,SYN,627a8f9141243782c303af81c44fcf979b7b65aeb2e85bd4edf274b1d0ef06e8,12,128,16,127,e54f6a06f14261e92189c200a7f4d5dd654d23e8e3cc42e3e55fb1912ae3a6a0,37,3700,139.67910300390213,0.001364187227695116,0.9996651785714286,0.9828125,71680,1280,0.001364187227695116
in-context-recall V16,in-context-recall,d128,seq,0,.runtime/cdrm-naive/20260907T123830Z/pilot-recall-seq-e50/report.json,SYN,627a8f9141243782c303af81c44fcf979b7b65aeb2e85bd4edf274b1d0ef06e8,12,128,16,127,e54f6a06f14261e92189c200a7f4d5dd654d23e8e3cc42e3e55fb1912ae3a6a0,38,3800,143.46468433689734,0.0015271903148719242,0.9995256696428572,0.975,71680,1280,0.0015271903148719242
in-context-recall V16,in-context-recall,d128,seq,0,.runtime/cdrm-naive/20260907T123830Z/pilot-recall-seq-e50/report.json,SYN,627a8f9141243782c303af81c44fcf979b7b65aeb2e85bd4edf274b1d0ef06e8,12,128,16,127,e54f6a06f14261e92189c200a7f4d5dd654d23e8e3cc42e3e55fb1912ae3a6a0,39,3900,147.26903144194512,0.0019436410628259182,0.9994280133928571,0.97265625,71680,1280,0.0019436410628259182
in-context-recall V16,in-context-recall,d128,seq,0,.runtime/cdrm-naive/20260907T123830Z/pilot-recall-seq-e50/report.json,SYN,627a8f9141243782c303af81c44fcf979b7b65aeb2e85bd4edf274b1d0ef06e8,12,128,16,127,e54f6a06f14261e92189c200a7f4d5dd654d23e8e3cc42e3e55fb1912ae3a6a0,40,4000,151.0723463598988,0.001825740427843162,0.9995256696428572,0.975,71680,1280,0.001825740427843162
in-context-recall V16,in-context-recall,d128,seq,0,.runtime/cdrm-naive/20260907T123830Z/pilot-recall-seq-e50/report.json,SYN,627a8f9141243782c303af81c44fcf979b7b65aeb2e85bd4edf274b1d0ef06e8,12,128,16,127,e54f6a06f14261e92189c200a7f4d5dd654d23e8e3cc42e3e55fb1912ae3a6a0,41,4100,154.8532287999551,0.0022173628410590545,0.9992466517857143,0.9609375,71680,1280,0.0022173628410590545
in-context-recall V16,in-context-recall,d128,seq,0,.runtime/cdrm-naive/20260907T123830Z/pilot-recall-seq-e50/report.json,SYN,627a8f9141243782c303af81c44fcf979b7b65aeb2e85bd4edf274b1d0ef06e8,12,128,16,127,e54f6a06f14261e92189c200a7f4d5dd654d23e8e3cc42e3e55fb1912ae3a6a0,42,4200,158.62349455995718,0.002754395628081901,0.99931640625,0.96171875,71680,1280,0.002754395628081901
in-context-recall V16,in-context-recall,d128,seq,0,.runtime/cdrm-naive/20260907T123830Z/pilot-recall-seq-e50/report.json,SYN,627a8f9141243782c303af81c44fcf979b7b65aeb2e85bd4edf274b1d0ef06e8,12,128,16,127,e54f6a06f14261e92189c200a7f4d5dd654d23e8e3cc42e3e55fb1912ae3a6a0,43,4300,162.3994491458725,0.0022681466968996183,0.9993303571428571,0.9640625,71680,1280,0.0022681466968996183
in-context-recall V16,in-context-recall,d128,seq,0,.runtime/cdrm-naive/20260907T123830Z/pilot-recall-seq-e50/report.json,SYN,627a8f9141243782c303af81c44fcf979b7b65aeb2e85bd4edf274b1d0ef06e8,12,128,16,127,e54f6a06f14261e92189c200a7f4d5dd654d23e8e3cc42e3e55fb1912ae3a6a0,44,4400,166.1814475107676,0.002618295885622501,0.9993024553571429,0.9625,71680,1280,0.002618295885622501
in-context-recall V16,in-context-recall,d128,seq,0,.runtime/cdrm-naive/20260907T123830Z/pilot-recall-seq-e50/report.json,SYN,627a8f9141243782c303af81c44fcf979b7b65aeb2e85bd4edf274b1d0ef06e8,12,128,16,127,e54f6a06f14261e92189c200a7f4d5dd654d23e8e3cc42e3e55fb1912ae3a6a0,45,4500,169.95065036868618,0.0037404882455510753,0.9990234375,0.95,71680,1280,0.0037404882455510753
in-context-recall V16,in-context-recall,d128,seq,0,.runtime/cdrm-naive/20260907T123830Z/pilot-recall-seq-e50/report.json,SYN,627a8f9141243782c303af81c44fcf979b7b65aeb2e85bd4edf274b1d0ef06e8,12,128,16,127,e54f6a06f14261e92189c200a7f4d5dd654d23e8e3cc42e3e55fb1912ae3a6a0,46,4600,173.7231930126727,0.0036428041623107026,0.9991768973214286,0.9578125,71680,1280,0.0036428041623107026
in-context-recall V16,in-context-recall,d128,seq,0,.runtime/cdrm-naive/20260907T123830Z/pilot-recall-seq-e50/report.json,SYN,627a8f9141243782c303af81c44fcf979b7b65aeb2e85bd4edf274b1d0ef06e8,12,128,16,127,e54f6a06f14261e92189c200a7f4d5dd654d23e8e3cc42e3e55fb1912ae3a6a0,47,4700,177.49090465172776,0.00398952400844012,0.9989118303571428,0.94296875,71680,1280,0.00398952400844012
in-context-recall V16,in-context-recall,d128,seq,0,.runtime/cdrm-naive/20260907T123830Z/pilot-recall-seq-e50/report.json,SYN,627a8f9141243782c303af81c44fcf979b7b65aeb2e85bd4edf274b1d0ef06e8,12,128,16,127,e54f6a06f14261e92189c200a7f4d5dd654d23e8e3cc42e3e55fb1912ae3a6a0,48,4800,181.2725388448016,0.003969063184091023,0.99892578125,0.94296875,71680,1280,0.003969063184091023
in-context-recall V16,in-context-recall,d128,seq,0,.runtime/cdrm-naive/20260907T123830Z/pilot-recall-seq-e50/report.json,SYN,627a8f9141243782c303af81c44fcf979b7b65aeb2e85bd4edf274b1d0ef06e8,12,128,16,127,e54f6a06f14261e92189c200a7f4d5dd654d23e8e3cc42e3e55fb1912ae3a6a0,49,4900,185.03725320882222,0.004187983061586108,0.998828125,0.9375,71680,1280,0.004187983061586108
in-context-recall V16,in-context-recall,d128,seq,0,.runtime/cdrm-naive/20260907T123830Z/pilot-recall-seq-e50/report.json,SYN,627a8f9141243782c303af81c44fcf979b7b65aeb2e85bd4edf274b1d0ef06e8,12,128,16,127,e54f6a06f14261e92189c200a7f4d5dd654d23e8e3cc42e3e55fb1912ae3a6a0,50,5000,188.79640551378543,0.004259433650544712,0.9989118303571428,0.9421875,71680,1280,0.004259433650544712
recall-v128-t128,in-context-recall,d128_6,seq,0,.runtime/cdrm-naive/20260907T123830Z/screen6-recall-v128-t128-seq-s0/report.json,SYN,3bec0259c2ccfb8c9b5e948f8aecc32151280503ca833132d46545050a6d3052,6,128,16,127,84ed87ebdd678a2c7323a7e0159e116d5c5f1c3bbac835e9dbf84f52e66a582f,0,0,0.0,5.29733162759775,0.007491375061606703,0.0,30435,1280,5.29733162759775
recall-v128-t128,in-context-recall,d128_6,seq,0,.runtime/cdrm-naive/20260907T123830Z/screen6-recall-v128-t128-seq-s0/report.json,SYN,3bec0259c2ccfb8c9b5e948f8aecc32151280503ca833132d46545050a6d3052,6,128,16,127,84ed87ebdd678a2c7323a7e0159e116d5c5f1c3bbac835e9dbf84f52e66a582f,1,100,2.1117268300586147,4.167549535639478,0.016395597174305897,0.0,30435,1280,4.167549535639478
recall-v128-t128,in-context-recall,d128_6,seq,0,.runtime/cdrm-naive/20260907T123830Z/screen6-recall-v128-t128-seq-s0/report.json,SYN,3bec0259c2ccfb8c9b5e948f8aecc32151280503ca833132d46545050a6d3052,6,128,16,127,84ed87ebdd678a2c7323a7e0159e116d5c5f1c3bbac835e9dbf84f52e66a582f,2,200,4.059944962195004,4.155682351989896,0.02405125677673731,0.0,30435,1280,4.155682351989896
recall-v128-t128,in-context-recall,d128_6,seq,0,.runtime/cdrm-naive/20260907T123830Z/screen6-recall-v128-t128-seq-s0/report.json,SYN,3bec0259c2ccfb8c9b5e948f8aecc32151280503ca833132d46545050a6d3052,6,128,16,127,84ed87ebdd678a2c7323a7e0159e116d5c5f1c3bbac835e9dbf84f52e66a582f,3,300,6.014827316321316,4.140943140863726,0.0325611959914572,0.0,30435,1280,4.140943140863726
recall-v128-t128,in-context-recall,d128_6,seq,0,.runtime/cdrm-naive/20260907T123830Z/screen6-recall-v128-t128-seq-s0/report.json,SYN,3bec0259c2ccfb8c9b5e948f8aecc32151280503ca833132d46545050a6d3052,6,128,16,127,84ed87ebdd678a2c7323a7e0159e116d5c5f1c3bbac835e9dbf84f52e66a582f,4,400,7.962678805342875,4.091896312068753,0.05286676523739116,0.0,30435,1280,4.091896312068753
recall-v128-t128,in-context-recall,d128_6,seq,0,.runtime/cdrm-naive/20260907T123830Z/screen6-recall-v128-t128-seq-s0/report.json,SYN,3bec0259c2ccfb8c9b5e948f8aecc32151280503ca833132d46545050a6d3052,6,128,16,127,84ed87ebdd678a2c7323a7e0159e116d5c5f1c3bbac835e9dbf84f52e66a582f,5,500,9.920190130273113,4.0183378447408415,0.06232955478889436,0.0,30435,1280,4.0183378447408415
recall-v128-t128,in-context-recall,d128_6,seq,0,.runtime/cdrm-naive/20260907T123830Z/screen6-recall-v128-t128-seq-s0/report.json,SYN,3bec0259c2ccfb8c9b5e948f8aecc32151280503ca833132d46545050a6d3052,6,128,16,127,84ed87ebdd678a2c7323a7e0159e116d5c5f1c3bbac835e9dbf84f52e66a582f,6,600,11.871689416162553,3.9217964835407426,0.06643666830951207,0.0,30435,1280,3.9217964835407426
recall-v128-t128,in-context-recall,d128_6,seq,0,.runtime/cdrm-naive/20260907T123830Z/screen6-recall-v128-t128-seq-s0/report.json,SYN,3bec0259c2ccfb8c9b5e948f8aecc32151280503ca833132d46545050a6d3052,6,128,16,127,84ed87ebdd678a2c7323a7e0159e116d5c5f1c3bbac835e9dbf84f52e66a582f,7,700,13.829546091103111,3.8541997481826025,0.07198948578938721,0.0,30435,1280,3.8541997481826025
recall-v128-t128,in-context-recall,d128_6,seq,0,.runtime/cdrm-naive/20260907T123830Z/screen6-recall-v128-t128-seq-s0/report.json,SYN,3bec0259c2ccfb8c9b5e948f8aecc32151280503ca833132d46545050a6d3052,6,128,16,127,84ed87ebdd678a2c7323a7e0159e116d5c5f1c3bbac835e9dbf84f52e66a582f,8,800,15.790537173161283,3.8158579503449976,0.07300804994250042,0.0,30435,1280,3.8158579503449976
recall-v128-t128,in-context-recall,d128_6,seq,0,.runtime/cdrm-naive/20260907T123830Z/screen6-recall-v128-t128-seq-s0/report.json,SYN,3bec0259c2ccfb8c9b5e948f8aecc32151280503ca833132d46545050a6d3052,6,128,16,127,84ed87ebdd678a2c7323a7e0159e116d5c5f1c3bbac835e9dbf84f52e66a582f,9,900,17.75189920316916,3.7769401619229503,0.07225234105470675,0.0,30435,1280,3.7769401619229503
recall-v128-t128,in-context-recall,d128_6,seq,0,.runtime/cdrm-naive/20260907T123830Z/screen6-recall-v128-t128-seq-s0/report.json,SYN,3bec0259c2ccfb8c9b5e948f8aecc32151280503ca833132d46545050a6d3052,6,128,16,127,84ed87ebdd678a2c7323a7e0159e116d5c5f1c3bbac835e9dbf84f52e66a582f,10,1000,19.715813038288616,3.7669798019857894,0.0724494825036964,0.0,30435,1280,3.7669798019857894
recall-v128-t128,in-context-recall,d128_6,seq,0,.runtime/cdrm-naive/20260907T123830Z/screen6-recall-v128-t128-seq-s0/report.json,SYN,3bec0259c2ccfb8c9b5e948f8aecc32151280503ca833132d46545050a6d3052,6,128,16,127,84ed87ebdd678a2c7323a7e0159e116d5c5f1c3bbac835e9dbf84f52e66a582f,11,1100,21.666340544325067,3.7506796631140134,0.07218662723837686,0.0,30435,1280,3.7506796631140134
recall-v128-t128,in-context-recall,d128_6,seq,0,.runtime/cdrm-naive/20260907T123830Z/screen6-recall-v128-t128-seq-s0/report.json,SYN,3bec0259c2ccfb8c9b5e948f8aecc32151280503ca833132d46545050a6d3052,6,128,16,127,84ed87ebdd678a2c7323a7e0159e116d5c5f1c3bbac835e9dbf84f52e66a582f,12,1200,23.62702431436628,3.7555053931534417,0.07152948907507803,0.0,30435,1280,3.7555053931534417
recall-v128-t128,in-context-recall,d128_6,seq,0,.runtime/cdrm-naive/20260907T123830Z/screen6-recall-v128-t128-seq-s0/report.json,SYN,3bec0259c2ccfb8c9b5e948f8aecc32151280503ca833132d46545050a6d3052,6,128,16,127,84ed87ebdd678a2c7323a7e0159e116d5c5f1c3bbac835e9dbf84f52e66a582f,13,1300,25.59188256143534,3.7638631124733037,0.06906522096270741,0.0,30435,1280,3.7638631124733037
recall-v128-t128,in-context-recall,d128_6,seq,0,.runtime/cdrm-naive/20260907T123830Z/screen6-recall-v128-t128-seq-s0/report.json,SYN,3bec0259c2ccfb8c9b5e948f8aecc32151280503ca833132d46545050a6d3052,6,128,16,127,84ed87ebdd678a2c7323a7e0159e116d5c5f1c3bbac835e9dbf84f52e66a582f,14,1400,27.550171179464087,3.765659204554789,0.06768523081977985,0.0,30435,1280,3.765659204554789
recall-v128-t128,in-context-recall,d128_6,seq,0,.runtime/cdrm-naive/20260907T123830Z/screen6-recall-v128-t128-seq-s0/report.json,SYN,3bec0259c2ccfb8c9b5e948f8aecc32151280503ca833132d46545050a6d3052,6,128,16,127,84ed87ebdd678a2c7323a7e0159e116d5c5f1c3bbac835e9dbf84f52e66a582f,15,1500,29.51279162945866,3.7861051536573846,0.065352390340069,0.0,30435,1280,3.7861051536573846
recall-v128-t128,in-context-recall,d128_6,seq,0,.runtime/cdrm-naive/20260907T123830Z/screen6-recall-v128-t128-seq-s0/report.json,SYN,3bec0259c2ccfb8c9b5e948f8aecc32151280503ca833132d46545050a6d3052,6,128,16,127,84ed87ebdd678a2c7323a7e0159e116d5c5f1c3bbac835e9dbf84f52e66a582f,16,1600,31.47633103642147,3.8060521205540496,0.06341383275833744,0.0,30435,1280,3.8060521205540496
recall-v128-t128,in-context-recall,d128_6,seq,0,.runtime/cdrm-naive/20260907T123830Z/screen6-recall-v128-t128-seq-s0/report.json,SYN,3bec0259c2ccfb8c9b5e948f8aecc32151280503ca833132d46545050a6d3052,6,128,16,127,84ed87ebdd678a2c7323a7e0159e116d5c5f1c3bbac835e9dbf84f52e66a582f,17,1700,33.44185520132305,3.8339700001026777,0.06252669623788401,0.0,30435,1280,3.8339700001026777
recall-v128-t128,in-context-recall,d128_6,seq,0,.runtime/cdrm-naive/20260907T123830Z/screen6-recall-v128-t128-seq-s0/report.json,SYN,3bec0259c2ccfb8c9b5e948f8aecc32151280503ca833132d46545050a6d3052,6,128,16,127,84ed87ebdd678a2c7323a7e0159e116d5c5f1c3bbac835e9dbf84f52e66a582f,18,1800,35.39810591135756,3.8700864804090687,0.059733859043863975,0.0,30435,1280,3.8700864804090687
recall-v128-t128,in-context-recall,d128_6,seq,0,.runtime/cdrm-naive/20260907T123830Z/screen6-recall-v128-t128-seq-s0/report.json,SYN,3bec0259c2ccfb8c9b5e948f8aecc32151280503ca833132d46545050a6d3052,6,128,16,127,84ed87ebdd678a2c7323a7e0159e116d5c5f1c3bbac835e9dbf84f52e66a582f,19,1900,37.35447897842096,3.901172131694595,0.05871529489075078,0.0,30435,1280,3.901172131694595
recall-v128-t128,in-context-recall,d128_6,seq,0,.runtime/cdrm-naive/20260907T123830Z/screen6-recall-v128-t128-seq-s0/report.json,SYN,3bec0259c2ccfb8c9b5e948f8aecc32151280503ca833132d46545050a6d3052,6,128,16,127,84ed87ebdd678a2c7323a7e0159e116d5c5f1c3bbac835e9dbf84f52e66a582f,20,2000,39.30143683239294,3.9344102634199936,0.05717102020699852,0.0,30435,1280,3.9344102634199936
recall-v128-t128,in-context-recall,d128_6,seq,0,.runtime/cdrm-naive/20260907T123830Z/screen6-recall-v128-t128-seq-s0/report.json,SYN,3bec0259c2ccfb8c9b5e948f8aecc32151280503ca833132d46545050a6d3052,6,128,16,127,84ed87ebdd678a2c7323a7e0159e116d5c5f1c3bbac835e9dbf84f52e66a582f,21,2100,41.24981326443958,3.992054853068014,0.05441103992114342,0.0,30435,1280,3.992054853068014
recall-v128-t128,in-context-recall,d128_6,seq,0,.runtime/cdrm-naive/20260907T123830Z/screen6-recall-v128-t128-seq-s0/report.json,SYN,3bec0259c2ccfb8c9b5e948f8aecc32151280503ca833132d46545050a6d3052,6,128,16,127,84ed87ebdd678a2c7323a7e0159e116d5c5f1c3bbac835e9dbf84f52e66a582f,22,2200,43.215681888425024,4.037731089309183,0.05142106127813373,0.0,30435,1280,4.037731089309183
recall-v128-t128,in-context-recall,d128_6,seq,0,.runtime/cdrm-naive/20260907T123830Z/screen6-recall-v128-t128-seq-s0/report.json,SYN,3bec0259c2ccfb8c9b5e948f8aecc32151280503ca833132d46545050a6d3052,6,128,16,127,84ed87ebdd678a2c7323a7e0159e116d5c5f1c3bbac835e9dbf84f52e66a582f,23,2300,45.171768666405114,4.094921297437161,0.05204534253326762,0.0,30435,1280,4.094921297437161
recall-v128-t128,in-context-recall,d128_6,seq,0,.runtime/cdrm-naive/20260907T123830Z/screen6-recall-v128-t128-seq-s0/report.json,SYN,3bec0259c2ccfb8c9b5e948f8aecc32151280503ca833132d46545050a6d3052,6,128,16,127,84ed87ebdd678a2c7323a7e0159e116d5c5f1c3bbac835e9dbf84f52e66a582f,24,2400,47.12780425445817,4.1369059445334315,0.048825365533103335,0.0,30435,1280,4.1369059445334315
recall-v128-t128,in-context-recall,d128_6,seq,0,.runtime/cdrm-naive/20260907T123830Z/screen6-recall-v128-t128-seq-s0/report.json,SYN,3bec0259c2ccfb8c9b5e948f8aecc32151280503ca833132d46545050a6d3052,6,128,16,127,84ed87ebdd678a2c7323a7e0159e116d5c5f1c3bbac835e9dbf84f52e66a582f,25,2500,49.08964876651589,4.2084611030680135,0.04915393461475275,0.0,30435,1280,4.2084611030680135
recall-v128-t128,in-context-recall,d128_6,seq,1,.runtime/cdrm-naive/20260907T123830Z/screen6-recall-v128-t128-seq-s1/report.json,SYN,3141363ea60321420d985cd7ea5bd9ecfd679eb4b2ba2a3ab070fb0c53bbf482,6,128,16,127,84ed87ebdd678a2c7323a7e0159e116d5c5f1c3bbac835e9dbf84f52e66a582f,0,0,0.0,5.302699111580006,0.006341383275833744,0.0,30435,1280,5.302699111580006
recall-v128-t128,in-context-recall,d128_6,seq,1,.runtime/cdrm-naive/20260907T123830Z/screen6-recall-v128-t128-seq-s1/report.json,SYN,3141363ea60321420d985cd7ea5bd9ecfd679eb4b2ba2a3ab070fb0c53bbf482,6,128,16,127,84ed87ebdd678a2c7323a7e0159e116d5c5f1c3bbac835e9dbf84f52e66a582f,1,100,2.1312668759783264,4.168246525638656,0.015278462296697881,0.0,30435,1280,4.168246525638656
recall-v128-t128,in-context-recall,d128_6,seq,1,.runtime/cdrm-naive/20260907T123830Z/screen6-recall-v128-t128-seq-s1/report.json,SYN,3141363ea60321420d985cd7ea5bd9ecfd679eb4b2ba2a3ab070fb0c53bbf482,6,128,16,127,84ed87ebdd678a2c7323a7e0159e116d5c5f1c3bbac835e9dbf84f52e66a582f,2,200,4.098209240997676,4.157561516859701,0.018301297847872516,0.0,30435,1280,4.157561516859701
recall-v128-t128,in-context-recall,d128_6,seq,1,.runtime/cdrm-naive/20260907T123830Z/screen6-recall-v128-t128-seq-s1/report.json,SYN,3141363ea60321420d985cd7ea5bd9ecfd679eb4b2ba2a3ab070fb0c53bbf482,6,128,16,127,84ed87ebdd678a2c7323a7e0159e116d5c5f1c3bbac835e9dbf84f52e66a582f,3,300,6.0629752320674015,4.14261358094094,0.03246262526696238,0.0,30435,1280,4.14261358094094
recall-v128-t128,in-context-recall,d128_6,seq,1,.runtime/cdrm-naive/20260907T123830Z/screen6-recall-v128-t128-seq-s1/report.json,SYN,3141363ea60321420d985cd7ea5bd9ecfd679eb4b2ba2a3ab070fb0c53bbf482,6,128,16,127,84ed87ebdd678a2c7323a7e0159e116d5c5f1c3bbac835e9dbf84f52e66a582f,4,400,8.025037469953531,4.103628474361344,0.04718252012485625,0.0,30435,1280,4.103628474361344
recall-v128-t128,in-context-recall,d128_6,seq,1,.runtime/cdrm-naive/20260907T123830Z/screen6-recall-v128-t128-seq-s1/report.json,SYN,3141363ea60321420d985cd7ea5bd9ecfd679eb4b2ba2a3ab070fb0c53bbf482,6,128,16,127,84ed87ebdd678a2c7323a7e0159e116d5c5f1c3bbac835e9dbf84f52e66a582f,5,500,9.99581652697816,4.043904273451618,0.05828815508460654,0.0,30435,1280,4.043904273451618
recall-v128-t128,in-context-recall,d128_6,seq,1,.runtime/cdrm-naive/20260907T123830Z/screen6-recall-v128-t128-seq-s1/report.json,SYN,3141363ea60321420d985cd7ea5bd9ecfd679eb4b2ba2a3ab070fb0c53bbf482,6,128,16,127,84ed87ebdd678a2c7323a7e0159e116d5c5f1c3bbac835e9dbf84f52e66a582f,6,600,11.967856585950358,3.951028928197388,0.06545096106456383,0.0,30435,1280,3.951028928197388
recall-v128-t128,in-context-recall,d128_6,seq,1,.runtime/cdrm-naive/20260907T123830Z/screen6-recall-v128-t128-seq-s1/report.json,SYN,3141363ea60321420d985cd7ea5bd9ecfd679eb4b2ba2a3ab070fb0c53bbf482,6,128,16,127,84ed87ebdd678a2c7323a7e0159e116d5c5f1c3bbac835e9dbf84f52e66a582f,7,700,13.94045729804202,3.8810555538442584,0.07080663709544932,0.0,30435,1280,3.8810555538442584
recall-v128-t128,in-context-recall,d128_6,seq,1,.runtime/cdrm-naive/20260907T123830Z/screen6-recall-v128-t128-seq-s1/report.json,SYN,3141363ea60321420d985cd7ea5bd9ecfd679eb4b2ba2a3ab070fb0c53bbf482,6,128,16,127,84ed87ebdd678a2c7323a7e0159e116d5c5f1c3bbac835e9dbf84f52e66a582f,8,800,15.901183233116171,3.8323397969032365,0.07376375883029407,0.0,30435,1280,3.8323397969032365
recall-v128-t128,in-context-recall,d128_6,seq,1,.runtime/cdrm-naive/20260907T123830Z/screen6-recall-v128-t128-seq-s1/report.json,SYN,3141363ea60321420d985cd7ea5bd9ecfd679eb4b2ba2a3ab070fb0c53bbf482,6,128,16,127,84ed87ebdd678a2c7323a7e0159e116d5c5f1c3bbac835e9dbf84f52e66a582f,9,900,17.867661150128697,3.783603632741909,0.07343518974864466,0.0,30435,1280,3.783603632741909
recall-v128-t128,in-context-recall,d128_6,seq,1,.runtime/cdrm-naive/20260907T123830Z/screen6-recall-v128-t128-seq-s1/report.json,SYN,3141363ea60321420d985cd7ea5bd9ecfd679eb4b2ba2a3ab070fb0c53bbf482,6,128,16,127,84ed87ebdd678a2c7323a7e0159e116d5c5f1c3bbac835e9dbf84f52e66a582f,10,1000,19.83494981113472,3.7589032274211434,0.07474946607524231,0.0,30435,1280,3.7589032274211434
recall-v128-t128,in-context-recall,d128_6,seq,1,.runtime/cdrm-naive/20260907T123830Z/screen6-recall-v128-t128-seq-s1/report.json,SYN,3141363ea60321420d985cd7ea5bd9ecfd679eb4b2ba2a3ab070fb0c53bbf482,6,128,16,127,84ed87ebdd678a2c7323a7e0159e116d5c5f1c3bbac835e9dbf84f52e66a582f,11,1100,21.803518057087786,3.748508219360933,0.07373090192212912,0.0,30435,1280,3.748508219360933
recall-v128-t128,in-context-recall,d128_6,seq,1,.runtime/cdrm-naive/20260907T123830Z/screen6-recall-v128-t128-seq-s1/report.json,SYN,3141363ea60321420d985cd7ea5bd9ecfd679eb4b2ba2a3ab070fb0c53bbf482,6,128,16,127,84ed87ebdd678a2c7323a7e0159e116d5c5f1c3bbac835e9dbf84f52e66a582f,12,1200,23.766018540089135,3.751829366118367,0.07267948086085099,0.0,30435,1280,3.751829366118367
recall-v128-t128,in-context-recall,d128_6,seq,1,.runtime/cdrm-naive/20260907T123830Z/screen6-recall-v128-t128-seq-s1/report.json,SYN,3141363ea60321420d985cd7ea5bd9ecfd679eb4b2ba2a3ab070fb0c53bbf482,6,128,16,127,84ed87ebdd678a2c7323a7e0159e116d5c5f1c3bbac835e9dbf84f52e66a582f,13,1300,25.736199694147217,3.7470777245564317,0.07159520289140792,0.0,30435,1280,3.7470777245564317
recall-v128-t128,in-context-recall,d128_6,seq,1,.runtime/cdrm-naive/20260907T123830Z/screen6-recall-v128-t128-seq-s1/report.json,SYN,3141363ea60321420d985cd7ea5bd9ecfd679eb4b2ba2a3ab070fb0c53bbf482,6,128,16,127,84ed87ebdd678a2c7323a7e0159e116d5c5f1c3bbac835e9dbf84f52e66a582f,14,1400,27.710722763076774,3.747049520237802,0.07037949728930508,0.0,30435,1280,3.747049520237802
recall-v128-t128,in-context-recall,d128_6,seq,1,.runtime/cdrm-naive/20260907T123830Z/screen6-recall-v128-t128-seq-s1/report.json,SYN,3141363ea60321420d985cd7ea5bd9ecfd679eb4b2ba2a3ab070fb0c53bbf482,6,128,16,127,84ed87ebdd678a2c7323a7e0159e116d5c5f1c3bbac835e9dbf84f52e66a582f,15,1500,29.697692751986324,3.7587405151347135,0.06988664366683095,0.0,30435,1280,3.7587405151347135
recall-v128-t128,in-context-recall,d128_6,seq,1,.runtime/cdrm-naive/20260907T123830Z/screen6-recall-v128-t128-seq-s1/report.json,SYN,3141363ea60321420d985cd7ea5bd9ecfd679eb4b2ba2a3ab070fb0c53bbf482,6,128,16,127,84ed87ebdd678a2c7323a7e0159e116d5c5f1c3bbac835e9dbf84f52e66a582f,16,1600,31.6656333598512,3.785513697223591,0.06801379990142928,0.0,30435,1280,3.785513697223591
recall-v128-t128,in-context-recall,d128_6,seq,1,.runtime/cdrm-naive/20260907T123830Z/screen6-recall-v128-t128-seq-s1/report.json,SYN,3141363ea60321420d985cd7ea5bd9ecfd679eb4b2ba2a3ab070fb0c53bbf482,6,128,16,127,84ed87ebdd678a2c7323a7e0159e116d5c5f1c3bbac835e9dbf84f52e66a582f,17,1700,33.63474844687153,3.803203644806555,0.06587810087070807,0.0,30435,1280,3.803203644806555
recall-v128-t128,in-context-recall,d128_6,seq,1,.runtime/cdrm-naive/20260907T123830Z/screen6-recall-v128-t128-seq-s1/report.json,SYN,3141363ea60321420d985cd7ea5bd9ecfd679eb4b2ba2a3ab070fb0c53bbf482,6,128,16,127,84ed87ebdd678a2c7323a7e0159e116d5c5f1c3bbac835e9dbf84f52e66a582f,18,1800,35.61557653491036,3.8302879086577954,0.06745523246262526,0.0,30435,1280,3.8302879086577954
recall-v128-t128,in-context-recall,d128_6,seq,1,.runtime/cdrm-naive/20260907T123830Z/screen6-recall-v128-t128-seq-s1/report.json,SYN,3141363ea60321420d985cd7ea5bd9ecfd679eb4b2ba2a3ab070fb0c53bbf482,6,128,16,127,84ed87ebdd678a2c7323a7e0159e116d5c5f1c3bbac835e9dbf84f52e66a582f,19,1900,37.59277422989544,3.854416398420815,0.06367668802365697,0.0,30435,1280,3.854416398420815
recall-v128-t128,in-context-recall,d128_6,seq,1,.runtime/cdrm-naive/20260907T123830Z/screen6-recall-v128-t128-seq-s1/report.json,SYN,3141363ea60321420d985cd7ea5bd9ecfd679eb4b2ba2a3ab070fb0c53bbf482,6,128,16,127,84ed87ebdd678a2c7323a7e0159e116d5c5f1c3bbac835e9dbf84f52e66a582f,20,2000,39.575597008966724,3.8847332493942006,0.06255955314604895,0.0,30435,1280,3.8847332493942006
recall-v128-t128,in-context-recall,d128_6,seq,1,.runtime/cdrm-naive/20260907T123830Z/screen6-recall-v128-t128-seq-s1/report.json,SYN,3141363ea60321420d985cd7ea5bd9ecfd679eb4b2ba2a3ab070fb0c53bbf482,6,128,16,127,84ed87ebdd678a2c7323a7e0159e116d5c5f1c3bbac835e9dbf84f52e66a582f,21,2100,41.55479406185623,3.921029030875226,0.0603909972071628,0.0,30435,1280,3.921029030875226
recall-v128-t128,in-context-recall,d128_6,seq,1,.runtime/cdrm-naive/20260907T123830Z/screen6-recall-v128-t128-seq-s1/report.json,SYN,3141363ea60321420d985cd7ea5bd9ecfd679eb4b2ba2a3ab070fb0c53bbf482,6,128,16,127,84ed87ebdd678a2c7323a7e0159e116d5c5f1c3bbac835e9dbf84f52e66a582f,22,2200,43.529910443816334,3.9541188572983406,0.059799572860193856,0.0,30435,1280,3.9541188572983406
recall-v128-t128,in-context-recall,d128_6,seq,1,.runtime/cdrm-naive/20260907T123830Z/screen6-recall-v128-t128-seq-s1/report.json,SYN,3141363ea60321420d985cd7ea5bd9ecfd679eb4b2ba2a3ab070fb0c53bbf482,6,128,16,127,84ed87ebdd678a2c7323a7e0159e116d5c5f1c3bbac835e9dbf84f52e66a582f,23,2300,45.505559547949815,4.0107738251088385,0.05878100870708066,0.0,30435,1280,4.0107738251088385
recall-v128-t128,in-context-recall,d128_6,seq,1,.runtime/cdrm-naive/20260907T123830Z/screen6-recall-v128-t128-seq-s1/report.json,SYN,3141363ea60321420d985cd7ea5bd9ecfd679eb4b2ba2a3ab070fb0c53bbf482,6,128,16,127,84ed87ebdd678a2c7323a7e0159e116d5c5f1c3bbac835e9dbf84f52e66a582f,24,2400,47.48102762395865,4.039976974494825,0.05907672088056514,0.0,30435,1280,4.039976974494825
recall-v128-t128,in-context-recall,d128_6,seq,1,.runtime/cdrm-naive/20260907T123830Z/screen6-recall-v128-t128-seq-s1/report.json,SYN,3141363ea60321420d985cd7ea5bd9ecfd679eb4b2ba2a3ab070fb0c53bbf482,6,128,16,127,84ed87ebdd678a2c7323a7e0159e116d5c5f1c3bbac835e9dbf84f52e66a582f,25,2500,49.4504183599056,4.092323740656317,0.05809101363561689,0.0,30435,1280,4.092323740656317
