update,role,length,words,E_seq,E_seq_rope,E_delta_pp,A_seq,A_seq_rope,A_delta_pp,M_seq,M_seq_rope,M_delta_pp
10000,dev,1,102400,1.0,1.0,0.0,1.0,1.0,0.0,1.0,1.0,0.0
10000,dev,2,102400,0.9828125,0.98333984375,0.05273437500000755,0.9828125,0.98333984375,0.05273437500000755,0.99140625,0.991669921875,0.026367187499998224
10000,dev,3,102400,0.979072265625,0.98138671875,0.23144531250000044,0.98548828125,0.997060546875,1.1572265625000022,0.98943359375,0.993466796875,0.40332031249999956
10000,dev,4,102400,0.9170703125,0.974248046875,5.717773437499996,0.920966796875,0.98109375,6.012695312499994,0.97231689453125,0.99037353515625,1.8056640625000009
10000,dev,5,102400,0.618427734375,0.9446484375,32.62207031250001,0.653291015625,0.966689453125,31.339843749999996,0.90851171875,0.98563671875,7.7125
10000,dev,6,102400,0.086181640625,0.865888671875,77.970703125,0.106416015625,0.901044921875,79.462890625,0.7748291015625,0.9715380859375,19.670898437500007
10000,dev,7,102400,0.00873046875,0.15033203125,14.16015625,0.03162109375,0.17279296875,14.1171875,0.6686565290178571,0.857431640625,18.87751116071429
10000,dev,8,102400,0.00083984375,0.01072265625,0.9882812500000001,0.01919921875,0.038017578125,1.8818359375,0.587474365234375,0.7550048828125,16.7530517578125
10000,dev,9,102400,5.859375e-05,0.000595703125,0.05371093750000001,0.017158203125,0.020380859375,0.32226562500000006,0.5241059027777778,0.6733799913194445,14.927408854166668
10000,dev,10,102400,9.765625e-06,0.0,-0.0009765625,0.01662109375,0.017802734375,0.11816406250000008,0.473357421875,0.607822265625,13.446484374999995
10000,dev,11,102400,0.0,0.0,0.0,0.015830078125,0.01658203125,0.07519531249999996,0.43176402698863636,0.5540731534090909,12.230912642045455
10000,dev,12,102400,0.0,0.0,0.0,0.016865234375,0.01658203125,-0.028320312499999917,0.3971891276041667,0.5092822265625,11.20930989583333
10000,ood_dev,1,102400,1.0,1.0,0.0,1.0,1.0,0.0,1.0,1.0,0.0
10000,ood_dev,2,102400,0.983037109375,0.9834765625,0.04394531250000444,0.983037109375,0.9834765625,0.04394531250000444,0.9915185546875,0.99173828125,0.021972656249991118
10000,ood_dev,3,102400,0.979296875,0.9815234375,0.22265625000000844,0.985107421875,0.996904296875,1.179687500000004,0.9893815104166667,0.9934602864583333,0.4078776041666621
10000,ood_dev,4,102400,0.916328125,0.9748046875,5.84765625,0.92017578125,0.981337890625,6.1162109375,0.972080078125,0.9904296875,1.8349609375000075
10000,ood_dev,5,102400,0.61892578125,0.944287109375,32.53613281250001,0.654619140625,0.96599609375,31.137695312499993,0.908587890625,0.98554296875,7.6955078125000025
10000,ood_dev,6,102400,0.0860546875,0.86533203125,77.927734375,0.10564453125,0.901572265625,79.5927734375,0.7747639973958333,0.9715478515625,19.678385416666664
10000,ood_dev,7,102400,0.008701171875,0.148203125,13.9501953125,0.031279296875,0.170302734375,13.902343749999998,0.6685518973214286,0.8570842633928571,18.853236607142854
10000,ood_dev,8,102400,0.000732421875,0.010283203125,0.9550781249999999,0.0194140625,0.0366015625,1.7187499999999998,0.58740966796875,0.75452392578125,16.71142578125
10000,ood_dev,9,102400,0.0001171875,0.0004296875,0.03125,0.017470703125,0.019990234375,0.25195312499999983,0.5240831163194445,0.6729090711805555,14.882595486111105
10000,ood_dev,10,102400,0.0,2.9296875e-05,0.0029296875,0.017353515625,0.017216796875,-0.013671875000000056,0.47341015625,0.60733984375,13.392968750000007
10000,ood_dev,11,102400,0.0,0.0,0.0,0.016064453125,0.017099609375,0.10351562500000022,0.43183327414772726,0.553681640625,12.184836647727277
10000,ood_dev,12,102400,0.0,0.0,0.0,0.016943359375,0.017109375,0.01660156249999982,0.39725911458333335,0.50896728515625,11.170817057291666
10000,ood_dev,13,102400,0.0,0.0,0.0,0.0167578125,0.016533203125,-0.02246093750000004,0.36798978365384616,0.47108774038461537,10.309795673076922
10000,ood_dev,14,102400,0.0,0.0,0.0,0.016279296875,0.01611328125,-0.016601562500000167,0.34286760602678573,0.43858956473214283,9.57219587053571
10000,ood_dev,15,102400,0.0,0.0,0.0,0.016552734375,0.016640625,0.008789062499999986,0.32111328125,0.4104596354166667,8.93463541666667
10000,ood_dev,16,102400,0.0,0.0,0.0,0.0177734375,0.017353515625,-0.04199218749999997,0.302154541015625,0.3858905029296875,8.373596191406252
10000,ood_dev,17,102400,0.0,0.0,0.0,0.016435546875,0.01625,-0.018554687499999778,0.2853475413602941,0.3641469439338235,7.879940257352941
10000,ood_dev,18,102400,0.0,0.0,0.0,0.016494140625,0.016943359375,0.04492187500000008,0.27041124131944444,0.3448578559027778,7.444661458333335
10000,ood_dev,19,102400,0.0,0.0,0.0,0.01662109375,0.01693359375,0.03125000000000003,0.25705386513157896,0.3275986842105263,7.054481907894733
10000,ood_dev,20,102400,0.0,0.0,0.0,0.016259765625,0.01611328125,-0.014648437499999861,0.24501416015625,0.3120244140625,6.701025390624999
10000,ood_dev,21,102400,0.0,0.0,0.0,0.01623046875,0.016376953125,0.014648437499999861,0.23411969866071428,0.2979459635416667,6.382626488095242
10000,ood_dev,22,102400,0.0,0.0,0.0,0.0166015625,0.01703125,0.042968750000000125,0.2242325106534091,0.28517711292613634,6.094460227272725
10000,ood_dev,23,102400,0.0,0.0,0.0,0.01705078125,0.016904296875,-0.014648437500000208,0.215224609375,0.2735130774456522,5.828846807065219
10000,ood_dev,24,102400,0.0,0.0,0.0,0.017158203125,0.0168359375,-0.03222656250000018,0.20697184244791667,0.26281819661458333,5.584635416666667
10000,ood_dev,25,102400,0.0,0.0,0.0,0.01630859375,0.01677734375,0.04687500000000004,0.1993453125,0.2529765625,5.363124999999999
10000,ood_dev,26,102400,0.0,0.0,0.0,0.0164453125,0.016103515625,-0.03417968750000014,0.19231069711538462,0.2438660606971154,5.155536358173077
10000,ood_dev,27,102400,0.0,0.0,0.0,0.01703125,0.015966796875,-0.10644531249999999,0.18581886574074075,0.23542534722222222,4.960648148148147
10000,ood_dev,28,102400,0.0,0.0,0.0,0.017490234375,0.016298828125,-0.11914062499999989,0.17980712890625,0.22759940011160715,4.779227120535714
10000,ood_dev,29,102400,0.0,0.0,0.0,0.01646484375,0.01638671875,-0.0078124999999998335,0.17417463631465518,0.2203162042025862,4.614156788793103
10000,ood_dev,30,102400,0.0,0.0,0.0,0.0165625,0.01708984375,0.05273437499999992,0.1689208984375,0.2135419921875,4.462109375000001
10000,ood_dev,31,102400,0.0,0.0,0.0,0.016181640625,0.01689453125,0.07128906250000004,0.16399382560483872,0.20719852570564515,4.320470010080643
10000,ood_dev,32,102400,0.0,0.0,0.0,0.01677734375,0.0158984375,-0.08789062499999986,0.159393310546875,0.20122039794921875,4.182708740234375
10000,ood_dev,33,102400,0.0,0.0,0.0,0.016640625,0.01658203125,-0.005859374999999875,0.15506747159090908,0.1956252959280303,4.055782433712121
10000,ood_dev,34,102400,0.0,0.0,0.0,0.0163671875,0.016171875,-0.019531250000000278,0.15098805147058825,0.1903472541360294,3.9359202665441155
10000,ood_dev,35,102400,0.0,0.0,0.0,0.017275390625,0.01759765625,0.03222656249999983,0.14716768973214286,0.18541155133928572,3.8243861607142855
10000,ood_dev,36,102400,0.0,0.0,0.0,0.01666015625,0.01693359375,0.02734375000000011,0.14354248046875,0.18073160807291666,3.718912760416665
25000,dev,1,102400,1.0,1.0,0.0,1.0,1.0,0.0,1.0,1.0,0.0
25000,dev,2,102400,0.98333984375,0.98333984375,0.0,0.98333984375,0.98333984375,0.0,0.991669921875,0.991669921875,0.0
25000,dev,3,102400,0.981494140625,0.98302734375,0.15332031250000488,0.9973046875,0.99939453125,0.20898437499999867,0.9935481770833333,0.9942447916666667,0.06966145833333659
25000,dev,4,102400,0.964140625,0.982109375,1.7968749999999978,0.97392578125,0.99751953125,2.359375000000008,0.988642578125,0.9950634765625,0.6420898437500044
25000,dev,5,102400,0.87755859375,0.978330078125,10.077148437499995,0.893876953125,0.995048828125,10.117187499999991,0.969689453125,0.995060546875,2.5371093750000018
25000,dev,6,102400,0.5349609375,0.972314453125,43.7353515625,0.572451171875,0.992333984375,41.98828124999999,0.9034830729166666,0.9946061197916667,9.112304687500005
25000,dev,7,102400,0.143369140625,0.943662109375,80.029296875,0.1883984375,0.968232421875,77.9833984375,0.801328125,0.9908384486607142,18.95103236607143
25000,dev,8,102400,0.025908203125,0.898154296875,87.224609375,0.062763671875,0.937783203125,87.501953125,0.709007568359375,0.98420654296875,27.519897460937504
25000,dev,9,102400,0.003486328125,0.439013671875,43.552734375,0.02978515625,0.477841796875,44.8056640625,0.6335384114583333,0.9279437934027778,29.440538194444443
25000,dev,10,102400,0.0004296875,0.09755859375,9.712890625,0.020693359375,0.123544921875,10.28515625,0.57225390625,0.84750390625,27.525
25000,dev,11,102400,4.8828125e-05,0.010576171875,1.052734375,0.01888671875,0.029677734375,1.0791015625,0.5219477982954546,0.7731560724431819,25.120827414772727
25000,dev,12,102400,9.765625e-06,0.000703125,0.0693359375,0.0179296875,0.018173828125,0.0244140625,0.4799462890625,0.7102408854166666,23.029459635416664
25000,ood_dev,1,102400,1.0,1.0,0.0,1.0,1.0,0.0,1.0,1.0,0.0
25000,ood_dev,2,102400,0.9834765625,0.9834765625,0.0,0.9834765625,0.9834765625,0.0,0.99173828125,0.99173828125,0.0
25000,ood_dev,3,102400,0.9815234375,0.983115234375,0.15917968749999956,0.996826171875,0.999296875,0.24707031249999734,0.9934342447916666,0.9942578125,0.08235677083333615
25000,ood_dev,4,102400,0.96537109375,0.982275390625,1.6904296875000058,0.974697265625,0.997529296875,2.2832031249999996,0.98875,0.99507568359375,0.6325683593749964
25000,ood_dev,5,102400,0.878642578125,0.978564453125,9.992187499999993,0.894296875,0.99498046875,10.068359375000002,0.969859375,0.995056640625,2.519726562500002
25000,ood_dev,6,102400,0.533642578125,0.972197265625,43.85546874999999,0.571796875,0.992158203125,42.03613281250001,0.903515625,0.9945735677083334,9.105794270833334
25000,ood_dev,7,102400,0.142978515625,0.94162109375,79.8642578125,0.187568359375,0.96578125,77.82128906250001,0.8012374441964286,0.9904603794642857,18.922293526785705
25000,ood_dev,8,102400,0.026455078125,0.89646484375,87.0009765625,0.063447265625,0.938603515625,87.515625,0.709013671875,0.983978271484375,27.496459960937504
25000,ood_dev,9,102400,0.004033203125,0.435068359375,43.103515625,0.030244140625,0.474658203125,44.44140625000001,0.6335948350694445,0.9273871527777777,29.379231770833325
25000,ood_dev,10,102400,0.00048828125,0.09771484375,9.72265625,0.02013671875,0.123984375,10.384765624999998,0.5722490234375,0.847046875,27.479785156250003
25000,ood_dev,11,102400,4.8828125e-05,0.01029296875,1.0244140624999998,0.01765625,0.02943359375,1.1777343750000002,0.5218314985795455,0.7727183948863636,25.088689630681817
25000,ood_dev,12,102400,9.765625e-06,0.0005078125,0.0498046875,0.017421875,0.017724609375,0.030273437499999875,0.47979736328125,0.70980224609375,23.000488281249996
25000,ood_dev,13,102400,0.0,2.9296875e-05,0.0029296875,0.01677734375,0.016787109375,0.0009765625000001527,0.4441804387019231,0.6564933894230769,21.23129507211538
25000,ood_dev,14,102400,0.0,0.0,0.0,0.01646484375,0.016455078125,-0.0009765624999998057,0.4136293247767857,0.6107763671875,19.714704241071423
25000,ood_dev,15,102400,0.0,0.0,0.0,0.017294921875,0.01701171875,-0.028320312499999917,0.38720703125,0.5711920572916667,18.398502604166666
25000,ood_dev,16,102400,0.0,0.0,0.0,0.016162109375,0.016103515625,-0.005859375000000222,0.3640167236328125,0.5364990234375,17.24822998046875
25000,ood_dev,17,102400,0.0,0.0,0.0,0.016806640625,0.01662109375,-0.018554687500000125,0.34359260110294115,0.50591796875,16.23253676470588
25000,ood_dev,18,102400,0.0,0.0,0.0,0.016357421875,0.0162109375,-0.014648437499999861,0.3254128689236111,0.47871202256944445,15.329915364583336
25000,ood_dev,19,102400,0.0,0.0,0.0,0.016708984375,0.01712890625,0.04199218749999997,0.3091652960526316,0.45441817434210524,14.525287828947365
25000,ood_dev,20,102400,0.0,0.0,0.0,0.016669921875,0.016650390625,-0.0019531249999999584,0.29454052734375,0.43252978515625,13.798925781249999
25000,ood_dev,21,102400,0.0,0.0,0.0,0.017138671875,0.016318359375,-0.08203124999999999,0.28133091517857145,0.41271019345238097,13.137927827380953
25000,ood_dev,22,102400,0.0,0.0,0.0,0.01697265625,0.01681640625,-0.015625000000000014,0.26931463068181816,0.3947150213068182,12.540039062500002
25000,ood_dev,23,102400,0.0,0.0,0.0,0.0171484375,0.016318359375,-0.08300781249999979,0.2583508831521739,0.37826299252717394,11.991210937500002
25000,ood_dev,24,102400,0.0,0.0,0.0,0.016298828125,0.017109375,0.08105468749999983,0.248265380859375,0.3632149251302083,11.494954427083332
25000,ood_dev,25,102400,0.0,0.0,0.0,0.016650390625,0.016025390625,-0.06250000000000006,0.23900078125,0.34932734375,11.032656250000002
25000,ood_dev,26,102400,0.0,0.0,0.0,0.016640625,0.016064453125,-0.057617187499999986,0.23044846754807694,0.3365095402644231,10.606107271634615
25000,ood_dev,27,102400,0.0,0.0,0.0,0.01677734375,0.016865234375,0.008789062499999986,0.22253472222222223,0.32467086226851855,10.213614004629632
25000,ood_dev,28,102400,0.0,0.0,0.0,0.01671875,0.016533203125,-0.018554687500000125,0.2151841517857143,0.3136659458705357,9.84817940848214
25000,ood_dev,29,102400,0.0,0.0,0.0,0.016455078125,0.016103515625,-0.03515625000000029,0.20833142510775862,0.3034051724137931,9.507374730603448
25000,ood_dev,30,102400,0.0,0.0,0.0,0.0176953125,0.016806640625,-0.08886718750000001,0.20197688802083333,0.29385188802083334,9.187500000000002
25000,ood_dev,31,102400,0.0,0.0,0.0,0.01669921875,0.016376953125,-0.03222656250000018,0.1960001890120968,0.28490108366935485,8.890089465725806
25000,ood_dev,32,102400,0.0,0.0,0.0,0.016513671875,0.01611328125,-0.040039062500000014,0.1903912353515625,0.27650146484375,8.61102294921875
25000,ood_dev,33,102400,0.0,0.0,0.0,0.016650390625,0.016943359375,0.02929687500000007,0.1851263612689394,0.2686360677083333,8.350970643939393
25000,ood_dev,34,102400,0.0,0.0,0.0,0.01720703125,0.016748046875,-0.045898437500000236,0.18018755744485293,0.26122759650735294,8.104003906250002
25000,ood_dev,35,102400,0.0,0.0,0.0,0.01662109375,0.01658203125,-0.0039062499999999167,0.17551422991071428,0.2542377232142857,7.872349330357145
25000,ood_dev,36,102400,0.0,0.0,0.0,0.01638671875,0.016923828125,0.05371093749999972,0.17109402126736112,0.24764567057291667,7.655164930555555
50000,dev,1,102400,1.0,1.0,0.0,1.0,1.0,0.0,1.0,1.0,0.0
50000,dev,2,102400,0.98333984375,0.98333984375,0.0,0.98333984375,0.98333984375,0.0,0.991669921875,0.991669921875,0.0
50000,dev,3,102400,0.982421875,0.983115234375,0.06933593750000355,0.9984765625,0.99947265625,0.09960937499999822,0.9939388020833333,0.9942708333333333,0.03320312500000311
50000,dev,4,102400,0.971123046875,0.982451171875,1.1328125000000022,0.98556640625,0.998583984375,1.301757812499993,0.991845703125,0.99534912109375,0.3503417968749978
50000,dev,5,102400,0.927109375,0.98033203125,5.322265625,0.9458984375,0.996826171875,5.092773437499998,0.98265625,0.99564453125,1.2988281249999956
50000,dev,6,102400,0.7838671875,0.976181640625,19.231445312500007,0.818955078125,0.994501953125,17.5546875,0.9553727213541666,0.9954541015625,4.008138020833341
50000,dev,7,102400,0.474638671875,0.96685546875,49.2216796875,0.535478515625,0.98802734375,45.2548828125,0.8953878348214286,0.9943931361607142,9.900530133928564
50000,dev,8,102400,0.184619140625,0.9272265625,74.2607421875,0.25546875,0.9475390625,69.20703125,0.81539794921875,0.988536376953125,17.313842773437504
50000,dev,9,102400,0.0480859375,0.65548828125,60.740234375,0.105390625,0.690234375,58.484375,0.7365082465277778,0.9553917100694445,21.888346354166664
50000,dev,10,102400,0.010322265625,0.26689453125,25.6572265625,0.049111328125,0.305,25.588867187499996,0.6677685546875,0.8903525390625,22.258398437500006
50000,dev,11,102400,0.001904296875,0.06220703125,6.0302734375,0.02791015625,0.094072265625,6.6162109375,0.609599609375,0.8179634232954546,20.836381392045457
50000,dev,12,102400,0.0003515625,0.00822265625,0.787109375,0.020703125,0.031513671875,1.0810546875000004,0.56052490234375,0.7524259440104166,19.190104166666664
50000,ood_dev,1,102400,1.0,1.0,0.0,1.0,1.0,0.0,1.0,1.0,0.0
50000,ood_dev,2,102400,0.9834765625,0.9834765625,0.0,0.9834765625,0.9834765625,0.0,0.99173828125,0.99173828125,0.0
50000,ood_dev,3,102400,0.982412109375,0.98333984375,0.09277343750000444,0.998232421875,0.999423828125,0.11914062499999156,0.9939029947916667,0.9943001302083333,0.039713541666663854
50000,ood_dev,4,102400,0.971552734375,0.982861328125,1.130859375000004,0.98615234375,0.99876953125,1.261718749999996,0.99196533203125,0.99541748046875,0.3452148437499969
50000,ood_dev,5,102400,0.92837890625,0.980849609375,5.247070312500002,0.94658203125,0.996884765625,5.030273437499999,0.982888671875,0.9957109375,1.2822265624999996
50000,ood_dev,6,102400,0.78466796875,0.9765625,19.189453125,0.818779296875,0.99427734375,17.549804687500004,0.955537109375,0.9954720052083333,3.9934895833333317
50000,ood_dev,7,102400,0.47298828125,0.96716796875,49.41796875,0.53302734375,0.988056640625,45.50292968749999,0.8951785714285714,0.9944126674107143,9.923409598214295
50000,ood_dev,8,102400,0.1832421875,0.927099609375,74.3857421875,0.2566015625,0.9472265625,69.0625,0.8153564453125,0.988514404296875,17.315795898437504
50000,ood_dev,9,102400,0.049677734375,0.6536328125,60.39550781250001,0.106982421875,0.68884765625,58.18652343750001,0.7366482204861111,0.9552180989583333,21.85698784722222
50000,ood_dev,10,102400,0.01044921875,0.26560546875,25.515625000000004,0.048759765625,0.303154296875,25.439453125,0.667859375,0.89001171875,22.215234374999994
50000,ood_dev,11,102400,0.00177734375,0.062734375,6.095703124999999,0.027724609375,0.09501953125,6.7294921875,0.6096653053977272,0.8177397017045455,20.807439630681824
50000,ood_dev,12,102400,0.000283203125,0.008251953125,0.796875,0.020546875,0.030712890625,1.0166015625,0.5605721028645834,0.7521541341145833,19.158203124999996
50000,ood_dev,13,102400,2.9296875e-05,0.000625,0.0595703125,0.01765625,0.01841796875,0.07617187500000011,0.5188093449519231,0.695712890625,17.690354567307686
50000,ood_dev,14,102400,0.0,3.90625e-05,0.00390625,0.017236328125,0.017646484375,0.04101562500000017,0.48298270089285716,0.6472795758928571,16.429687499999996
50000,ood_dev,15,102400,0.0,0.0,0.0,0.016943359375,0.017158203125,0.02148437499999989,0.45191341145833336,0.605271484375,15.335807291666665
50000,ood_dev,16,102400,0.0,0.0,0.0,0.01712890625,0.01650390625,-0.06250000000000006,0.4247393798828125,0.5684735107421875,14.373413085937504
50000,ood_dev,17,102400,0.0,0.0,0.0,0.016923828125,0.0169140625,-0.0009765624999998057,0.40075022977941177,0.5360288373161765,13.527860753676467
50000,ood_dev,18,102400,0.0,0.0,0.0,0.016259765625,0.016484375,0.02246093750000004,0.3793896484375,0.5071652560763888,12.777560763888884
50000,ood_dev,19,102400,0.0,0.0,0.0,0.016162109375,0.016630859375,0.04687500000000004,0.3602724095394737,0.48134765625,12.107524671052627
50000,ood_dev,20,102400,0.0,0.0,0.0,0.016376953125,0.0173828125,0.10058593750000011,0.34307763671875,0.4581494140625,11.507177734374995
50000,ood_dev,21,102400,0.0,0.0,0.0,0.016748046875,0.016875,0.01269531250000025,0.3275381324404762,0.43713634672619045,10.959821428571425
50000,ood_dev,22,102400,0.0,0.0,0.0,0.016103515625,0.016533203125,0.042968750000000125,0.31338201349431816,0.41801802201704547,10.46360085227273
50000,ood_dev,23,102400,0.0,0.0,0.0,0.016572265625,0.01640625,-0.01660156249999982,0.3004772418478261,0.400556640625,10.007939877717392
50000,ood_dev,24,102400,0.0,0.0,0.0,0.017255859375,0.0166015625,-0.06542968750000017,0.2886763509114583,0.38455851236979166,9.588216145833334
50000,ood_dev,25,102400,0.0,0.0,0.0,0.016748046875,0.01671875,-0.002929687499999764,0.27779921875,0.369844921875,9.2045703125
50000,ood_dev,26,102400,0.0,0.0,0.0,0.016396484375,0.015771484375,-0.06250000000000006,0.2677452674278846,0.3562267127403846,8.848144531249996
50000,ood_dev,27,102400,0.0,0.0,0.0,0.01677734375,0.016787109375,0.0009765625000001527,0.25845015914351854,0.3436548755787037,8.520471643518517
50000,ood_dev,28,102400,0.0,0.0,0.0,0.01615234375,0.01720703125,0.10546875000000018,0.24979666573660714,0.33199602399553574,8.21993582589286
50000,ood_dev,29,102400,0.0,0.0,0.0,0.017236328125,0.016357421875,-0.08789062499999986,0.24177734375,0.3211119342672414,7.933459051724137
50000,ood_dev,30,102400,0.0,0.0,0.0,0.016953125,0.0158984375,-0.10546874999999983,0.234283203125,0.31093815104166667,7.665494791666666
50000,ood_dev,31,102400,0.0,0.0,0.0,0.016845703125,0.0166015625,-0.0244140625,0.2272690902217742,0.30144342237903227,7.417433215725808
50000,ood_dev,32,102400,0.0,0.0,0.0,0.017001953125,0.016318359375,-0.06835937499999993,0.2206982421875,0.29253326416015624,7.183502197265623
50000,ood_dev,33,102400,0.0,0.0,0.0,0.01689453125,0.0160546875,-0.08398437499999994,0.2145223721590909,0.28415512547348487,6.963275331439397
50000,ood_dev,34,102400,0.0,0.0,0.0,0.0168359375,0.01744140625,0.0605468750000001,0.20870806525735294,0.27631060431985294,6.760253906249999
50000,ood_dev,35,102400,0.0,0.0,0.0,0.016845703125,0.016650390625,-0.01953124999999993,0.20322628348214286,0.26889174107142855,6.5665457589285685
50000,ood_dev,36,102400,0.0,0.0,0.0,0.01603515625,0.017353515625,0.13183593749999978,0.19802652994791667,0.2619045681423611,6.3878038194444455
