error,error_type,integrity_errors,observation,report,schema,sha256,status,wandb
,,[],closed_report,/workspace/cdrm-w-latent/.runtime/cdrm-150m-fuzzy-recall/20260908T031418Z/calibration/cdrm-lr1e-3-e10/report.json,cdrm-fuzzy-calibration-v1,30be48456c16bab1d812459fc02bdd6e01ed656c3dd5bff39e9c9a8af7c7742a,complete,"{""enabled"": true, ""entity"": ""taylorbollman"", ""group"": ""20260908T031418Z"", ""mode"": ""online"", ""name"": ""cdrm-lr1e-3-e10"", ""project"": ""cdrm-150m-fuzzy-recall"", ""project_url"": ""https://wandb.ai/taylorbollman/cdrm-150m-fuzzy-recall"", ""run_id"": ""7mnh8n81"", ""run_url"": ""https://wandb.ai/taylorbollman/cdrm-150m-fuzzy-recall/runs/7mnh8n81"", ""status"": ""synced"", ""system_stats"": false}"
,,[],closed_report,/workspace/cdrm-w-latent/.runtime/cdrm-150m-fuzzy-recall/20260908T031418Z/calibration/cdrm-lr1e-4-e10/report.json,cdrm-fuzzy-calibration-v1,a2f402927688f656c9003bef08581a25132d137f6305e8c75bb9108152f1b157,complete,"{""enabled"": true, ""entity"": ""taylorbollman"", ""group"": ""20260908T031418Z"", ""mode"": ""online"", ""name"": ""cdrm-lr1e-4-e10"", ""project"": ""cdrm-150m-fuzzy-recall"", ""project_url"": ""https://wandb.ai/taylorbollman/cdrm-150m-fuzzy-recall"", ""run_id"": ""861htuqq"", ""run_url"": ""https://wandb.ai/taylorbollman/cdrm-150m-fuzzy-recall/runs/861htuqq"", ""status"": ""synced"", ""system_stats"": false}"
,,[],closed_report,/workspace/cdrm-w-latent/.runtime/cdrm-150m-fuzzy-recall/20260908T031418Z/calibration/cdrm-lr5e-4-e10/report.json,cdrm-fuzzy-calibration-v1,c3534e4360beaa0c8d6d9c090c5f3478dfe9f8fd845cca30d46e3210be6853aa,complete,"{""enabled"": true, ""entity"": ""taylorbollman"", ""group"": ""20260908T031418Z"", ""mode"": ""online"", ""name"": ""cdrm-lr5e-4-e10"", ""project"": ""cdrm-150m-fuzzy-recall"", ""project_url"": ""https://wandb.ai/taylorbollman/cdrm-150m-fuzzy-recall"", ""run_id"": ""djh5k3gq"", ""run_url"": ""https://wandb.ai/taylorbollman/cdrm-150m-fuzzy-recall/runs/djh5k3gq"", ""status"": ""synced"", ""system_stats"": false}"
,,[],closed_report,/workspace/cdrm-w-latent/.runtime/cdrm-150m-fuzzy-recall/20260908T031418Z/calibration/cdrm-lr5e-4-prefix/report.json,cdrm-fuzzy-calibration-v1,d270f84fb86258d4d40b3309f0759c58d1be622be2cd864db005994ff2e1c965,complete,"{""enabled"": true, ""entity"": ""taylorbollman"", ""group"": ""20260908T031418Z"", ""mode"": ""online"", ""name"": ""cdrm-lr5e-4-prefix"", ""project"": ""cdrm-150m-fuzzy-recall"", ""project_url"": ""https://wandb.ai/taylorbollman/cdrm-150m-fuzzy-recall"", ""run_id"": ""9yzuhr1q"", ""run_url"": ""https://wandb.ai/taylorbollman/cdrm-150m-fuzzy-recall/runs/9yzuhr1q"", ""status"": ""synced"", ""system_stats"": false}"
,,[],closed_report,/workspace/cdrm-w-latent/.runtime/cdrm-150m-fuzzy-recall/20260908T031418Z/calibration/seq-lr1e-3-e10/report.json,cdrm-fuzzy-calibration-v1,2982aa5648cfe1563bb57723fc644262cf1cafba5eb36a0ff6efd6441f10e1af,complete,"{""enabled"": true, ""entity"": ""taylorbollman"", ""group"": ""20260908T031418Z"", ""mode"": ""online"", ""name"": ""seq-lr1e-3-e10"", ""project"": ""cdrm-150m-fuzzy-recall"", ""project_url"": ""https://wandb.ai/taylorbollman/cdrm-150m-fuzzy-recall"", ""run_id"": ""1tpicyu2"", ""run_url"": ""https://wandb.ai/taylorbollman/cdrm-150m-fuzzy-recall/runs/1tpicyu2"", ""status"": ""synced"", ""system_stats"": false}"
,,[],closed_report,/workspace/cdrm-w-latent/.runtime/cdrm-150m-fuzzy-recall/20260908T031418Z/calibration/seq-lr1e-4-e10/report.json,cdrm-fuzzy-calibration-v1,0736cba433e44e5b07b8daa18456513c2951cb7ab2988f287847ea56ed7741e3,complete,"{""enabled"": true, ""entity"": ""taylorbollman"", ""group"": ""20260908T031418Z"", ""mode"": ""online"", ""name"": ""seq-lr1e-4-e10"", ""project"": ""cdrm-150m-fuzzy-recall"", ""project_url"": ""https://wandb.ai/taylorbollman/cdrm-150m-fuzzy-recall"", ""run_id"": ""zvwlu7ic"", ""run_url"": ""https://wandb.ai/taylorbollman/cdrm-150m-fuzzy-recall/runs/zvwlu7ic"", ""status"": ""synced"", ""system_stats"": false}"
,,[],closed_report,/workspace/cdrm-w-latent/.runtime/cdrm-150m-fuzzy-recall/20260908T031418Z/calibration/seq-lr5e-4-e10/report.json,cdrm-fuzzy-calibration-v1,6f18b17893871277d64ae51c5642e0c8a68abe81c068936b7e046e30f58f0b87,complete,"{""enabled"": true, ""entity"": ""taylorbollman"", ""group"": ""20260908T031418Z"", ""mode"": ""online"", ""name"": ""seq-lr5e-4-e10"", ""project"": ""cdrm-150m-fuzzy-recall"", ""project_url"": ""https://wandb.ai/taylorbollman/cdrm-150m-fuzzy-recall"", ""run_id"": ""e7i4voez"", ""run_url"": ""https://wandb.ai/taylorbollman/cdrm-150m-fuzzy-recall/runs/e7i4voez"", ""status"": ""synced"", ""system_stats"": false}"
,,[],closed_report,/workspace/cdrm-w-latent/.runtime/cdrm-150m-fuzzy-recall/20260908T031418Z/calibration/seq-lr5e-4-prefix/report.json,cdrm-fuzzy-calibration-v1,dca58f9d249bec9297e752794b5ad01caf11cb4a5f2a03052cc90963d3af3cbf,complete,"{""enabled"": true, ""entity"": ""taylorbollman"", ""group"": ""20260908T031418Z"", ""mode"": ""online"", ""name"": ""seq-lr5e-4-prefix"", ""project"": ""cdrm-150m-fuzzy-recall"", ""project_url"": ""https://wandb.ai/taylorbollman/cdrm-150m-fuzzy-recall"", ""run_id"": ""hgd681c1"", ""run_url"": ""https://wandb.ai/taylorbollman/cdrm-150m-fuzzy-recall/runs/hgd681c1"", ""status"": ""synced"", ""system_stats"": false}"
,,[],closed_report,/workspace/cdrm-w-latent/.runtime/cdrm-150m-fuzzy-recall/20260908T031418Z/data/calibration/length256/manifest.json,cdrm-fuzzy-preparation-v1,1fdacf3c50c866e4af37aec695a1a3d914ad6b0c2a753c7a362aaaac52c5beda,complete,
,,[],closed_report,/workspace/cdrm-w-latent/.runtime/cdrm-150m-fuzzy-recall/20260908T031418Z/data/numerical/length128/manifest.json,cdrm-fuzzy-preparation-v1,fd10f19219831af60a091a53f3337c15e6d4bf9325cfbf89a68fc20aab33c191,complete,
,,[],closed_report,/workspace/cdrm-w-latent/.runtime/cdrm-150m-fuzzy-recall/20260908T031418Z/data/numerical/length17/manifest.json,cdrm-fuzzy-preparation-v1,d76560648e95818a617178cdf79bbe72aebd4eeafbb669407ec57f77de3109d2,complete,
,,[],closed_report,/workspace/cdrm-w-latent/.runtime/cdrm-150m-fuzzy-recall/20260908T031418Z/data/numerical/length256/manifest.json,cdrm-fuzzy-preparation-v1,4b4b143f852acbe42617e6d7494392e8c7d917e88eb3615e24765cf177cc266e,complete,
,,[],closed_report,/workspace/cdrm-w-latent/.runtime/cdrm-150m-fuzzy-recall/20260908T031418Z/data/numerical/length300/manifest.json,cdrm-fuzzy-preparation-v1,2458dd4bfc9db87801d4db4aeb651731c0b41712a568802a5b9dc976fdf3541a,complete,
,,[],closed_report,/workspace/cdrm-w-latent/.runtime/cdrm-150m-fuzzy-recall/20260908T031418Z/data/numerical/length32/manifest.json,cdrm-fuzzy-preparation-v1,b58e6674d9f49592c26540d6e3d8fd7c0a12850e7306f2b3386337fcc6f03e47,complete,
,,[],closed_report,/workspace/cdrm-w-latent/.runtime/cdrm-150m-fuzzy-recall/20260908T031418Z/initialization/calibration/report.json,cdrm-fuzzy-paired-initialization-v1,f32bc48cec4fb89d2b62291bc51266085bc18a19e380cc49ada6f151f53f7d2a,complete,
,,[],closed_report,/workspace/cdrm-w-latent/.runtime/cdrm-150m-fuzzy-recall/20260908T031418Z/numerical/initial-seq-t300-b128/report.json,cdrm-fuzzy-numerical-v1,003f007eec7e3c2984cf33e816d105601ed3c7ff131eab7b3cd79d76e1a41e1e,diagnostics_complete,"{""enabled"": true, ""entity"": ""taylorbollman"", ""group"": ""20260908T031418Z"", ""mode"": ""online"", ""name"": ""num-initial-seq-t300-b128"", ""project"": ""cdrm-150m-fuzzy-recall"", ""project_url"": ""https://wandb.ai/taylorbollman/cdrm-150m-fuzzy-recall"", ""run_id"": ""g7ua87j0"", ""run_url"": ""https://wandb.ai/taylorbollman/cdrm-150m-fuzzy-recall/runs/g7ua87j0"", ""status"": ""synced"", ""system_stats"": false}"
,,[],closed_report,/workspace/cdrm-w-latent/.runtime/cdrm-150m-fuzzy-recall/20260908T031418Z/numerical/initial-t128-b2/report.json,cdrm-fuzzy-numerical-v1,41270c9dcc7e81428a43d631b3c13221417f052504ada8135f67d7e7c3b730b4,diagnostics_complete,"{""enabled"": true, ""entity"": ""taylorbollman"", ""group"": ""20260908T031418Z"", ""mode"": ""online"", ""name"": ""num-initial-cdrm-t128-b2"", ""project"": ""cdrm-150m-fuzzy-recall"", ""project_url"": ""https://wandb.ai/taylorbollman/cdrm-150m-fuzzy-recall"", ""run_id"": ""vvh6pdn8"", ""run_url"": ""https://wandb.ai/taylorbollman/cdrm-150m-fuzzy-recall/runs/vvh6pdn8"", ""status"": ""synced"", ""system_stats"": false}"
,,[],closed_report,/workspace/cdrm-w-latent/.runtime/cdrm-150m-fuzzy-recall/20260908T031418Z/numerical/initial-t256-b2/report.json,cdrm-fuzzy-numerical-v1,5bd11e3679820002bab5dc8b73a95e70efdff91134617bf6999bfbcec6b37fa1,diagnostics_complete,"{""enabled"": true, ""entity"": ""taylorbollman"", ""group"": ""20260908T031418Z"", ""mode"": ""online"", ""name"": ""num-initial-cdrm-t256-b2"", ""project"": ""cdrm-150m-fuzzy-recall"", ""project_url"": ""https://wandb.ai/taylorbollman/cdrm-150m-fuzzy-recall"", ""run_id"": ""841wigd2"", ""run_url"": ""https://wandb.ai/taylorbollman/cdrm-150m-fuzzy-recall/runs/841wigd2"", ""status"": ""synced"", ""system_stats"": false}"
,,[],closed_report,/workspace/cdrm-w-latent/.runtime/cdrm-150m-fuzzy-recall/20260908T031418Z/numerical/initial-t300-b128/report.json,cdrm-fuzzy-numerical-v1,b4f23f73e8b767aa4894b6504f15a24cef6ec146ae7d07433b5adaa610018414,diagnostics_complete,"{""enabled"": true, ""entity"": ""taylorbollman"", ""group"": ""20260908T031418Z"", ""mode"": ""online"", ""name"": ""num-initial-cdrm-t300-b128"", ""project"": ""cdrm-150m-fuzzy-recall"", ""project_url"": ""https://wandb.ai/taylorbollman/cdrm-150m-fuzzy-recall"", ""run_id"": ""urdof1f5"", ""run_url"": ""https://wandb.ai/taylorbollman/cdrm-150m-fuzzy-recall/runs/urdof1f5"", ""status"": ""synced"", ""system_stats"": false}"
,,[],closed_report,/workspace/cdrm-w-latent/.runtime/cdrm-150m-fuzzy-recall/20260908T031418Z/numerical/initial-t300-b2/report.json,cdrm-fuzzy-numerical-v1,715852494ad4c4b6f13ff8d4b5eb389e01f009a812f954262854572c53a469a8,diagnostics_complete,"{""enabled"": true, ""entity"": ""taylorbollman"", ""group"": ""20260908T031418Z"", ""mode"": ""online"", ""name"": ""num-initial-cdrm-t300-b2"", ""project"": ""cdrm-150m-fuzzy-recall"", ""project_url"": ""https://wandb.ai/taylorbollman/cdrm-150m-fuzzy-recall"", ""run_id"": ""ri8lyxns"", ""run_url"": ""https://wandb.ai/taylorbollman/cdrm-150m-fuzzy-recall/runs/ri8lyxns"", ""status"": ""synced"", ""system_stats"": false}"
,,[],closed_report,/workspace/cdrm-w-latent/.runtime/cdrm-150m-fuzzy-recall/20260908T031418Z/numerical/initial-t32-b2/report.json,cdrm-fuzzy-numerical-v1,23cd672aa9406d4adc840d1b8b60c3df322e099f222fad90c0077178a2606005,diagnostics_complete,"{""enabled"": true, ""entity"": ""taylorbollman"", ""group"": ""20260908T031418Z"", ""mode"": ""online"", ""name"": ""num-initial-cdrm-t32-b2"", ""project"": ""cdrm-150m-fuzzy-recall"", ""project_url"": ""https://wandb.ai/taylorbollman/cdrm-150m-fuzzy-recall"", ""run_id"": ""w9zhg7zj"", ""run_url"": ""https://wandb.ai/taylorbollman/cdrm-150m-fuzzy-recall/runs/w9zhg7zj"", ""status"": ""synced"", ""system_stats"": false}"
,,[],closed_report,/workspace/cdrm-w-latent/.runtime/cdrm-150m-fuzzy-recall/20260908T031418Z/numerical/trained-seq-u101-t256-b128/report.json,cdrm-fuzzy-numerical-v1,89fa064c01f73250e6c20ddddab8f104c5bc2e13292a8efed365a0b027a2880e,diagnostics_complete,"{""enabled"": true, ""entity"": ""taylorbollman"", ""group"": ""20260908T031418Z"", ""mode"": ""online"", ""name"": ""num-trained-seq-u101-t256-b128"", ""project"": ""cdrm-150m-fuzzy-recall"", ""project_url"": ""https://wandb.ai/taylorbollman/cdrm-150m-fuzzy-recall"", ""run_id"": ""36hmdgri"", ""run_url"": ""https://wandb.ai/taylorbollman/cdrm-150m-fuzzy-recall/runs/36hmdgri"", ""status"": ""synced"", ""system_stats"": false}"
,,[],closed_report,/workspace/cdrm-w-latent/.runtime/cdrm-150m-fuzzy-recall/20260908T031418Z/numerical/trained-u101-t256-b128/report.json,cdrm-fuzzy-numerical-v1,b4fa3a6f8c9e14e901d30e45a39d7f3e5710f7c1b18532e34d39883cf01f9ee8,diagnostics_complete,"{""enabled"": true, ""entity"": ""taylorbollman"", ""group"": ""20260908T031418Z"", ""mode"": ""online"", ""name"": ""num-trained-cdrm-u101-t256-b128"", ""project"": ""cdrm-150m-fuzzy-recall"", ""project_url"": ""https://wandb.ai/taylorbollman/cdrm-150m-fuzzy-recall"", ""run_id"": ""eq0w2xpk"", ""run_url"": ""https://wandb.ai/taylorbollman/cdrm-150m-fuzzy-recall/runs/eq0w2xpk"", ""status"": ""synced"", ""system_stats"": false}"
,,[],closed_report,/workspace/cdrm-w-latent/.runtime/cdrm-150m-fuzzy-recall/20260908T031418Z/profiles/cdrm-t300-b128/report.json,cdrm-fuzzy-profile-v1,24776b245897e7b9c8d3685c6d5448d61b6509db4e5f21a7b5ab86171e924a15,profile_complete,"{""enabled"": true, ""entity"": ""taylorbollman"", ""group"": ""20260908T031418Z"", ""mode"": ""online"", ""name"": ""profile-cdrm-t300-b128"", ""project"": ""cdrm-150m-fuzzy-recall"", ""project_url"": ""https://wandb.ai/taylorbollman/cdrm-150m-fuzzy-recall"", ""run_id"": ""e12ub3v7"", ""run_url"": ""https://wandb.ai/taylorbollman/cdrm-150m-fuzzy-recall/runs/e12ub3v7"", ""status"": ""synced"", ""system_stats"": false}"
,,[],closed_report,/workspace/cdrm-w-latent/.runtime/cdrm-150m-fuzzy-recall/20260908T031418Z/profiles/cdrm-t300-b32/report.json,cdrm-fuzzy-profile-v1,e028470d0927e188c8a3a68a432b85d759186a3a4d990b7b196726b046332e72,profile_complete,"{""enabled"": true, ""entity"": ""taylorbollman"", ""group"": ""20260908T031418Z"", ""mode"": ""online"", ""name"": ""profile-cdrm-t300-b32"", ""project"": ""cdrm-150m-fuzzy-recall"", ""project_url"": ""https://wandb.ai/taylorbollman/cdrm-150m-fuzzy-recall"", ""run_id"": ""2aiv6pn7"", ""run_url"": ""https://wandb.ai/taylorbollman/cdrm-150m-fuzzy-recall/runs/2aiv6pn7"", ""status"": ""synced"", ""system_stats"": false}"
,,[],closed_report,/workspace/cdrm-w-latent/.runtime/cdrm-150m-fuzzy-recall/20260908T031418Z/profiles/cdrm-t300-b64/report.json,cdrm-fuzzy-profile-v1,cd837f1394e7f65a3780457ab78b5d9d3b42949073e1d0b396a7b95ec8ef0caf,profile_complete,"{""enabled"": true, ""entity"": ""taylorbollman"", ""group"": ""20260908T031418Z"", ""mode"": ""online"", ""name"": ""profile-cdrm-t300-b64"", ""project"": ""cdrm-150m-fuzzy-recall"", ""project_url"": ""https://wandb.ai/taylorbollman/cdrm-150m-fuzzy-recall"", ""run_id"": ""cveq13ai"", ""run_url"": ""https://wandb.ai/taylorbollman/cdrm-150m-fuzzy-recall/runs/cveq13ai"", ""status"": ""synced"", ""system_stats"": false}"
,,[],closed_report,/workspace/cdrm-w-latent/.runtime/cdrm-150m-fuzzy-recall/20260908T031418Z/profiles/seq-t300-b128/report.json,cdrm-fuzzy-profile-v1,a059211c9f323d69b7c0dfca12931ae1ecb365255e72cf4e50e61d0742c332ac,profile_complete,"{""enabled"": true, ""entity"": ""taylorbollman"", ""group"": ""20260908T031418Z"", ""mode"": ""online"", ""name"": ""profile-seq-t300-b128"", ""project"": ""cdrm-150m-fuzzy-recall"", ""project_url"": ""https://wandb.ai/taylorbollman/cdrm-150m-fuzzy-recall"", ""run_id"": ""76x5a1bn"", ""run_url"": ""https://wandb.ai/taylorbollman/cdrm-150m-fuzzy-recall/runs/76x5a1bn"", ""status"": ""synced"", ""system_stats"": false}"
,,[],closed_report,/workspace/cdrm-w-latent/.runtime/cdrm-150m-fuzzy-recall/20260908T031418Z/profiles/seq-t300-b32/report.json,cdrm-fuzzy-profile-v1,0c0a099971f01336b3c89df72f7e2dc707699ea45b5c06c34350247df9331d0e,profile_complete,"{""enabled"": true, ""entity"": ""taylorbollman"", ""group"": ""20260908T031418Z"", ""mode"": ""online"", ""name"": ""profile-seq-t300-b32"", ""project"": ""cdrm-150m-fuzzy-recall"", ""project_url"": ""https://wandb.ai/taylorbollman/cdrm-150m-fuzzy-recall"", ""run_id"": ""wkj0ea9r"", ""run_url"": ""https://wandb.ai/taylorbollman/cdrm-150m-fuzzy-recall/runs/wkj0ea9r"", ""status"": ""synced"", ""system_stats"": false}"
,,[],closed_report,/workspace/cdrm-w-latent/.runtime/cdrm-150m-fuzzy-recall/20260908T031418Z/profiles/seq-t300-b64/report.json,cdrm-fuzzy-profile-v1,32b2252c112f1b1fa2e9cf9d580b82bd4d62441d68ef09ef3cc5dea154f744ce,profile_complete,"{""enabled"": true, ""entity"": ""taylorbollman"", ""group"": ""20260908T031418Z"", ""mode"": ""online"", ""name"": ""profile-seq-t300-b64"", ""project"": ""cdrm-150m-fuzzy-recall"", ""project_url"": ""https://wandb.ai/taylorbollman/cdrm-150m-fuzzy-recall"", ""run_id"": ""q9p1pc24"", ""run_url"": ""https://wandb.ai/taylorbollman/cdrm-150m-fuzzy-recall/runs/q9p1pc24"", ""status"": ""synced"", ""system_stats"": false}"
,,[],closed_report,/workspace/cdrm-w-latent/.runtime/cdrm-150m-fuzzy-recall/20260908T031418Z/recovery/cdrm-lr5e-4-recovery/report.json,cdrm-fuzzy-calibration-v1,b3dc7732036d3ce8a064f10b4ab45ae33d42dac61da3f87a358488e9e38616cc,complete,"{""enabled"": true, ""entity"": ""taylorbollman"", ""group"": ""20260908T031418Z"", ""mode"": ""online"", ""name"": ""cdrm-lr5e-4-recovery"", ""project"": ""cdrm-150m-fuzzy-recall"", ""project_url"": ""https://wandb.ai/taylorbollman/cdrm-150m-fuzzy-recall"", ""run_id"": ""8dptkvxf"", ""run_url"": ""https://wandb.ai/taylorbollman/cdrm-150m-fuzzy-recall/runs/8dptkvxf"", ""status"": ""synced"", ""system_stats"": false}"
,,[],closed_report,/workspace/cdrm-w-latent/.runtime/cdrm-150m-fuzzy-recall/20260908T031418Z/recovery/seq-lr5e-4-recovery/report.json,cdrm-fuzzy-calibration-v1,17de489de18400adc33cdcc82f23e5fb709c9aaf4dc94f877a485a7ee61cb4f7,complete,"{""enabled"": true, ""entity"": ""taylorbollman"", ""group"": ""20260908T031418Z"", ""mode"": ""online"", ""name"": ""seq-lr5e-4-recovery"", ""project"": ""cdrm-150m-fuzzy-recall"", ""project_url"": ""https://wandb.ai/taylorbollman/cdrm-150m-fuzzy-recall"", ""run_id"": ""l6rzqjzf"", ""run_url"": ""https://wandb.ai/taylorbollman/cdrm-150m-fuzzy-recall/runs/l6rzqjzf"", ""status"": ""synced"", ""system_stats"": false}"
