arm,update,role,length,words,prefix_exact_count,state_correct_count,token_correct_count,token_denominator,E,E_low95,E_high95,A,A_low95,A_high95,M,state_ce
rt_nextlat,1000,dev,1,102400,102400,102400,102400,102400,1.0,0.9999624871609701,1.0,1.0,0.9999624871609701,1.0,1.0,0.011364425915544416
rt_nextlat,1000,dev,2,102400,102400,102400,204800,204800,1.0,0.9999624871609701,1.0,1.0,0.9999624871609701,1.0,1.0,0.08945794869444398
rt_nextlat,1000,dev,3,102400,100533,100533,305333,307200,0.981767578125,0.9809298676512483,0.9825691436595356,0.981767578125,0.9809298676512483,0.9825691436595356,0.9939225260416666,0.17327370052802962
rt_nextlat,1000,dev,4,102400,93632,94764,400097,409600,0.914375,0.9126456155386785,0.9160732956959755,0.9254296875,0.9238046914469699,0.9270227654022586,0.97679931640625,0.31418887675860785
rt_nextlat,1000,dev,5,102400,80103,84056,484153,512000,0.782255859375,0.779717478616914,0.78477306369585,0.820859375,0.8184986411108496,0.8231960361969791,0.945611328125,0.5587396144872219
rt_nextlat,1000,dev,6,102400,62191,70664,554817,614400,0.607333984375,0.6043389621268688,0.6103209538181745,0.690078125,0.6872385163476615,0.692903472912126,0.9030224609375,0.8865989065472423
rt_nextlat,1000,dev,7,102400,43290,56496,611313,716800,0.42275390625,0.4197311832766342,0.42578242466392685,0.55171875,0.5486708497570464,0.5547627700086665,0.8528362165178571,1.283817328317018
rt_nextlat,1000,dev,8,102400,27643,44660,655973,819200,0.269951171875,0.2672407922107934,0.2726788111085236,0.4361328125,0.4330979069113746,0.4391725097676734,0.800748291015625,1.6918876594513494
rt_nextlat,1000,dev,9,102400,16533,35128,691101,921600,0.161455078125,0.1592141309458459,0.1637214248664715,0.343046875,0.3401451619398695,0.3459603635747572,0.749892578125,2.0625347649787
rt_nextlat,1000,dev,10,102400,9327,27884,718985,1024000,0.091083984375,0.08933698556514635,0.09286166238619545,0.2723046875,0.2695867984101662,0.27503965958504517,0.7021337890625,2.3689215279201745
rt_nextlat,1000,dev,11,102400,4678,21138,740123,1126400,0.04568359375,0.044421682655224635,0.04697959024120802,0.20642578125,0.2039578313307963,0.2089157567740263,0.6570694247159091,2.6908223576130696
rt_nextlat,1000,dev,12,102400,1681,13777,753900,1228800,0.016416015625,0.015655676134157807,0.01721263633216884,0.134541015625,0.13246470760719117,0.13664474245091465,0.613525390625,3.1353903181785427
rt_nextlat,1000,ood_dev,1,102400,102400,102400,102400,102400,1.0,0.9999624871609701,1.0,1.0,0.9999624871609701,1.0,1.0,0.011373254024802009
rt_nextlat,1000,ood_dev,2,102400,102400,102400,204800,204800,1.0,0.9999624871609701,1.0,1.0,0.9999624871609701,1.0,1.0,0.0896461120011736
rt_nextlat,1000,ood_dev,3,102400,100643,100643,305443,307200,0.982841796875,0.9820281106945741,0.9836192575222196,0.982841796875,0.9820281106945741,0.9836192575222196,0.9942805989583333,0.17206926318101978
rt_nextlat,1000,ood_dev,4,102400,93771,94774,400217,409600,0.915732421875,0.9140153625814359,0.9174182905617215,0.92552734375,0.9239033129941241,0.9271194490283781,0.97709228515625,0.31512912520461667
rt_nextlat,1000,ood_dev,5,102400,80175,84097,484314,512000,0.782958984375,0.7804235277150802,0.7854732118452539,0.821259765625,0.818901070695108,0.8235943578231427,0.94592578125,0.5560019523423579
rt_nextlat,1000,ood_dev,6,102400,61909,70339,554653,614400,0.604580078125,0.6015815018774914,0.6075708081812358,0.686904296875,0.6840568956613455,0.689737675467049,0.9027555338541666,0.8916052220501478
rt_nextlat,1000,ood_dev,7,102400,43233,56403,611056,716800,0.422197265625,0.41917509859091756,0.4252252698619838,0.550810546875,0.5477621073781023,0.5538551742761657,0.8524776785714285,1.2875132780317289
rt_nextlat,1000,ood_dev,8,102400,27465,44431,655487,819200,0.268212890625,0.26550811953566517,0.2709350516993812,0.433896484375,0.4308634580521796,0.4369344701589023,0.800155029296875,1.696117121247953
rt_nextlat,1000,ood_dev,9,102400,16370,34871,690358,921600,0.15986328125,0.15763140265569606,0.1621206788322612,0.340537109375,0.3376406175842634,0.34344556497723105,0.7490863715277778,2.063229868461858
rt_nextlat,1000,ood_dev,10,102400,9225,27726,718084,1024000,0.090087890625,0.0883496310161933,0.09185690416775753,0.27076171875,0.26804874194871453,0.2734918943087735,0.70125390625,2.3705343436639668
rt_nextlat,1000,ood_dev,11,102400,4601,21148,739232,1126400,0.044931640625,0.043679825430826276,0.04621759763139945,0.2065234375,0.20405505020549758,0.20901384307259863,0.6562784090909091,2.693056998887987
rt_nextlat,1000,ood_dev,12,102400,1710,13890,753122,1228800,0.01669921875,0.01593229916630613,0.01750239830251404,0.13564453125,0.13356096701235065,0.13775543150374714,0.6128922526041667,3.1338607174019852
rt_nextlat,1000,ood_dev,13,102400,411,7411,760533,1331200,0.004013671875,0.0036445844373181827,0.0044199710232578435,0.072373046875,0.07080205061138481,0.07397612614073007,0.5713138521634615,3.6777414261995
rt_nextlat,1000,ood_dev,14,102400,78,3756,764289,1433600,0.00076171875,0.0006104371852048293,0.0009504560053594196,0.0366796875,0.03554563774560535,0.037848498174998906,0.5331256975446429,4.099002278038533
rt_nextlat,1000,ood_dev,15,102400,7,2284,766573,1536000,6.8359375e-05,3.3114285575679005e-05,0.00014111217474581833,0.0223046875,0.021417968790845485,0.023227245623880868,0.4990709635416667,4.271716530447593
rt_nextlat,1000,ood_dev,16,102400,0,1800,768373,1638400,0.0,3.3881317890172014e-21,3.751283902995844e-05,0.017578125,0.016791149492307516,0.018401294535975294,0.4689776611328125,4.303109690359561
rt_nextlat,1000,ood_dev,17,102400,0,1793,770166,1740800,0.0,3.3881317890172014e-21,3.751283902995844e-05,0.017509765625,0.016724330834732817,0.018331399572258458,0.4424207261029412,4.293541814038763
rt_nextlat,1000,ood_dev,18,102400,0,1701,771867,1843200,0.0,3.3881317890172014e-21,3.751283902995844e-05,0.016611328125,0.015846444329457577,0.017412478483416333,0.4187646484375,4.287305001025088
rt_nextlat,1000,ood_dev,19,102400,0,1650,773517,1945600,0.0,3.3881317890172014e-21,3.751283902995844e-05,0.01611328125,0.01536004183054854,0.01690282459862987,0.39757247121710526,4.280726826901082
rt_nextlat,1000,ood_dev,20,102400,0,1656,775173,2048000,0.0,3.3881317890172014e-21,3.751283902995844e-05,0.016171875,0.015417255951115785,0.016962793582026795,0.37850244140625,4.281683514032047
rt_nextlat,1000,ood_dev,21,102400,0,1719,776892,2150400,0.0,3.3881317890172014e-21,3.751283902995844e-05,0.016787109375,0.016018159619853447,0.01759231250491299,0.3612779017857143,4.286942341239191
rt_nextlat,1000,ood_dev,22,102400,0,1621,778513,2252800,0.0,3.3881317890172014e-21,3.751283902995844e-05,0.015830078125,0.01508354426487691,0.016612937161807978,0.34557572798295455,4.296182786787394
rt_nextlat,1000,ood_dev,23,102400,0,1704,780217,2355200,0.0,3.3881317890172014e-21,3.751283902995844e-05,0.016640625,0.01587506198163439,0.0174424523832216,0.33127420176630434,4.302525684686843
rt_nextlat,1000,ood_dev,24,102400,0,1785,782002,2457600,0.0,3.3881317890172014e-21,3.751283902995844e-05,0.017431640625,0.016647970535639666,0.018251515732732707,0.31819742838541665,4.3114316059811975
rt_nextlat,1000,ood_dev,25,102400,0,1679,783681,2560000,0.0,3.3881317890172014e-21,3.751283902995844e-05,0.016396484375,0.01563660087091516,0.017192650560756764,0.306125390625,4.322773438566364
rt_nextlat,1000,ood_dev,26,102400,0,1699,785380,2662400,0.0,3.3881317890172014e-21,3.751283902995844e-05,0.016591796875,0.015827366243986105,0.01739249553423307,0.29498948317307694,4.329300918502267
rt_nextlat,1000,ood_dev,27,102400,0,1680,787060,2764800,0.0,3.3881317890172014e-21,3.751283902995844e-05,0.01640625,0.015646138466949424,0.017202643482049865,0.28467158564814815,4.335113278822973
rt_nextlat,1000,ood_dev,28,102400,0,1783,788843,2867200,0.0,3.3881317890172014e-21,3.751283902995844e-05,0.017412109375,0.01662888111071926,0.018231544122998385,0.27512660435267855,4.344974473263137
rt_nextlat,1000,ood_dev,29,102400,0,1707,790550,2969600,0.0,3.3881317890172014e-21,3.751283902995844e-05,0.016669921875,0.01590368026112528,0.0174724256557128,0.2662143049568966,4.354602745871525
rt_nextlat,1000,ood_dev,30,102400,0,1716,792266,3072000,0.0,3.3881317890172014e-21,3.751283902995844e-05,0.0167578125,0.01598953884727668,0.017562341725507667,0.25789908854166665,4.353423917463515
rt_nextlat,1000,ood_dev,31,102400,0,1726,793992,3174400,0.0,3.3881317890172014e-21,3.751283902995844e-05,0.01685546875,0.016084943828035953,0.017662241918022018,0.2501234879032258,4.3618087561335415
rt_nextlat,1000,ood_dev,32,102400,0,1719,795711,3276800,0.0,3.3881317890172014e-21,3.751283902995844e-05,0.016787109375,0.016018159619853447,0.01759231250491299,0.24283172607421874,4.368390502822585
rt_nextlat,1000,ood_dev,33,102400,0,1721,797432,3379200,0.0,3.3881317890172014e-21,3.751283902995844e-05,0.016806640625,0.01603724047903842,0.017612292680382738,0.23598248106060607,4.371671660046559
rt_nextlat,1000,ood_dev,34,102400,0,1764,799196,3481600,0.0,3.3881317890172014e-21,3.751283902995844e-05,0.0172265625,0.016447544642647142,0.01804180076185061,0.22954848345588236,4.373118428736925
rt_nextlat,1000,ood_dev,35,102400,0,1648,800844,3584000,0.0,3.3881317890172014e-21,3.751283902995844e-05,0.01609375,0.01534097104105305,0.01688283435347063,0.2234497767857143,4.37452357273316
rt_nextlat,1000,ood_dev,36,102400,0,1648,802492,3686400,0.0,3.3881317890172014e-21,3.751283902995844e-05,0.01609375,0.01534097104105305,0.01688283435347063,0.2176898871527778,4.378119263593107
rt_nextlat,5000,dev,1,102400,102400,102400,102400,102400,1.0,0.9999624871609701,1.0,1.0,0.9999624871609701,1.0,1.0,0.0002508438578455241
rt_nextlat,5000,dev,2,102400,102400,102400,204800,204800,1.0,0.9999624871609701,1.0,1.0,0.9999624871609701,1.0,1.0,0.000517313365050498
rt_nextlat,5000,dev,3,102400,102399,102399,307199,307200,0.999990234375,0.9999446805183295,0.9999982761253133,0.999990234375,0.9999446805183295,0.9999982761253133,0.9999967447916667,0.001068969541055189
rt_nextlat,5000,dev,4,102400,102369,102370,409569,409600,0.999697265625,0.9995703338469782,0.9997867072768437,0.99970703125,0.9995818045502446,0.9997947670909048,0.99992431640625,0.003040816860546336
rt_nextlat,5000,dev,5,102400,102202,102215,511784,512000,0.99806640625,0.9977780124723823,0.9983174322577699,0.998193359375,0.9979139044636965,0.9984354369917113,0.999578125,0.009467274525893288
rt_nextlat,5000,dev,6,102400,101487,101567,613351,614400,0.991083984375,0.9904895222035073,0.9916416026375807,0.991865234375,0.9912963140296508,0.992397252197626,0.9982926432291667,0.027251759944999777
rt_nextlat,5000,dev,7,102400,99764,100081,713432,716800,0.9742578125,0.973269907945089,0.9752101355409528,0.977353515625,0.9764242275772188,0.9782469899015971,0.9953013392857143,0.06538330136870546
rt_nextlat,5000,dev,8,102400,96801,97657,811089,819200,0.945322265625,0.9439129923054751,0.9466981283395911,0.953681640625,0.9523772433496083,0.9549520001276806,0.990098876953125,0.13197526117301472
rt_nextlat,5000,dev,9,102400,92311,94123,905212,921600,0.901474609375,0.8996341592842031,0.9032849385610048,0.919169921875,0.9174846699123935,0.9208237253299956,0.9822178819444445,0.23384941766111111
rt_nextlat,5000,dev,10,102400,86370,89609,994821,1024000,0.84345703125,0.8412185554225451,0.845669738980801,0.875087890625,0.8730488035464691,0.8770988364802047,0.9715048828125,0.3667913128679528
rt_nextlat,5000,dev,11,102400,79207,84377,1079198,1126400,0.773505859375,0.7709319789014297,0.7760592198860174,0.823994140625,0.8216494875711272,0.8263144857987849,0.9580948153409091,0.5276415386284721
rt_nextlat,5000,dev,12,102400,69914,77317,1156515,1228800,0.68275390625,0.6798965479024395,0.6855975533618259,0.755048828125,0.7524052341923155,0.757673286846416,0.94117431640625,0.7322646452798096
rt_nextlat,5000,ood_dev,1,102400,102400,102400,102400,102400,1.0,0.9999624871609701,1.0,1.0,0.9999624871609701,1.0,1.0,0.0002504997661085895
rt_nextlat,5000,ood_dev,2,102400,102400,102400,204800,204800,1.0,0.9999624871609701,1.0,1.0,0.9999624871609701,1.0,1.0,0.0005157827619004251
rt_nextlat,5000,ood_dev,3,102400,102399,102399,307199,307200,0.999990234375,0.9999446805183295,0.9999982761253133,0.999990234375,0.9999446805183295,0.9999982761253133,0.9999967447916667,0.001092706935174732
rt_nextlat,5000,ood_dev,4,102400,102375,102375,409574,409600,0.999755859375,0.9996396050278641,0.999834619199922,0.999755859375,0.9996396050278641,0.999834619199922,0.9999365234375,0.0031730422048302743
rt_nextlat,5000,ood_dev,5,102400,102197,102210,511784,512000,0.998017578125,0.9977258248970176,0.9982719672464979,0.99814453125,0.9978616022164125,0.9983900866523586,0.999578125,0.0096870096234057
rt_nextlat,5000,ood_dev,6,102400,101469,101543,613327,614400,0.990908203125,0.9903081543766385,0.991471421152557,0.991630859375,0.9910541491776663,0.9921706846337539,0.9982535807291667,0.027492072386414712
rt_nextlat,5000,ood_dev,7,102400,99797,100108,713435,716800,0.974580078125,0.9735980913667474,0.9755264591910976,0.9776171875,0.9766930862581498,0.9785054551885051,0.9953055245535715,0.0649919665661701
rt_nextlat,5000,ood_dev,8,102400,96754,97621,811056,819200,0.94486328125,0.943448533027116,0.9462446533035643,0.953330078125,0.9520210567782932,0.9546050880752106,0.99005859375,0.13433009401303397
rt_nextlat,5000,ood_dev,9,102400,92171,93981,905037,921600,0.900107421875,0.8982557971823509,0.9019290282370261,0.917783203125,0.916085015144931,0.9194500466369725,0.9820279947916667,0.23611761440939752
rt_nextlat,5000,ood_dev,10,102400,86407,89714,994751,1024000,0.843818359375,0.8415819637440927,0.8460289598003659,0.87611328125,0.8740813026067532,0.8781170417392937,0.9714365234375,0.37002598412902743
rt_nextlat,5000,ood_dev,11,102400,79329,84497,1079248,1126400,0.774697265625,0.7721281233066803,0.7772457985947048,0.825166015625,0.8228274437491793,0.8274801917000164,0.9581392045454545,0.528304074513836
rt_nextlat,5000,ood_dev,12,102400,69982,77464,1156712,1228800,0.68341796875,0.680562185889783,0.6862599905527433,0.756484375,0.7538459612487453,0.7591035458371086,0.9413346354166666,0.7321013518991606
rt_nextlat,5000,ood_dev,13,102400,35506,42321,1199033,1331200,0.34673828125,0.3438290523260065,0.34965900873836336,0.413291015625,0.41027828059160343,0.41631025605874317,0.9007158954326923,2.3869141168768175
rt_nextlat,5000,ood_dev,14,102400,6841,10300,1209333,1433600,0.066806640625,0.06529352954974331,0.06835225232577484,0.1005859375,0.0987586526858022,0.10244318862506352,0.8435637555803571,4.951859344152814
rt_nextlat,5000,ood_dev,15,102400,770,2948,1212281,1536000,0.00751953125,0.007008572719426442,0.008067438461672792,0.0287890625,0.02778244363934087,0.029831034280754315,0.7892454427083333,5.490658060100889
rt_nextlat,5000,ood_dev,16,102400,46,1724,1214005,1638400,0.00044921875,0.0003368283364539456,0.0005990882996346968,0.0168359375,0.01606586228283863,0.01764226242856461,0.7409698486328125,5.254236858458653
rt_nextlat,5000,ood_dev,17,102400,1,1694,1215699,1740800,9.765625e-06,1.7238746867777096e-06,5.5319481670543434e-05,0.01654296875,0.015779672256443042,0.017342536935139326,0.698356502757353,5.003593040544365
rt_nextlat,5000,ood_dev,18,102400,0,1712,1217411,1843200,0.0,3.3881317890172014e-21,3.751283902995844e-05,0.01671875,0.01595137878323341,0.017522379720241482,0.6604877387152778,4.886976375972372
rt_nextlat,5000,ood_dev,19,102400,0,1688,1219099,1945600,0.0,3.3881317890172014e-21,3.751283902995844e-05,0.016484375,0.015722441792261517,0.017282584295356673,0.6265928248355264,4.848358041714818
rt_nextlat,5000,ood_dev,20,102400,0,1702,1220801,2048000,0.0,3.3881317890172014e-21,3.751283902995844e-05,0.01662109375,0.015855983477047735,0.017422469853153533,0.59609423828125,4.863360275791783
rt_nextlat,5000,ood_dev,21,102400,0,1704,1222505,2150400,0.0,3.3881317890172014e-21,3.751283902995844e-05,0.016640625,0.01587506198163439,0.0174424523832216,0.568501209077381,4.93129401685932
rt_nextlat,5000,ood_dev,22,102400,0,1721,1224226,2252800,0.0,3.3881317890172014e-21,3.751283902995844e-05,0.016806640625,0.01603724047903842,0.017612292680382738,0.5434241832386364,5.0435921341725045
rt_nextlat,5000,ood_dev,23,102400,0,1738,1225964,2355200,0.0,3.3881317890172014e-21,3.751283902995844e-05,0.01697265625,0.016199438828229357,0.017782113125756963,0.5205349864130435,5.162281798813565
rt_nextlat,5000,ood_dev,24,102400,0,1675,1227639,2457600,0.0,3.3881317890172014e-21,3.751283902995844e-05,0.016357421875,0.015598451199770717,0.01715267816259176,0.499527587890625,5.3085105946891415
rt_nextlat,5000,ood_dev,25,102400,0,1744,1229383,2560000,0.0,3.3881317890172014e-21,3.751283902995844e-05,0.01703125,0.016256689990451302,0.0178420450674992,0.480227734375,5.484538847018703
rt_nextlat,5000,ood_dev,26,102400,0,1648,1231031,2662400,0.0,3.3881317890172014e-21,3.751283902995844e-05,0.01609375,0.01534097104105305,0.01688283435347063,0.46237642728365386,5.649555264998344
rt_nextlat,5000,ood_dev,27,102400,0,1719,1232750,2764800,0.0,3.3881317890172014e-21,3.751283902995844e-05,0.016787109375,0.016018159619853447,0.01759231250491299,0.44587311921296297,5.811647639692092
rt_nextlat,5000,ood_dev,28,102400,0,1683,1234433,2867200,0.0,3.3881317890172014e-21,3.751283902995844e-05,0.016435546875,0.01567475168184742,0.01723262181913395,0.4305360630580357,5.988349359559506
rt_nextlat,5000,ood_dev,29,102400,0,1710,1236143,2969600,0.0,3.3881317890172014e-21,3.751283902995844e-05,0.01669921875,0.01593229916630613,0.01750239830251404,0.4162658270474138,6.160183400336391
rt_nextlat,5000,ood_dev,30,102400,0,1808,1237951,3072000,0.0,3.3881317890172014e-21,3.751283902995844e-05,0.01765625,0.016867517529074724,0.018481170637826987,0.4029788411458333,6.313050641642913
rt_nextlat,5000,ood_dev,31,102400,0,1666,1239617,3174400,0.0,3.3881317890172014e-21,3.751283902995844e-05,0.01626953125,0.015512618627879053,0.017062736078537158,0.3905043472782258,6.4728353736325515
rt_nextlat,5000,ood_dev,32,102400,0,1765,1241382,3276800,0.0,3.3881317890172014e-21,3.751283902995844e-05,0.017236328125,0.01645708807444747,0.01805178784737764,0.3788397216796875,6.626440201319928
rt_nextlat,5000,ood_dev,33,102400,0,1662,1243044,3379200,0.0,3.3881317890172014e-21,3.751283902995844e-05,0.01623046875,0.015474472688896538,0.017022759948210224,0.3678515625,6.758500981945981
rt_nextlat,5000,ood_dev,34,102400,0,1691,1244735,3481600,0.0,3.3881317890172014e-21,3.751283902995844e-05,0.016513671875,0.01575105670713481,0.01731256093246547,0.3575180951286765,6.885547594438249
rt_nextlat,5000,ood_dev,35,102400,0,1774,1246509,3584000,0.0,3.3881317890172014e-21,3.751283902995844e-05,0.01732421875,0.016542981932213617,0.01814166864555776,0.3477982700892857,6.994890472800325
rt_nextlat,5000,ood_dev,36,102400,0,1735,1248244,3686400,0.0,3.3881317890172014e-21,3.751283902995844e-05,0.016943359375,0.016170814160317883,0.017752146241686355,0.33860785590277775,7.119775796768226
rt_nextlat,10000,dev,1,102400,102400,102400,102400,102400,1.0,0.9999624871609701,1.0,1.0,0.9999624871609701,1.0,1.0,3.7783242453661715e-05
rt_nextlat,10000,dev,2,102400,102400,102400,204800,204800,1.0,0.9999624871609701,1.0,1.0,0.9999624871609701,1.0,1.0,4.8965833837231185e-05
rt_nextlat,10000,dev,3,102400,102400,102400,307200,307200,1.0,0.9999624871609701,1.0,1.0,0.9999624871609701,1.0,1.0,8.776765246452101e-05
rt_nextlat,10000,dev,4,102400,102400,102400,409600,409600,1.0,0.9999624871609701,1.0,1.0,0.9999624871609701,1.0,1.0,0.00018653228252077714
rt_nextlat,10000,dev,5,102400,102398,102398,511998,512000,0.99998046875,0.9999287823158808,0.9999946438104347,0.99998046875,0.9999287823158808,0.9999946438104347,0.99999609375,0.0004461277688560017
rt_nextlat,10000,dev,6,102400,102390,102390,614388,614400,0.99990234375,0.9998202295599984,0.9999469524276979,0.99990234375,0.9998202295599984,0.9999469524276979,0.99998046875,0.0009909234946469335
rt_nextlat,10000,dev,7,102400,102355,102359,716747,716800,0.999560546875,0.9994120800157498,0.9996715338654889,0.999599609375,0.9994569122761486,0.9997048236743996,0.9999260602678571,0.0020569891851950216
rt_nextlat,10000,dev,8,102400,102285,102300,819047,819200,0.998876953125,0.9986522495411198,0.9990642281272036,0.9990234375,0.9988124983414783,0.9991969370867555,0.999813232421875,0.004037368341549077
rt_nextlat,10000,dev,9,102400,102109,102145,921192,921600,0.997158203125,0.9968129821259797,0.9974661244927279,0.997509765625,0.9971852735156571,0.9977969317268355,0.9995572916666666,0.008017431675627113
rt_nextlat,10000,dev,10,102400,101829,101933,1023125,1024000,0.994423828125,0.9939488209998261,0.9948617407672199,0.995439453125,0.995007776678839,0.9958339588902527,0.9991455078125,0.014103487350597011
rt_nextlat,10000,dev,11,102400,101349,101562,1124687,1126400,0.989736328125,0.9891003765554816,0.9903355368944302,0.99181640625,0.9912458536267135,0.9923500600139266,0.9984792258522728,0.023896968212686533
rt_nextlat,10000,dev,12,102400,100664,101081,1225768,1228800,0.983046875,0.9822378647291594,0.983819644351509,0.987119140625,0.9864099929466577,0.9877917418595208,0.9975325520833334,0.037859266385712693
rt_nextlat,10000,ood_dev,1,102400,102400,102400,102400,102400,1.0,0.9999624871609701,1.0,1.0,0.9999624871609701,1.0,1.0,3.781948499424814e-05
rt_nextlat,10000,ood_dev,2,102400,102400,102400,204800,204800,1.0,0.9999624871609701,1.0,1.0,0.9999624871609701,1.0,1.0,4.920261641023771e-05
rt_nextlat,10000,ood_dev,3,102400,102400,102400,307200,307200,1.0,0.9999624871609701,1.0,1.0,0.9999624871609701,1.0,1.0,9.100858044358784e-05
rt_nextlat,10000,ood_dev,4,102400,102400,102400,409600,409600,1.0,0.9999624871609701,1.0,1.0,0.9999624871609701,1.0,1.0,0.0001961794688842078
rt_nextlat,10000,ood_dev,5,102400,102397,102397,511997,512000,0.999970703125,0.9999138592392058,0.9999900363697822,0.999970703125,0.9999138592392058,0.9999900363697822,0.999994140625,0.0004538312759124219
rt_nextlat,10000,ood_dev,6,102400,102383,102384,614381,614400,0.999833984375,0.9997341277518229,0.9998963406145821,0.99984375,0.9997461828910157,0.9999038159927167,0.9999690755208334,0.0009505463121016299
rt_nextlat,10000,ood_dev,7,102400,102356,102365,716746,716800,0.9995703125,0.9994232637005559,0.9996798806980102,0.999658203125,0.9995247045222765,0.9997542145322359,0.9999246651785715,0.0018323935821019121
rt_nextlat,10000,ood_dev,8,102400,102278,102295,819041,819200,0.99880859375,0.9985777737680724,0.9990019902789592,0.998974609375,0.998758974602583,0.9991528082390141,0.999805908203125,0.0038183867243966317
rt_nextlat,10000,ood_dev,9,102400,102136,102186,921227,921600,0.997421875,0.9970920696117631,0.9977143609747832,0.99791015625,0.9976111551888337,0.9981718012640807,0.9995952690972222,0.00745142901967109
rt_nextlat,10000,ood_dev,10,102400,101851,101953,1023180,1024000,0.994638671875,0.9941724731053734,0.9950677600428746,0.995634765625,0.995211966074663,0.9960203798409759,0.99919921875,0.013253472949858743
rt_nextlat,10000,ood_dev,11,102400,101427,101647,1124827,1126400,0.990498046875,0.9898851749744236,0.9910741188270226,0.992646484375,0.9921043967948563,0.9931516108186097,0.998603515625,0.022569020578959046
rt_nextlat,10000,ood_dev,12,102400,100738,101116,1225943,1228800,0.98376953125,0.9829772400517898,0.9845255273111035,0.9874609375,0.9867608801305994,0.9881244227820369,0.9976749674479166,0.037329429069670496
rt_nextlat,10000,ood_dev,13,102400,99190,99823,1325766,1331200,0.96865234375,0.9675673431529946,0.9697021833871412,0.974833984375,0.9738566887945506,0.9757756552138059,0.99591796875,0.07569387634893093
rt_nextlat,10000,ood_dev,14,102400,63731,64558,1390324,1433600,0.622373046875,0.6193992022051187,0.6253377104240632,0.63044921875,0.6274879968018178,0.6334006536570932,0.9698130580357143,1.493624000716877
rt_nextlat,10000,ood_dev,15,102400,13027,14303,1404627,1536000,0.127216796875,0.12518986291960257,0.12927169914298123,0.139677734375,0.13756804114037022,0.14181446103192838,0.914470703125,5.3257879309369205
rt_nextlat,10000,ood_dev,16,102400,1367,3071,1407698,1638400,0.013349609375,0.012664708006690546,0.014071022018844219,0.029990234375,0.028963073871833174,0.031052657679527626,0.859190673828125,6.094221230578979
rt_nextlat,10000,ood_dev,17,102400,107,1861,1409559,1740800,0.001044921875,0.0008648745080217974,0.0012624036850359696,0.018173828125,0.017373557791439877,0.01901024779381206,0.8097190946691176,5.717813613155819
rt_nextlat,10000,ood_dev,18,102400,5,1739,1411298,1843200,4.8828125e-05,2.0856631032296734e-05,0.0001143087946344752,0.016982421875,0.016208980519679686,0.017792101951634,0.7656781684027778,5.379270938918679
rt_nextlat,10000,ood_dev,19,102400,0,1764,1413062,1945600,0.0,3.3881317890172014e-21,3.751283902995844e-05,0.0172265625,0.016447544642647142,0.01804180076185061,0.726285978618421,5.161833876111705
rt_nextlat,10000,ood_dev,20,102400,0,1722,1414784,2048000,0.0,3.3881317890172014e-21,3.751283902995844e-05,0.01681640625,0.016046781011694225,0.017622282665054292,0.6908125,5.036885570396699
rt_nextlat,10000,ood_dev,21,102400,0,1663,1416447,2150400,0.0,3.3881317890172014e-21,3.751283902995844e-05,0.016240234375,0.015484009065332125,0.017032754089101997,0.6586900111607142,4.973747686006682
rt_nextlat,10000,ood_dev,22,102400,0,1699,1418146,2252800,0.0,3.3881317890172014e-21,3.751283902995844e-05,0.016591796875,0.015827366243986105,0.01739249553423307,0.6295037286931818,4.933288758216222
rt_nextlat,10000,ood_dev,23,102400,0,1728,1419874,2355200,0.0,3.3881317890172014e-21,3.751283902995844e-05,0.016875,0.016104025646818412,0.01768222113389429,0.6028676970108696,4.918224548241706
rt_nextlat,10000,ood_dev,24,102400,0,1764,1421638,2457600,0.0,3.3881317890172014e-21,3.751283902995844e-05,0.0172265625,0.016447544642647142,0.01804180076185061,0.5784659830729166,4.931411999926858
rt_nextlat,10000,ood_dev,25,102400,0,1685,1423323,2560000,0.0,3.3881317890172014e-21,3.751283902995844e-05,0.016455078125,0.015693827513485862,0.01725260702215024,0.555985546875,4.977326809611841
rt_nextlat,10000,ood_dev,26,102400,0,1706,1425029,2662400,0.0,3.3881317890172014e-21,3.751283902995844e-05,0.01666015625,0.015894140765027154,0.017462434634483562,0.5352422626201923,5.021736839672376
rt_nextlat,10000,ood_dev,27,102400,0,1727,1426756,2764800,0.0,3.3881317890172014e-21,3.751283902995844e-05,0.016865234375,0.016094484703258225,0.01767223156012711,0.5160431134259259,5.076239227791011
rt_nextlat,10000,ood_dev,28,102400,0,1661,1428417,2867200,0.0,3.3881317890172014e-21,3.751283902995844e-05,0.016220703125,0.015464936384774395,0.017012765735004997,0.49819231305803574,5.1718027419986905
rt_nextlat,10000,ood_dev,29,102400,0,1668,1430085,2969600,0.0,3.3881317890172014e-21,3.751283902995844e-05,0.0162890625,0.015531692029971601,0.017082723711099333,0.4815749595905172,5.276444914938038
rt_nextlat,10000,ood_dev,30,102400,0,1705,1431790,3072000,0.0,3.3881317890172014e-21,3.751283902995844e-05,0.016650390625,0.01588460133851014,0.017452443543673216,0.4660774739583333,5.388960752434505
rt_nextlat,10000,ood_dev,31,102400,0,1662,1433452,3174400,0.0,3.3881317890172014e-21,3.751283902995844e-05,0.01623046875,0.015474472688896538,0.017022759948210224,0.45156628024193546,5.533608497773239
rt_nextlat,10000,ood_dev,32,102400,0,1792,1435244,3276800,0.0,3.3881317890172014e-21,3.751283902995844e-05,0.0175,0.016714785570458968,0.01832141431920495,0.438001708984375,5.6709102768063895
rt_nextlat,10000,ood_dev,33,102400,0,1705,1436949,3379200,0.0,3.3881317890172014e-21,3.751283902995844e-05,0.016650390625,0.01588460133851014,0.017452443543673216,0.4252334872159091,5.832131392646261
rt_nextlat,10000,ood_dev,34,102400,0,1752,1438701,3481600,0.0,3.3881317890172014e-21,3.751283902995844e-05,0.017109375,0.0163330286433993,0.0179219505531701,0.4132298368566176,5.977132680609938
rt_nextlat,10000,ood_dev,35,102400,0,1715,1440416,3584000,0.0,3.3881317890172014e-21,3.751283902995844e-05,0.016748046875,0.015979998727640964,0.017552351327816018,0.4019017857142857,6.135886474248473
rt_nextlat,10000,ood_dev,36,102400,0,1682,1442098,3686400,0.0,3.3881317890172014e-21,3.751283902995844e-05,0.01642578125,0.015665213872477914,0.0172226291111761,0.3911941189236111,6.316371763554998
rt_nextlat_variant,1000,dev,1,102400,102400,102400,102400,102400,1.0,0.9999624871609701,1.0,1.0,0.9999624871609701,1.0,1.0,0.001015366749330724
rt_nextlat_variant,1000,dev,2,102400,4218,4218,106618,204800,0.04119140625,0.03999130337631672,0.0424259315495291,0.04119140625,0.03999130337631672,0.0424259315495291,0.520595703125,4.016593894833259
rt_nextlat_variant,1000,dev,3,102400,107,1740,108358,307200,0.001044921875,0.0008648745080217974,0.0012624036850359696,0.0169921875,0.01621852227877429,0.01780209070986676,0.35272786458333333,4.095040298212493
rt_nextlat_variant,1000,dev,4,102400,4,1714,110072,409600,3.90625e-05,1.5190744931649625e-05,0.00010044416340775962,0.01673828125,0.015970458677048924,0.0175423608610807,0.26873046875,4.096020105418283
rt_nextlat_variant,1000,dev,5,102400,0,1702,111774,512000,0.0,3.3881317890172014e-21,3.751283902995844e-05,0.01662109375,0.015855983477047735,0.017422469853153533,0.21830859375,4.096013142229058
rt_nextlat_variant,1000,dev,6,102400,0,1695,113469,614400,0.0,3.3881317890172014e-21,3.751283902995844e-05,0.016552734375,0.015789210913578336,0.01735252879533139,0.1846826171875,4.0961946519790216
rt_nextlat_variant,1000,dev,7,102400,0,1708,115177,716800,0.0,3.3881317890172014e-21,3.751283902995844e-05,0.0166796875,0.015913219826744453,0.017482416607420986,0.1606821986607143,4.096348057931754
rt_nextlat_variant,1000,dev,8,102400,0,1656,116833,819200,0.0,3.3881317890172014e-21,3.751283902995844e-05,0.016171875,0.015417255951115785,0.016962793582026795,0.142618408203125,4.096455691130831
rt_nextlat_variant,1000,dev,9,102400,0,1659,118492,921600,0.0,3.3881317890172014e-21,3.751283902995844e-05,0.016201171875,0.015445863993727361,0.016992777091397307,0.1285720486111111,4.0967865198198705
rt_nextlat_variant,1000,dev,10,102400,0,1711,120203,1024000,0.0,3.3881317890172014e-21,3.751283902995844e-05,0.016708984375,0.015941838940128936,0.01751238904601859,0.1173857421875,4.096304434398189
rt_nextlat_variant,1000,dev,11,102400,0,1735,121938,1126400,0.0,3.3881317890172014e-21,3.751283902995844e-05,0.016943359375,0.016170814160317883,0.017752146241686355,0.10825461647727273,4.09628481825348
rt_nextlat_variant,1000,dev,12,102400,0,1762,123700,1228800,0.0,3.3881317890172014e-21,3.751283902995844e-05,0.01720703125,0.01642845797781226,0.01802182639203077,0.10066731770833333,4.096540725696832
rt_nextlat_variant,1000,ood_dev,1,102400,102400,102400,102400,102400,1.0,0.9999624871609701,1.0,1.0,0.9999624871609701,1.0,1.0,0.0010153562187991839
rt_nextlat_variant,1000,ood_dev,2,102400,4304,4304,106704,204800,0.04203125,0.04081930990018582,0.04327754951581319,0.04203125,0.04081930990018582,0.04327754951581319,0.521015625,4.015608065590199
rt_nextlat_variant,1000,ood_dev,3,102400,100,1660,108364,307200,0.0009765625,0.000803062913244493,0.0011875016585217353,0.0162109375,0.015455400153029908,0.017002771449422124,0.3527473958333333,4.095524182319114
rt_nextlat_variant,1000,ood_dev,4,102400,1,1692,110056,409600,9.765625e-06,1.7238746867777096e-06,5.5319481670543434e-05,0.0165234375,0.015760595153160015,0.01732255300376763,0.26869140625,4.096435079490766
rt_nextlat_variant,1000,ood_dev,5,102400,0,1692,111748,512000,0.0,3.3881317890172014e-21,3.751283902995844e-05,0.0165234375,0.015760595153160015,0.01732255300376763,0.2182578125,4.096296487036161
rt_nextlat_variant,1000,ood_dev,6,102400,0,1633,113381,614400,0.0,3.3881317890172014e-21,3.751283902995844e-05,0.015947265625,0.015197949491931064,0.01673289814268217,0.18453938802083333,4.0962758449767716
rt_nextlat_variant,1000,ood_dev,7,102400,0,1703,115084,716800,0.0,3.3881317890172014e-21,3.751283902995844e-05,0.016630859375,0.01586552269446015,0.017432461153068485,0.16055245535714285,4.096252924052533
rt_nextlat_variant,1000,ood_dev,8,102400,0,1675,116759,819200,0.0,3.3881317890172014e-21,3.751283902995844e-05,0.016357421875,0.015598451199770717,0.01715267816259176,0.142528076171875,4.09691681364784
rt_nextlat_variant,1000,ood_dev,9,102400,0,1704,118463,921600,0.0,3.3881317890172014e-21,3.751283902995844e-05,0.016640625,0.01587506198163439,0.0174424523832216,0.12854058159722223,4.0963102551340125
rt_nextlat_variant,1000,ood_dev,10,102400,0,1726,120189,1024000,0.0,3.3881317890172014e-21,3.751283902995844e-05,0.01685546875,0.016084943828035953,0.017662241918022018,0.1173720703125,4.096387499000412
rt_nextlat_variant,1000,ood_dev,11,102400,0,1689,121878,1126400,0.0,3.3881317890172014e-21,3.751283902995844e-05,0.016494140625,0.01573198002662403,0.017292576578321527,0.10820134943181818,4.096275689175818
rt_nextlat_variant,1000,ood_dev,12,102400,0,1645,123523,1228800,0.0,3.3881317890172014e-21,3.751283902995844e-05,0.016064453125,0.01531236540613202,0.01685284843640957,0.10052327473958333,4.0963852193928325
rt_nextlat_variant,1000,ood_dev,13,102400,0,1733,125256,1331200,0.0,3.3881317890172014e-21,3.751283902995844e-05,0.016923828125,0.016151731387651833,0.017732167979697674,0.09409254807692308,4.096045757238753
rt_nextlat_variant,1000,ood_dev,14,102400,0,1666,126922,1433600,0.0,3.3881317890172014e-21,3.751283902995844e-05,0.01626953125,0.015512618627879053,0.017062736078537158,0.08853376116071429,4.096686693087686
rt_nextlat_variant,1000,ood_dev,15,102400,0,1815,128737,1536000,0.0,3.3881317890172014e-21,3.751283902995844e-05,0.017724609375,0.01693434291570592,0.018551058872487328,0.08381315104166667,4.096948187074158
rt_nextlat_variant,1000,ood_dev,16,102400,0,1725,130462,1638400,0.0,3.3881317890172014e-21,3.751283902995844e-05,0.016845703125,0.016075403021209946,0.01765225220752066,0.079627685546875,4.0967417439306155
rt_nextlat_variant,1000,ood_dev,17,102400,0,1731,132193,1740800,0.0,3.3881317890172014e-21,3.751283902995844e-05,0.016904296875,0.01613264888694426,0.017712189445750523,0.07593807444852942,4.09696576276794
rt_nextlat_variant,1000,ood_dev,18,102400,0,1772,133965,1843200,0.0,3.3881317890172014e-21,3.751283902995844e-05,0.0173046875,0.01652389394704792,0.018121695596068733,0.0726806640625,4.096858910147566
rt_nextlat_variant,1000,ood_dev,19,102400,0,1695,135660,1945600,0.0,3.3881317890172014e-21,3.751283902995844e-05,0.016552734375,0.015789210913578336,0.01735252879533139,0.0697265625,4.097194950573612
rt_nextlat_variant,1000,ood_dev,20,102400,0,1722,137382,2048000,0.0,3.3881317890172014e-21,3.751283902995844e-05,0.01681640625,0.016046781011694225,0.017622282665054292,0.0670810546875,4.096810258023907
rt_nextlat_variant,1000,ood_dev,21,102400,0,1687,139069,2150400,0.0,3.3881317890172014e-21,3.751283902995844e-05,0.016474609375,0.015712903628576462,0.017272591941714363,0.06467122395833333,4.097248840886168
rt_nextlat_variant,1000,ood_dev,22,102400,0,1695,140764,2252800,0.0,3.3881317890172014e-21,3.751283902995844e-05,0.016552734375,0.015789210913578336,0.01735252879533139,0.06248401988636364,4.097367666696664
rt_nextlat_variant,1000,ood_dev,23,102400,0,1776,142540,2355200,0.0,3.3881317890172014e-21,3.751283902995844e-05,0.01734375,0.01656207018012992,0.018161641432296188,0.06052139945652174,4.096996323454659
rt_nextlat_variant,1000,ood_dev,24,102400,0,1637,144177,2457600,0.0,3.3881317890172014e-21,3.751283902995844e-05,0.015986328125,0.015236086948248257,0.01677288275567444,0.058665771484375,4.097373066812288
rt_nextlat_variant,1000,ood_dev,25,102400,0,1718,145895,2560000,0.0,3.3881317890172014e-21,3.751283902995844e-05,0.01677734375,0.016008619293442074,0.017582322313996996,0.056990234375,4.097550942872186
rt_nextlat_variant,1000,ood_dev,26,102400,0,1696,147591,2662400,0.0,3.3881317890172014e-21,3.751283902995844e-05,0.0165625,0.01579874964096129,0.017362520585275803,0.055435321514423076,4.097627469815779
rt_nextlat_variant,1000,ood_dev,27,102400,0,1686,149277,2764800,0.0,3.3881317890172014e-21,3.751283902995844e-05,0.01646484375,0.015703365535630627,0.017262599517332833,0.05399197048611111,4.0980121860001235
rt_nextlat_variant,1000,ood_dev,28,102400,0,1685,150962,2867200,0.0,3.3881317890172014e-21,3.751283902995844e-05,0.016455078125,0.015693827513485862,0.01725260702215024,0.0526513671875,4.0982714543771
rt_nextlat_variant,1000,ood_dev,29,102400,0,1693,152655,2969600,0.0,3.3881317890172014e-21,3.751283902995844e-05,0.016533203125,0.015770133669616524,0.01733254500463848,0.05140591325431035,4.097492203102447
rt_nextlat_variant,1000,ood_dev,30,102400,0,1743,154398,3072000,0.0,3.3881317890172014e-21,3.751283902995844e-05,0.017021484375,0.016247147961351464,0.017832056579271675,0.050259765625,4.097066210887861
rt_nextlat_variant,1000,ood_dev,31,102400,0,1714,156112,3174400,0.0,3.3881317890172014e-21,3.751283902995844e-05,0.01673828125,0.015970458677048924,0.0175423608610807,0.04917842741935484,4.097040811185725
rt_nextlat_variant,1000,ood_dev,32,102400,0,1779,157891,3276800,0.0,3.3881317890172014e-21,3.751283902995844e-05,0.017373046875,0.0165907030437091,0.018191600120699095,0.04818450927734375,4.096718174982816
rt_nextlat_variant,1000,ood_dev,33,102400,0,1686,159577,3379200,0.0,3.3881317890172014e-21,3.751283902995844e-05,0.01646484375,0.015703365535630627,0.017262599517332833,0.04722330729166667,4.096931754318066
rt_nextlat_variant,1000,ood_dev,34,102400,0,1716,161293,3481600,0.0,3.3881317890172014e-21,3.751283902995844e-05,0.0167578125,0.01598953884727668,0.017562341725507667,0.04632726332720588,4.097182468823157
rt_nextlat_variant,1000,ood_dev,35,102400,0,1715,163008,3584000,0.0,3.3881317890172014e-21,3.751283902995844e-05,0.016748046875,0.015979998727640964,0.017552351327816018,0.04548214285714286,4.097426817778032
rt_nextlat_variant,1000,ood_dev,36,102400,0,1696,164704,3686400,0.0,3.3881317890172014e-21,3.751283902995844e-05,0.0165625,0.01579874964096129,0.017362520585275803,0.04467881944444444,4.097476807599887
rt_nextlat_variant,5000,dev,1,102400,102400,102400,102400,102400,1.0,0.9999624871609701,1.0,1.0,0.9999624871609701,1.0,1.0,0.0014936274448552921
rt_nextlat_variant,5000,dev,2,102400,102400,102400,204800,204800,1.0,0.9999624871609701,1.0,1.0,0.9999624871609701,1.0,1.0,0.0034283167286479
rt_nextlat_variant,5000,dev,3,102400,102400,102400,307200,307200,1.0,0.9999624871609701,1.0,1.0,0.9999624871609701,1.0,1.0,0.005702810643185643
rt_nextlat_variant,5000,dev,4,102400,102400,102400,409600,409600,1.0,0.9999624871609701,1.0,1.0,0.9999624871609701,1.0,1.0,0.0084224954583118
rt_nextlat_variant,5000,dev,5,102400,102394,102394,511994,512000,0.99994140625,0.9998721583660714,0.9999731456909345,0.99994140625,0.9998721583660714,0.9999731456909345,0.99998828125,0.011580384775010088
rt_nextlat_variant,5000,dev,6,102400,102356,102360,614354,614400,0.9995703125,0.9994232637005559,0.9996798806980102,0.999609375,0.9994681629006475,0.9997131035672281,0.9999251302083333,0.015867292484098242
rt_nextlat_variant,5000,dev,7,102400,102209,102227,716581,716800,0.998134765625,0.9978511472800239,0.9983810110714199,0.998310546875,0.9980396266683705,0.9985440809949658,0.9996944754464285,0.02416704339578871
rt_nextlat_variant,5000,dev,8,102400,101744,101821,818402,819200,0.99359375,0.9930862349781718,0.9940642328160484,0.994345703125,0.9938675358227942,0.9947867818056328,0.99902587890625,0.03766312141491653
rt_nextlat_variant,5000,dev,9,102400,100791,101037,919439,921600,0.984287109375,0.9835070346231073,0.9850308501581361,0.986689453125,0.9859690539068151,0.9873733381369596,0.9976551649305555,0.059143784262389545
rt_nextlat_variant,5000,dev,10,102400,99185,99757,1019196,1024000,0.968603515625,0.9675177130319523,0.9696541609215468,0.974189453125,0.9732002984492913,0.9751430314154592,0.99530859375,0.09003891068252699
rt_nextlat_variant,5000,dev,11,102400,96919,98045,1117241,1126400,0.946474609375,0.9450792032320473,0.9478365184576479,0.957470703125,0.9562174845954038,0.9586895996049017,0.9918687855113636,0.13139587412341855
rt_nextlat_variant,5000,dev,12,102400,93716,95643,1212884,1228800,0.9151953125,0.9134733607667339,0.9168861139234185,0.934013671875,0.9324767786290544,0.9355180029509258,0.9870475260416667,0.1937975552217182
rt_nextlat_variant,5000,ood_dev,1,102400,102400,102400,102400,102400,1.0,0.9999624871609701,1.0,1.0,0.9999624871609701,1.0,1.0,0.0014930043366405243
rt_nextlat_variant,5000,ood_dev,2,102400,102400,102400,204800,204800,1.0,0.9999624871609701,1.0,1.0,0.9999624871609701,1.0,1.0,0.0034248993872625986
rt_nextlat_variant,5000,ood_dev,3,102400,102400,102400,307200,307200,1.0,0.9999624871609701,1.0,1.0,0.9999624871609701,1.0,1.0,0.005693788722215487
rt_nextlat_variant,5000,ood_dev,4,102400,102400,102400,409600,409600,1.0,0.9999624871609701,1.0,1.0,0.9999624871609701,1.0,1.0,0.008431276423828536
rt_nextlat_variant,5000,ood_dev,5,102400,102395,102395,511995,512000,0.999951171875,0.9998856912053655,0.9999791433689678,0.999951171875,0.9998856912053655,0.9999791433689678,0.999990234375,0.01157357890999947
rt_nextlat_variant,5000,ood_dev,6,102400,102352,102355,614350,614400,0.99953125,0.9993786192504616,0.9996464030787949,0.999560546875,0.9994120800157498,0.9996715338654889,0.9999186197916666,0.01618911110711906
rt_nextlat_variant,5000,ood_dev,7,102400,102195,102214,716564,716800,0.997998046875,0.9977049614865057,0.998253769622355,0.99818359375,0.9979034402900645,0.998426370648016,0.9996707589285714,0.02443657806391883
rt_nextlat_variant,5000,ood_dev,8,102400,101736,101812,818376,819200,0.993515625,0.9930051639176336,0.9939890597379677,0.9942578125,0.9937761164103504,0.9947024265621304,0.998994140625,0.03765518657978049
rt_nextlat_variant,5000,ood_dev,9,102400,100776,101030,919406,921600,0.984140625,0.9833570715846975,0.9848878554366354,0.98662109375,0.9858989220505273,0.9873067563719556,0.9976193576388889,0.05932583147251165
rt_nextlat_variant,5000,ood_dev,10,102400,99132,99720,1019126,1024000,0.9680859375,0.9669916757495111,0.9691450807856378,0.973828125,0.9728323921759036,0.9747883085477346,0.995240234375,0.09077828172411444
rt_nextlat_variant,5000,ood_dev,11,102400,96915,98039,1117165,1126400,0.946435546875,0.945039667769405,0.9477979318509807,0.957412109375,0.9561580798967201,0.9586318211996213,0.9918013139204546,0.1317544693152689
rt_nextlat_variant,5000,ood_dev,12,102400,93765,95715,1212880,1228800,0.915673828125,0.9139562341127138,0.9173602359264793,0.934716796875,0.9331874301347062,0.9362135486928441,0.9870442708333333,0.19363286997915366
rt_nextlat_variant,5000,ood_dev,13,102400,41370,43510,1256390,1331200,0.40400390625,0.4010020901378738,0.40701292453415083,0.42490234375,0.4218775119349635,0.4279328098176174,0.9438025841346154,2.6611253674687507
rt_nextlat_variant,5000,ood_dev,14,102400,2110,4447,1260837,1433600,0.02060546875,0.0197531846345781,0.02149371976518715,0.043427734375,0.04219640547582156,0.04469331791799031,0.8794900948660714,10.897188167511446
rt_nextlat_variant,5000,ood_dev,15,102400,32,1783,1262620,1536000,0.0003125,0.00022137904019883795,0.00044111035330672674,0.017412109375,0.01662888111071926,0.018231544122998385,0.8220182291666667,14.030989193292825
rt_nextlat_variant,5000,ood_dev,16,102400,2,1660,1264280,1638400,1.953125e-05,5.356189565375578e-06,7.121768411930826e-05,0.0162109375,0.015455400153029908,0.017002771449422124,0.7716552734375,14.863867974476616
rt_nextlat_variant,5000,ood_dev,17,102400,0,1771,1266051,1740800,0.0,3.3881317890172014e-21,3.751283902995844e-05,0.017294921875,0.016514350053133026,0.01811170897265627,0.7272811351102941,15.591689286064529
rt_nextlat_variant,5000,ood_dev,18,102400,0,1677,1267728,1843200,0.0,3.3881317890172014e-21,3.751283902995844e-05,0.016376953125,0.015617525892619095,0.017172664504398104,0.6877864583333333,16.387139602743954
rt_nextlat_variant,5000,ood_dev,19,102400,0,1676,1269404,1945600,0.0,3.3881317890172014e-21,3.751283902995844e-05,0.0163671875,0.01560798851048257,0.017162671369207273,0.6524486019736843,16.912775993508617
rt_nextlat_variant,5000,ood_dev,20,102400,0,1710,1271114,2048000,0.0,3.3881317890172014e-21,3.751283902995844e-05,0.01669921875,0.01593229916630613,0.01750239830251404,0.6206611328125,16.65206117952814
rt_nextlat_variant,5000,ood_dev,21,102400,0,1658,1272772,2150400,0.0,3.3881317890172014e-21,3.751283902995844e-05,0.01619140625,0.01543632790693115,0.016982782660866155,0.5918768601190476,15.430205468010364
rt_nextlat_variant,5000,ood_dev,22,102400,0,1665,1274437,2252800,0.0,3.3881317890172014e-21,3.751283902995844e-05,0.016259765625,0.015503082034887343,0.017052742154201505,0.5657124467329545,13.831242815073875
rt_nextlat_variant,5000,ood_dev,23,102400,0,1787,1276224,2355200,0.0,3.3881317890172014e-21,3.751283902995844e-05,0.017451171875,0.01666706022092963,0.018271487082097467,0.541875,12.622867919731325
rt_nextlat_variant,5000,ood_dev,24,102400,0,1704,1277928,2457600,0.0,3.3881317890172014e-21,3.751283902995844e-05,0.016640625,0.01587506198163439,0.0174424523832216,0.519990234375,11.823314157749774
rt_nextlat_variant,5000,ood_dev,25,102400,0,1706,1279634,2560000,0.0,3.3881317890172014e-21,3.751283902995844e-05,0.01666015625,0.015894140765027154,0.017462434634483562,0.49985703125,11.835742094456618
rt_nextlat_variant,5000,ood_dev,26,102400,0,1642,1281276,2662400,0.0,3.3881317890172014e-21,3.751283902995844e-05,0.01603515625,0.015283760431974203,0.016822861858585305,0.48124849759615385,12.079358811260926
rt_nextlat_variant,5000,ood_dev,27,102400,0,1709,1282985,2764800,0.0,3.3881317890172014e-21,3.751283902995844e-05,0.016689453125,0.0159227594618247,0.017492407489668103,0.4640426070601852,12.362053568783903
rt_nextlat_variant,5000,ood_dev,28,102400,0,1679,1284664,2867200,0.0,3.3881317890172014e-21,3.751283902995844e-05,0.016396484375,0.01563660087091516,0.017192650560756764,0.4480552455357143,12.929131363430884
rt_nextlat_variant,5000,ood_dev,29,102400,0,1641,1286305,2969600,0.0,3.3881317890172014e-21,3.751283902995844e-05,0.016025390625,0.015274225587732131,0.016812866185500014,0.43315766433189656,13.584070097943588
rt_nextlat_variant,5000,ood_dev,30,102400,0,1736,1288041,3072000,0.0,3.3881317890172014e-21,3.751283902995844e-05,0.016953125,0.01618035564849098,0.017762135270840616,0.4192841796875,13.359817320490121
rt_nextlat_variant,5000,ood_dev,31,102400,0,1673,1289714,3174400,0.0,3.3881317890172014e-21,3.751283902995844e-05,0.016337890625,0.01557937679287261,0.017132691534835136,0.4062859122983871,12.058075874464684
rt_nextlat_variant,5000,ood_dev,32,102400,0,1633,1291347,3276800,0.0,3.3881317890172014e-21,3.751283902995844e-05,0.015947265625,0.015197949491931064,0.01673289814268217,0.39408782958984373,10.58110348762175
rt_nextlat_variant,5000,ood_dev,33,102400,0,1766,1293113,3379200,0.0,3.3881317890172014e-21,3.751283902995844e-05,0.01724609375,0.016466631572429353,0.01806177486672313,0.38266838304924244,9.712329508130516
rt_nextlat_variant,5000,ood_dev,34,102400,0,1733,1294846,3481600,0.0,3.3881317890172014e-21,3.751283902995844e-05,0.016923828125,0.016151731387651833,0.017732167979697674,0.3719111902573529,9.433403671240121
rt_nextlat_variant,5000,ood_dev,35,102400,0,1752,1296598,3584000,0.0,3.3881317890172014e-21,3.751283902995844e-05,0.017109375,0.0163330286433993,0.0179219505531701,0.36177399553571427,9.346495231018507
rt_nextlat_variant,5000,ood_dev,36,102400,0,1660,1298258,3686400,0.0,3.3881317890172014e-21,3.751283902995844e-05,0.0162109375,0.015455400153029908,0.017002771449422124,0.35217502170138887,9.440580408349634
rt_nextlat_variant,10000,dev,1,102400,102400,102400,102400,102400,1.0,0.9999624871609701,1.0,1.0,0.9999624871609701,1.0,1.0,0.00011259035924830129
rt_nextlat_variant,10000,dev,2,102400,102400,102400,204800,204800,1.0,0.9999624871609701,1.0,1.0,0.9999624871609701,1.0,1.0,0.00017572600156569253
rt_nextlat_variant,10000,dev,3,102400,102400,102400,307200,307200,1.0,0.9999624871609701,1.0,1.0,0.9999624871609701,1.0,1.0,0.00020677533748674647
rt_nextlat_variant,10000,dev,4,102400,102400,102400,409600,409600,1.0,0.9999624871609701,1.0,1.0,0.9999624871609701,1.0,1.0,0.0002696617562906578
rt_nextlat_variant,10000,dev,5,102400,102400,102400,512000,512000,1.0,0.9999624871609701,1.0,1.0,0.9999624871609701,1.0,1.0,0.000304672927304388
rt_nextlat_variant,10000,dev,6,102400,102399,102399,614399,614400,0.999990234375,0.9999446805183295,0.9999982761253133,0.999990234375,0.9999446805183295,0.9999982761253133,0.9999983723958333,0.0004083530316352402
rt_nextlat_variant,10000,dev,7,102400,102396,102396,716795,716800,0.9999609375,0.9998995558365923,0.9999848092550684,0.9999609375,0.9998995558365923,0.9999848092550684,0.9999930245535714,0.0006151674972323961
rt_nextlat_variant,10000,dev,8,102400,102390,102392,819187,819200,0.99990234375,0.9998202295599984,0.9999469524276979,0.999921875,0.9998458314166382,0.9999604116057129,0.999984130859375,0.0010153089906899425
rt_nextlat_variant,10000,dev,9,102400,102365,102371,921558,921600,0.999658203125,0.9995247045222765,0.9997542145322359,0.999716796875,0.9995933030510014,0.9998027991074752,0.9999544270833334,0.0017638833607076965
rt_nextlat_variant,10000,dev,10,102400,102313,102322,1023880,1024000,0.999150390625,0.9989522370091191,0.9993110951443704,0.99923828125,0.9990495439946406,0.9993895628147952,0.9998828125,0.003128186123101364
rt_nextlat_variant,10000,dev,11,102400,102229,102261,1126141,1126400,0.998330078125,0.9980606088358721,0.9985621598621188,0.998642578125,0.998397595090806,0.9988501501616607,0.9997700639204545,0.0051960388543027805
rt_nextlat_variant,10000,dev,12,102400,102035,102095,1228236,1228800,0.996435546875,0.9960514341565271,0.9967824141799556,0.997021484375,0.9966685532774607,0.9973371260986638,0.999541015625,0.010113074816763929
rt_nextlat_variant,10000,ood_dev,1,102400,102400,102400,102400,102400,1.0,0.9999624871609701,1.0,1.0,0.9999624871609701,1.0,1.0,0.00011261888079943106
rt_nextlat_variant,10000,ood_dev,2,102400,102400,102400,204800,204800,1.0,0.9999624871609701,1.0,1.0,0.9999624871609701,1.0,1.0,0.00017564933588804622
rt_nextlat_variant,10000,ood_dev,3,102400,102400,102400,307200,307200,1.0,0.9999624871609701,1.0,1.0,0.9999624871609701,1.0,1.0,0.00020715195450567769
rt_nextlat_variant,10000,ood_dev,4,102400,102400,102400,409600,409600,1.0,0.9999624871609701,1.0,1.0,0.9999624871609701,1.0,1.0,0.0002737770312898835
rt_nextlat_variant,10000,ood_dev,5,102400,102400,102400,512000,512000,1.0,0.9999624871609701,1.0,1.0,0.9999624871609701,1.0,1.0,0.00030367428696422396
rt_nextlat_variant,10000,ood_dev,6,102400,102398,102398,614398,614400,0.99998046875,0.9999287823158808,0.9999946438104347,0.99998046875,0.9999287823158808,0.9999946438104347,0.9999967447916667,0.00042647039717876647
rt_nextlat_variant,10000,ood_dev,7,102400,102391,102392,716790,716800,0.999912109375,0.9998329541276058,0.999953758377418,0.999921875,0.9998458314166382,0.9999604116057129,0.9999860491071428,0.0006708199710741702
rt_nextlat_variant,10000,ood_dev,8,102400,102382,102387,819177,819200,0.99982421875,0.9997221355543948,0.9998888022946828,0.999873046875,0.9997827872309603,0.9999258032047541,0.999971923828125,0.0010479070796777057
rt_nextlat_variant,10000,ood_dev,9,102400,102365,102370,921547,921600,0.999658203125,0.9995247045222765,0.9997542145322359,0.99970703125,0.9995818045502446,0.9997947670909048,0.9999424913194445,0.001949403503959779
rt_nextlat_variant,10000,ood_dev,10,102400,102316,102322,1023869,1024000,0.9991796875,0.9989846165727584,0.9993373071327131,0.99923828125,0.9990495439946406,0.9993895628147952,0.9998720703125,0.0032445262507894723
rt_nextlat_variant,10000,ood_dev,11,102400,102227,102256,1126125,1126400,0.998310546875,0.9980396266683705,0.9985440809949658,0.99859375,0.9983447680796129,0.9988053245862167,0.999755859375,0.005420628068024089
rt_nextlat_variant,10000,ood_dev,12,102400,102044,102095,1228220,1228800,0.9965234375,0.9961438277583222,0.9968657952341068,0.997021484375,0.9966685532774607,0.9973371260986638,0.9995279947916667,0.010365759595855418
rt_nextlat_variant,10000,ood_dev,13,102400,44770,44848,1273068,1331200,0.43720703125,0.4341712452886385,0.44024752829641933,0.43796875,0.43493234854671,0.44100980538988216,0.9563311298076923,3.834866030338618
rt_nextlat_variant,10000,ood_dev,14,102400,2322,4782,1277850,1433600,0.02267578125,0.021781730468091495,0.02360564360507464,0.04669921875,0.0454238221754859,0.048008624522992475,0.891357421875,12.815320611847135
rt_nextlat_variant,10000,ood_dev,15,102400,50,1857,1279707,1536000,0.00048828125,0.00037042144397575276,0.0006436172614223406,0.018134765625,0.017335359982461027,0.01897032353348146,0.833142578125,17.172162672270726
rt_nextlat_variant,10000,ood_dev,16,102400,0,1638,1281345,1638400,0.0,3.3881317890172014e-21,3.751283902995844e-05,0.01599609375,0.015245621497363832,0.016782878723886223,0.7820709228515625,20.425835634795487
rt_nextlat_variant,10000,ood_dev,17,102400,0,1650,1282995,1740800,0.0,3.3881317890172014e-21,3.751283902995844e-05,0.01611328125,0.01536004183054854,0.01690282459862987,0.7370145909926471,20.64573734953758
rt_nextlat_variant,10000,ood_dev,18,102400,0,1827,1284822,1843200,0.0,3.3881317890172014e-21,3.751283902995844e-05,0.017841796875,0.017048907952290568,0.018670860043831033,0.697060546875,19.681276152255126
rt_nextlat_variant,10000,ood_dev,19,102400,0,1712,1286534,1945600,0.0,3.3881317890172014e-21,3.751283902995844e-05,0.01671875,0.01595137878323341,0.017522379720241482,0.661253083881579,18.717915952986942
rt_nextlat_variant,10000,ood_dev,20,102400,0,1728,1288262,2048000,0.0,3.3881317890172014e-21,3.751283902995844e-05,0.016875,0.016104025646818412,0.01768222113389429,0.6290341796875,18.815782042501233
rt_nextlat_variant,10000,ood_dev,21,102400,0,1701,1289963,2150400,0.0,3.3881317890172014e-21,3.751283902995844e-05,0.016611328125,0.015846444329457577,0.017412478483416333,0.5998711867559524,19.826043387002823
rt_nextlat_variant,10000,ood_dev,22,102400,0,1732,1291695,2252800,0.0,3.3881317890172014e-21,3.751283902995844e-05,0.0169140625,0.016142190103274327,0.01772217874674782,0.5733731356534091,20.419935625519695
rt_nextlat_variant,10000,ood_dev,23,102400,0,1595,1293290,2355200,0.0,3.3881317890172014e-21,3.751283902995844e-05,0.015576171875,0.01483570349576524,0.016352984480408218,0.54912109375,20.454617071068476
rt_nextlat_variant,10000,ood_dev,24,102400,0,1737,1295027,2457600,0.0,3.3881317890172014e-21,3.751283902995844e-05,0.016962890625,0.016189897204480646,0.017772124232178315,0.5269478352864584,18.754887928094462
rt_nextlat_variant,10000,ood_dev,25,102400,0,1752,1296779,2560000,0.0,3.3881317890172014e-21,3.751283902995844e-05,0.017109375,0.0163330286433993,0.0179219505531701,0.506554296875,15.354731832110945
rt_nextlat_variant,10000,ood_dev,26,102400,0,1673,1298452,2662400,0.0,3.3881317890172014e-21,3.751283902995844e-05,0.016337890625,0.01557937679287261,0.017132691534835136,0.4876998197115385,13.963080281982174
rt_nextlat_variant,10000,ood_dev,27,102400,0,1738,1300190,2764800,0.0,3.3881317890172014e-21,3.751283902995844e-05,0.01697265625,0.016199438828229357,0.017782113125756963,0.47026548032407406,14.127463332466766
rt_nextlat_variant,10000,ood_dev,28,102400,0,1742,1301932,2867200,0.0,3.3881317890172014e-21,3.751283902995844e-05,0.01701171875,0.016237605999667323,0.017822068023628457,0.45407784598214285,14.964742975628244
rt_nextlat_variant,10000,ood_dev,29,102400,0,1645,1303577,2969600,0.0,3.3881317890172014e-21,3.751283902995844e-05,0.016064453125,0.01531236540613202,0.01685284843640957,0.4389739358836207,16.002558005668085
rt_nextlat_variant,10000,ood_dev,30,102400,0,1749,1305326,3072000,0.0,3.3881317890172014e-21,3.751283902995844e-05,0.017080078125,0.01630440114519587,0.01789198649939144,0.4249108072916667,16.832153619085695
rt_nextlat_variant,10000,ood_dev,31,102400,0,1704,1307030,3174400,0.0,3.3881317890172014e-21,3.751283902995844e-05,0.016640625,0.01587506198163439,0.0174424523832216,0.4117408014112903,17.034087935122148
rt_nextlat_variant,10000,ood_dev,32,102400,0,1731,1308761,3276800,0.0,3.3881317890172014e-21,3.751283902995844e-05,0.016904296875,0.01613264888694426,0.017712189445750523,0.39940216064453127,15.600291305803038
rt_nextlat_variant,10000,ood_dev,33,102400,0,1691,1310452,3379200,0.0,3.3881317890172014e-21,3.751283902995844e-05,0.016513671875,0.01575105670713481,0.01731256093246547,0.3877994791666667,13.517659152879073
rt_nextlat_variant,10000,ood_dev,34,102400,0,1723,1312175,3481600,0.0,3.3881317890172014e-21,3.751283902995844e-05,0.016826171875,0.016056321612980526,0.017632272581095357,0.3768884995404412,12.7803160103759
rt_nextlat_variant,10000,ood_dev,35,102400,0,1730,1313905,3584000,0.0,3.3881317890172014e-21,3.751283902995844e-05,0.01689453125,0.016123107738719566,0.01770220007664786,0.36660295758928574,13.46112039630515
rt_nextlat_variant,10000,ood_dev,36,102400,0,1602,1315507,3686400,0.0,3.3881317890172014e-21,3.751283902995844e-05,0.01564453125,0.01490242479839754,0.016422976799067457,0.3568541124131944,14.267787633674704
