update,length,words,prefix_exact_count,state_correct_count,token_correct_count,token_denominator,E,E_low95,E_high95,A,A_low95,A_high95,M
5000,1,102400,102400,102400,102400,102400,1.0,0.9999624871609701,1.0,1.0,0.9999624871609701,1.0,1.0
5000,2,102400,102400,102400,204800,204800,1.0,0.9999624871609701,1.0,1.0,0.9999624871609701,1.0,1.0
5000,3,102400,102400,102400,307200,307200,1.0,0.9999624871609701,1.0,1.0,0.9999624871609701,1.0,1.0
5000,4,102400,102400,102400,409600,409600,1.0,0.9999624871609701,1.0,1.0,0.9999624871609701,1.0,1.0
5000,5,102400,102400,102400,512000,512000,1.0,0.9999624871609701,1.0,1.0,0.9999624871609701,1.0,1.0
5000,6,102400,102395,102395,614395,614400,0.999951171875,0.9998856912053655,0.9999791433689678,0.999951171875,0.9998856912053655,0.9999791433689678,0.9999918619791667
5000,7,102400,102376,102378,716773,716800,0.999765625,0.9996512662615883,0.999842488483525,0.99978515625,0.9996747063713258,0.9998581094084422,0.9999623325892857
5000,8,102400,102331,102341,819114,819200,0.999326171875,0.9991474062701934,0.9994674751951885,0.999423828125,0.9992569299552471,0.9995532566834086,0.99989501953125
5000,9,102400,102216,102255,921369,921600,0.998203125,0.997924370529382,0.9984445014433533,0.998583984375,0.9983342110358201,0.9987963511126822,0.9997493489583333
5000,10,102400,101999,102072,1023441,1024000,0.996083984375,0.9956823971652414,0.9964483525474562,0.996796875,0.9964316543469756,0.9971248231306196,0.9994541015625
5000,11,102400,101533,101685,1125126,1126400,0.991533203125,0.9909532802070109,0.9920762484311358,0.993017578125,0.9924887468795529,0.9935094203923529,0.9988689630681818
5000,12,102400,100609,100915,1226041,1228800,0.982509765625,0.981688570998567,0.9832947596290966,0.985498046875,0.9847474056794521,0.9862122632503842,0.9977547200520833
5000,13,102400,92240,92855,1318896,1331200,0.90078125,0.898935119403059,0.9025973117119059,0.906787109375,0.9049911258064888,0.9085525734648042,0.9907572115384615
5000,14,102400,42437,44497,1363393,1433600,0.414423828125,0.4114098371445662,0.41744423951575454,0.434541015625,0.43150744123271,0.43757950112197785,0.9510274832589286
5000,15,102400,7409,11318,1374711,1536000,0.072353515625,0.07078271752191012,0.07395639819555005,0.11052734375,0.10862150088960075,0.1124624070605202,0.894994140625
5000,16,102400,678,3387,1378098,1638400,0.00662109375,0.006142536354359006,0.0071366672326228595,0.033076171875,0.03199822066334979,0.03418915436345762,0.841124267578125
5000,17,102400,44,1906,1380004,1740800,0.0004296875,0.00032011930198977835,0.0005767362994441386,0.01861328125,0.017803349916126407,0.019459328948856845,0.7927412683823529
5000,18,102400,2,1800,1381804,1843200,1.953125e-05,5.356189565375578e-06,7.121768411930826e-05,0.017578125,0.016791149492307516,0.018401294535975294,0.7496766493055556
5000,19,102400,0,1702,1383506,1945600,0.0,3.3881317890172014e-21,3.751283902995844e-05,0.01662109375,0.015855983477047735,0.017422469853153533,0.7110947779605263
5000,20,102400,0,1718,1385224,2048000,0.0,3.3881317890172014e-21,3.751283902995844e-05,0.01677734375,0.016008619293442074,0.017582322313996996,0.67637890625
5000,21,102400,0,1686,1386910,2150400,0.0,3.3881317890172014e-21,3.751283902995844e-05,0.01646484375,0.015703365535630627,0.017262599517332833,0.6449544270833333
5000,22,102400,0,1660,1388570,2252800,0.0,3.3881317890172014e-21,3.751283902995844e-05,0.0162109375,0.015455400153029908,0.017002771449422124,0.6163751775568181
5000,23,102400,0,1690,1390260,2355200,0.0,3.3881317890172014e-21,3.751283902995844e-05,0.01650390625,0.015741518331602318,0.017302568790670596,0.5902938179347826
5000,24,102400,0,1631,1391891,2457600,0.0,3.3881317890172014e-21,3.751283902995844e-05,0.015927734375,0.015178881208795401,0.01671290539116311,0.5663618977864583
5000,25,102400,0,1780,1393671,2560000,0.0,3.3881317890172014e-21,3.751283902995844e-05,0.0173828125,0.016600247462472947,0.018201586219262614,0.544402734375
5000,26,102400,0,1725,1395396,2662400,0.0,3.3881317890172014e-21,3.751283902995844e-05,0.016845703125,0.016075403021209946,0.01765225220752066,0.524112079326923
5000,27,102400,0,1744,1397140,2764800,0.0,3.3881317890172014e-21,3.751283902995844e-05,0.01703125,0.016256689990451302,0.0178420450674992,0.5053313078703704
5000,28,102400,0,1734,1398874,2867200,0.0,3.3881317890172014e-21,3.751283902995844e-05,0.01693359375,0.01616127274001894,0.017742157144657933,0.48788853236607144
5000,29,102400,0,1722,1400596,2969600,0.0,3.3881317890172014e-21,3.751283902995844e-05,0.01681640625,0.016046781011694225,0.017622282665054292,0.47164466594827587
5000,30,102400,0,1749,1402345,3072000,0.0,3.3881317890172014e-21,3.751283902995844e-05,0.017080078125,0.01630440114519587,0.01789198649939144,0.4564925130208333
5000,31,102400,0,1670,1404015,3174400,0.0,3.3881317890172014e-21,3.751283902995844e-05,0.01630859375,0.01555076571978533,0.01710271105594033,0.4422930317540323
5000,32,102400,0,1645,1405660,3276800,0.0,3.3881317890172014e-21,3.751283902995844e-05,0.016064453125,0.01531236540613202,0.01685284843640957,0.428973388671875
5000,33,102400,0,1724,1407384,3379200,0.0,3.3881317890172014e-21,3.751283902995844e-05,0.0168359375,0.01606586228283863,0.01764226242856461,0.416484375
5000,34,102400,0,1722,1409106,3481600,0.0,3.3881317890172014e-21,3.751283902995844e-05,0.01681640625,0.016046781011694225,0.017622282665054292,0.40472943474264705
5000,35,102400,0,1663,1410769,3584000,0.0,3.3881317890172014e-21,3.751283902995844e-05,0.016240234375,0.015484009065332125,0.017032754089101997,0.3936297433035714
5000,36,102400,0,1722,1412491,3686400,0.0,3.3881317890172014e-21,3.751283902995844e-05,0.01681640625,0.016046781011694225,0.017622282665054292,0.3831627061631944
10000,1,102400,102400,102400,102400,102400,1.0,0.9999624871609701,1.0,1.0,0.9999624871609701,1.0,1.0
10000,2,102400,102400,102400,204800,204800,1.0,0.9999624871609701,1.0,1.0,0.9999624871609701,1.0,1.0
10000,3,102400,102400,102400,307200,307200,1.0,0.9999624871609701,1.0,1.0,0.9999624871609701,1.0,1.0
10000,4,102400,102397,102397,409597,409600,0.999970703125,0.9999138592392058,0.9999900363697822,0.999970703125,0.9999138592392058,0.9999900363697822,0.99999267578125
10000,5,102400,102390,102391,511988,512000,0.99990234375,0.9998202295599984,0.9999469524276979,0.999912109375,0.9998329541276058,0.999953758377418,0.9999765625
10000,6,102400,102373,102379,614367,614400,0.999736328125,0.9996163891811771,0.9998187740119542,0.999794921875,0.9996864903756401,0.9998658559214554,0.9999462890625
10000,7,102400,102336,102346,716713,716800,0.999375,0.9992020535530068,0.999510480499012,0.99947265625,0.99931206478972,0.9995957744355726,0.9998786272321428
10000,8,102400,102289,102318,819031,819200,0.998916015625,0.9986948905496533,0.9990997091879794,0.99919921875,0.9990062333665538,0.9993547513735724,0.999793701171875
10000,9,102400,102209,102253,921284,921600,0.998134765625,0.9978511472800239,0.9983810110714199,0.998564453125,0.9983131050785029,0.9987783960353448,0.9996571180555556
10000,10,102400,102100,102171,1023455,1024000,0.9970703125,0.9967201141559111,0.9973832178068501,0.997763671875,0.9974550819919834,0.9980349167010207,0.9994677734375
10000,11,102400,101916,102029,1125484,1126400,0.9952734375,0.9948343659258698,0.9956753508486567,0.996376953125,0.9959898694750091,0.9967267957575092,0.9991867897727272
10000,12,102400,101551,101739,1227223,1228800,0.991708984375,0.9911348582218029,0.9922462197282362,0.993544921875,0.9930355634343955,0.9940172517731878,0.9987166341145833
10000,13,102400,81790,82047,1309270,1331200,0.79873046875,0.7962635154671651,0.8011750095768597,0.801240234375,0.7987847144065059,0.8036731535906512,0.9835261418269231
10000,14,102400,22032,24065,1333335,1433600,0.21515625,0.21265005555205443,0.2176838150434304,0.235009765625,0.23242275340719337,0.23761665891481987,0.9300606863839286
10000,15,102400,2878,6572,1339907,1536000,0.02810546875,0.027110749376996868,0.02913559233018293,0.0641796875,0.06269493243805818,0.06569714027639942,0.8723352864583334
10000,16,102400,250,2823,1342730,1638400,0.00244140625,0.0021572363750728446,0.002762905795797788,0.027568359375,0.026583100467505286,0.028589062786669565,0.819537353515625
10000,17,102400,19,1968,1344698,1740800,0.000185546875,0.0001187940488148779,0.0002897986194349718,0.01921875,0.01839570319194052,0.020077867747339224,0.7724597886029412
10000,18,102400,0,1653,1346351,1843200,0.0,3.3881317890172014e-21,3.751283902995844e-05,0.016142578125,0.015388648562805618,0.016932809418354882,0.7304421657986111
10000,19,102400,0,1736,1348087,1945600,0.0,3.3881317890172014e-21,3.751283902995844e-05,0.016953125,0.01618035564849098,0.017762135270840616,0.6928901110197369
10000,20,102400,0,1743,1349830,2048000,0.0,3.3881317890172014e-21,3.751283902995844e-05,0.017021484375,0.016247147961351464,0.017832056579271675,0.6590966796875
10000,21,102400,0,1662,1351492,2150400,0.0,3.3881317890172014e-21,3.751283902995844e-05,0.01623046875,0.015474472688896538,0.017022759948210224,0.6284840029761904
10000,22,102400,0,1673,1353165,2252800,0.0,3.3881317890172014e-21,3.751283902995844e-05,0.016337890625,0.01557937679287261,0.017132691534835136,0.6006591796875
10000,23,102400,0,1711,1354876,2355200,0.0,3.3881317890172014e-21,3.751283902995844e-05,0.016708984375,0.015941838940128936,0.01751238904601859,0.5752700407608695
10000,24,102400,0,1713,1356589,2457600,0.0,3.3881317890172014e-21,3.751283902995844e-05,0.016728515625,0.015960918695559916,0.017532370325242335,0.5519974772135416
10000,25,102400,0,1697,1358286,2560000,0.0,3.3881317890172014e-21,3.751283902995844e-05,0.016572265625,0.01580828843853085,0.0173725123050336,0.53058046875
10000,26,102400,0,1675,1359961,2662400,0.0,3.3881317890172014e-21,3.751283902995844e-05,0.016357421875,0.015598451199770717,0.01715267816259176,0.5108026592548077
10000,27,102400,0,1685,1361646,2764800,0.0,3.3881317890172014e-21,3.751283902995844e-05,0.016455078125,0.015693827513485862,0.01725260702215024,0.49249348958333333
10000,28,102400,0,1694,1363340,2867200,0.0,3.3881317890172014e-21,3.751283902995844e-05,0.01654296875,0.015779672256443042,0.017342536935139326,0.47549525669642856
10000,29,102400,0,1769,1365109,2969600,0.0,3.3881317890172014e-21,3.751283902995844e-05,0.017275390625,0.016495262462912757,0.018091735528221815,0.45969457165948274
10000,30,102400,0,1786,1366895,3072000,0.0,3.3881317890172014e-21,3.751283902995844e-05,0.01744140625,0.016657515345765293,0.01826150143993444,0.44495279947916666
10000,31,102400,0,1703,1368598,3174400,0.0,3.3881317890172014e-21,3.751283902995844e-05,0.016630859375,0.01586552269446015,0.017432461153068485,0.4311359627016129
10000,32,102400,0,1666,1370264,3276800,0.0,3.3881317890172014e-21,3.751283902995844e-05,0.01626953125,0.015512618627879053,0.017062736078537158,0.41817138671875
10000,33,102400,0,1741,1372005,3379200,0.0,3.3881317890172014e-21,3.751283902995844e-05,0.017001953125,0.016228064105455898,0.017812079400512517,0.4060147372159091
10000,34,102400,0,1736,1373741,3481600,0.0,3.3881317890172014e-21,3.751283902995844e-05,0.016953125,0.01618035564849098,0.017762135270840616,0.39457174862132355
10000,35,102400,0,1718,1375459,3584000,0.0,3.3881317890172014e-21,3.751283902995844e-05,0.01677734375,0.016008619293442074,0.017582322313996996,0.38377762276785715
10000,36,102400,0,1737,1377196,3686400,0.0,3.3881317890172014e-21,3.751283902995844e-05,0.016962890625,0.016189897204480646,0.017772124232178315,0.3735883246527778
