branch,after_update,pass,ce_sums,ce_counts,ce_means,latent_sums,latent_counts,latent_means,kl_sums,kl_counts,kl_means,ce_gap_vs_first_pass
KL1,32,1,193822.80798339844,65472,2.960392350675074,19990.4599609375,65338,0.3059545740753849,182487.94702148438,65140,2.8014729355462755,0.0
KL1,32,2,484066.8583984375,65472,7.393494293720026,2447.756088256836,65338,0.03746297848505978,20817.995346069336,65140,0.3195885070013714,4.433101943044951
KL1,32,3,486186.2197265625,65472,7.425864792988797,2447.8931732177734,65338,0.03746507657439428,21258.479858398438,65140,0.3263506272397672,4.4654724423137235
KL1,32,4,486793.52734375,65472,7.435140630250336,2444.888494491577,65338,0.037419089878655255,21301.960021972656,65140,0.32701811516691215,4.474748279575262
KL1,48,1,190434.05346679688,65472,2.908633514583286,16463.64942932129,65338,0.2519766357911367,161273.412109375,65140,2.4757969313689747,0.0
KL1,48,2,464251.11669921875,65472,7.090834504814558,1926.9004516601562,65338,0.029491267740980077,23466.59147644043,65140,0.3602485642683517,4.182200990231273
KL1,48,3,466468.8583984375,65472,7.124707636828529,2012.8695640563965,65338,0.03080702751930571,25193.422439575195,65140,0.3867580970152778,4.216074122245244
KL1,48,4,466655.126953125,65472,7.127552647744456,2023.2233619689941,65338,0.03096549269902651,25433.90936279297,65140,0.39044994416323253,4.218919133161171
KL1,64,1,186301.22607421875,65472,2.8455099290417087,16437.088897705078,65338,0.251570126078317,154635.75622558594,65140,2.3738986218235483,0.0
KL1,64,2,445587.390625,65472,6.8057702624786165,2208.0189533233643,65338,0.033793794626761825,39223.79019165039,65140,0.6021459961874485,3.9602603334369078
KL1,64,3,453279.2822265625,65472,6.923253944076285,2251.2364177703857,65338,0.034455239183482596,41483.49475097656,65140,0.6368359648599411,4.077744015034575
KL1,64,4,456161.6708984375,65472,6.967278697740064,2243.902088165283,65338,0.03434298705447494,41411.550354003906,65140,0.6357315068161484,4.121768768698356
KL0.1,32,1,193822.80798339844,65472,2.960392350675074,19990.4599609375,65338,0.3059545740753849,182487.94702148438,65140,2.8014729355462755,0.0
KL0.1,32,2,484066.8583984375,65472,7.393494293720026,2447.756088256836,65338,0.03746297848505978,20817.995346069336,65140,0.3195885070013714,4.433101943044951
KL0.1,32,3,486186.2197265625,65472,7.425864792988797,2447.8931732177734,65338,0.03746507657439428,21258.479858398438,65140,0.3263506272397672,4.4654724423137235
KL0.1,32,4,486793.52734375,65472,7.435140630250336,2444.888494491577,65338,0.037419089878655255,21301.960021972656,65140,0.32701811516691215,4.474748279575262
KL0.1,48,1,177745.7764892578,65472,2.714836517736709,21201.08868408203,65338,0.32448328207294425,243342.01220703125,65140,3.7356771907741977,0.0
KL0.1,48,2,435989.130859375,65472,6.659169276322321,3338.4237785339355,65338,0.05109467352128831,49018.618896484375,65140,0.7525118037532142,3.944332758585612
KL0.1,48,3,442324.46630859375,65472,6.755933319718258,3352.3699951171875,65338,0.051308120773779234,51781.668395996094,65140,0.7949288976972074,4.041096801981549
KL0.1,48,4,444056.7138671875,65472,6.782391157551129,3333.3854217529297,65338,0.05101756132347072,51740.15148925781,65140,0.7942915488065369,4.06755463981442
KL0.1,64,1,177045.27239990234,65472,2.7041372250718223,18592.903259277344,65338,0.284564927902252,226965.0555419922,65140,3.484265513386432,0.0
KL0.1,64,2,376597.60791015625,65472,5.752040687777313,5500.589767456055,65338,0.08418668718748744,72312.49505615234,65140,1.1101089201128698,3.047903462705491
KL0.1,64,3,385231.228515625,65472,5.883908060172669,5284.782920837402,65338,0.08088375709139249,73082.04138183594,65140,1.1219226493987708,3.179770835100847
KL0.1,64,4,389951.26806640625,65472,5.956000550867642,5252.19607925415,65338,0.08038501452836253,73041.3212890625,65140,1.121297532837926,3.2518633257958194
