branch,window,scope,input_tokens,seconds,input_tokens_per_second
KL1,all33_64,compute_regions,16777216,1910.1005963909993,8783.420114992567
KL1,all33_64,compute_plus_materialization,16777216,2156.456576422017,7779.99250410907
KL1,all33_64,complete_update_callback,16777216,2186.965419900065,7671.459204309982
KL1,updates34_64,compute_regions,16252928,1850.2700476959872,8784.08425853223
KL1,updates34_64,compute_plus_materialization,16252928,2089.0410813970084,7780.090178567072
KL1,updates34_64,complete_update_callback,16252928,2119.403952034074,7668.631543506105
KL1,updates33_48,compute_regions,8388608,954.6961482100014,8786.678374819194
KL1,updates33_48,compute_plus_materialization,8388608,1078.0833897430275,7781.03816440351
KL1,updates33_48,complete_update_callback,8388608,1092.5391149680072,7678.084825590563
KL1,updates49_64,compute_regions,8388608,955.4044481809979,8780.164270713976
KL1,updates49_64,compute_plus_materialization,8388608,1078.3731866789894,7778.947124820458
KL1,updates49_64,complete_update_callback,8388608,1094.426304932058,7664.845008016108
KL1,all33_64,stage_wall,16777216,3171.0746659050055,5290.703552453844
KL0.1,all33_64,compute_regions,16777216,1909.2954403750628,8787.12411144934
KL0.1,all33_64,compute_plus_materialization,16777216,2197.228385536975,7635.626824427656
KL0.1,all33_64,complete_update_callback,16777216,2227.724793856032,7531.099014685669
KL0.1,updates34_64,compute_regions,16252928,1849.8220417380653,8786.211664300956
KL0.1,updates34_64,compute_plus_materialization,16252928,2128.9605720429827,7634.208079487093
KL0.1,updates34_64,complete_update_callback,16252928,2159.3163296670245,7526.886068844887
KL0.1,updates33_48,compute_regions,8388608,952.6558805240493,8805.496477264682
KL0.1,updates33_48,compute_plus_materialization,8388608,1095.621975822025,7656.480232341252
KL0.1,updates33_48,complete_update_callback,8388608,1110.0388947380125,7557.039703532056
KL0.1,updates49_64,compute_regions,8388608,956.6395598510135,8768.828252624675
KL0.1,updates49_64,compute_plus_materialization,8388608,1101.6064097149501,7614.886701839927
KL0.1,updates49_64,complete_update_callback,8388608,1117.6858991180197,7505.335807331521
KL0.1,all33_64,stage_wall,16777216,3207.166449668992,5231.164725401626
