branch,update,input_tokens,cumulative_input_tokens,additional_input_tokens,gradient_norm_before_clip,clip_coefficient_estimate,clipped,lr_used_all_groups,raw_ce,raw_latent,raw_kl,seconds_compute_regions,seconds_compute_plus_materialization,seconds_complete_update_callback
KL1,33,524288,17301504,524288,11.80278491973877,0.08472575939275641,True,"[7.76e-05, 7.76e-05, 7.76e-05, 7.76e-05, 7.76e-05]",5.1806508024184,0.10384843036638003,0.9341666594984059,59.83054869501211,67.41549502500857,67.56146786599129
KL1,34,524288,17825792,1048576,12.197044372558594,0.08198706895440765,True,"[7.94e-05, 7.94e-05, 7.94e-05, 7.94e-05, 7.94e-05]",5.18232885157491,0.10481136801640999,0.9602992172098709,59.70727884399821,67.39890442600881,67.54236431900063
KL1,35,524288,18350080,1572864,7.101451873779297,0.14081625517678237,True,"[8.120000000000001e-05, 8.120000000000001e-05, 8.120000000000001e-05, 8.120000000000001e-05, 8.120000000000001e-05]",5.219616969193415,0.10521647957222013,0.8759480295623334,59.557507463992806,67.36158721000538,67.50428007899609
KL1,36,524288,18874368,2097152,9.463785171508789,0.1056659546060488,True,"[8.300000000000001e-05, 8.300000000000001e-05, 8.300000000000001e-05, 8.300000000000001e-05, 8.300000000000001e-05]",5.154525227327617,0.1014837040388533,0.9189828094350819,59.55156298298971,67.24709552599234,67.38860899599968
KL1,37,524288,19398656,2621440,5.586729049682617,0.17899558258713613,True,"[8.480000000000001e-05, 8.480000000000001e-05, 8.480000000000001e-05, 8.480000000000001e-05, 8.480000000000001e-05]",5.057301645288253,0.10194823130691898,0.9171938299151792,59.53380992701568,67.18617675999121,67.3264959090011
KL1,38,524288,19922944,3145728,12.591777801513672,0.07941689698994625,True,"[8.660000000000002e-05, 8.660000000000002e-05, 8.660000000000002e-05, 8.660000000000002e-05, 8.660000000000002e-05]",5.147040433315005,0.1041022854659805,0.9648629766424552,59.487924002998625,67.0307199400122,67.17275445999985
KL1,39,524288,20447232,3670016,12.731684684753418,0.0785441947563574,True,"[8.840000000000002e-05, 8.840000000000002e-05, 8.840000000000002e-05, 8.840000000000002e-05, 8.840000000000002e-05]",5.1755382802595955,0.10495051705695273,1.0078745122628487,59.708138219997636,67.59540442700381,67.73775850600214
KL1,40,524288,20971520,4194304,11.57209300994873,0.08641478362863995,True,"[9.020000000000002e-05, 9.020000000000002e-05, 9.020000000000002e-05, 9.020000000000002e-05, 9.020000000000002e-05]",5.097387200110353,0.1034339582054706,1.041035216054864,59.51594720900175,67.20594739800435,67.35025055000733
KL1,41,524288,21495808,4718592,14.493408203125,0.06899687892510376,True,"[9.200000000000001e-05, 9.200000000000001e-05, 9.200000000000001e-05, 9.200000000000001e-05, 9.200000000000001e-05]",5.066197810168373,0.10204363250366183,1.0415161472710814,59.95745074098522,67.56277888700424,67.72725595999509
KL1,42,524288,22020096,5242880,8.540199279785156,0.11709327266797505,True,"[9.38e-05, 9.38e-05, 9.38e-05, 9.38e-05, 9.38e-05]",5.10512265292081,0.1008060473592839,1.0047391741976994,59.69206964100886,67.65223571601382,67.82394745800411
KL1,43,524288,22544384,5767168,6.822778224945068,0.14656783797779288,True,"[9.56e-05, 9.56e-05, 9.56e-05, 9.56e-05, 9.56e-05]",5.036125615661561,0.10065949963248724,1.008939905228043,59.58848423299787,67.42696145699301,67.59244129100989
KL1,44,524288,23068672,6291456,4.62279748916626,0.21631918465482453,True,"[9.74e-05, 9.74e-05, 9.74e-05, 9.74e-05, 9.74e-05]",5.000891818795153,0.10235757912455591,1.007858668422405,59.64625255699502,67.41821410799457,67.5794456040021
KL1,45,524288,23592960,6815744,8.491199493408203,0.1177689775169376,True,"[9.92e-05, 9.92e-05, 9.92e-05, 9.92e-05, 9.92e-05]",5.046621537045416,0.09789740130711068,0.997421730243043,59.9619352640002,67.61813600899768,67.7856444939971
KL1,46,524288,24117248,7340032,9.767121315002441,0.10238430192114883,True,"[0.000101, 0.000101, 0.000101, 0.000101, 0.000101]",5.058353897646608,0.09440772883181735,0.9925841509408172,59.66873918900092,67.40469707999728,67.57007025899657
KL1,47,524288,24641536,7864320,5.650778293609619,0.17696674176089036,True,"[0.0001028, 0.0001028, 0.0001028, 0.0001028, 0.0001028]",5.017801510390415,0.09012712527639859,0.9347680585205346,59.644508284007316,67.24728672900528,67.44099499800359
KL1,48,524288,25165824,8388608,7.027629852294922,0.14229546500346457,True,"[0.00010460000000000001, 0.00010460000000000001, 0.00010460000000000001, 0.00010460000000000001, 0.00010460000000000001]",5.027476186742997,0.08626551410276276,0.9227927816356915,59.64399095599947,67.31174904499494,79.43533421900065
KL1,49,524288,25690112,8912896,7.237399578094482,0.1381711554044294,True,"[0.00010640000000000001, 0.00010640000000000001, 0.00010640000000000001, 0.00010640000000000001, 0.00010640000000000001]",5.04153996502083,0.08558409488166596,0.9046385778382291,59.676774855994154,67.45395345901488,67.66491543200391
KL1,50,524288,26214400,9437184,6.669866561889648,0.14992801442022766,True,"[0.00010820000000000001, 0.00010820000000000001, 0.00010820000000000001, 0.00010820000000000001, 0.00010820000000000001]",4.980290544347679,0.08716680590300256,0.9183413710785209,59.587516587009304,67.33886323601473,67.56712298101047
KL1,51,524288,26738688,9961472,7.923823833465576,0.12620167924164452,True,"[0.00011000000000000002, 0.00011000000000000002, 0.00011000000000000002, 0.00011000000000000002, 0.00011000000000000002]",4.9648445256178215,0.09183910142847512,1.0232934261263067,59.77724035999563,67.50307367100322,67.72662148500967
KL1,52,524288,27262976,10485760,6.453859806060791,0.15494601294482593,True,"[0.00011180000000000002, 0.00011180000000000002, 0.00011180000000000002, 0.00011180000000000002, 0.00011180000000000002]",4.9128866111777745,0.09767421153540753,1.0979735852385297,59.5412978430104,67.26051476500288,67.48822239100991
KL1,53,524288,27787264,11010048,5.473478317260742,0.1826991465641383,True,"[0.00011360000000000002, 0.00011360000000000002, 0.00011360000000000002, 0.00011360000000000002, 0.00011360000000000002]",4.917576257550937,0.09508880051259286,1.02250299581687,59.71546424199187,67.34233875898644,67.5661766139965
KL1,54,524288,28311552,11534336,14.38798713684082,0.06950242038631335,True,"[0.00011540000000000001, 0.00011540000000000001, 0.00011540000000000001, 0.00011540000000000001, 0.00011540000000000001]",4.923266704481018,0.09441181513147055,1.1108885175883283,59.68547087699699,67.40299534099177,67.62737945400295
KL1,55,524288,28835840,12058624,9.030961036682129,0.11073017425365997,True,"[0.00011720000000000002, 0.00011720000000000002, 0.00011720000000000002, 0.00011720000000000002, 0.00011720000000000002]",4.910553329035217,0.0944912973069359,1.0631100893598588,59.79591354899458,67.41164015699178,67.63388840500556
KL1,56,524288,29360128,12582912,6.740478992462158,0.1483573871769213,True,"[0.00011900000000000002, 0.00011900000000000002, 0.00011900000000000002, 0.00011900000000000002, 0.00011900000000000002]",4.972210829092494,0.09279866824126518,1.0035000458366063,59.5697298500163,67.24035865101905,67.4973076919996
KL1,57,524288,29884416,13107200,6.777278900146484,0.1475518223732188,True,"[0.00012080000000000002, 0.00012080000000000002, 0.00012080000000000002, 0.00012080000000000002, 0.00012080000000000002]",4.934153373173838,0.08630297553901208,0.9337121155939457,59.67852844098525,67.30330504299491,67.56195806199685
KL1,58,524288,30408704,13631488,8.71094799041748,0.11479805485028723,True,"[0.0001226, 0.0001226, 0.0001226, 0.0001226, 0.0001226]",4.962868064962407,0.08146425168608104,0.8912985125623057,59.63532075000694,67.2898986049986,67.53740524299792
KL1,59,524288,30932992,14155776,6.390988349914551,0.15647029673322335,True,"[0.00012440000000000002, 0.00012440000000000002, 0.00012440000000000002, 0.00012440000000000002, 0.00012440000000000002]",4.952800799208536,0.07945557140263453,0.8578467739929563,59.7716520660033,67.44245968099858,67.71059160100413
KL1,60,524288,31457280,14680064,7.658200263977051,0.13057896567746782,True,"[0.0001262, 0.0001262, 0.0001262, 0.0001262, 0.0001262]",4.920729591466581,0.08081434774011416,0.9529508911225508,59.662095147999935,67.2918885800027,67.56956970100873
KL1,61,524288,31981568,15204352,5.7027058601379395,0.17535532239786417,True,"[0.00012800000000000002, 0.00012800000000000002, 0.00012800000000000002, 0.00012800000000000002, 0.00012800000000000002]",4.883676418927175,0.08357352138612799,0.9825180559940557,59.70270877800067,67.44232921599178,67.71867289701186
KL1,62,524288,32505856,15728640,11.360861778259277,0.08802148388885137,True,"[0.0001298, 0.0001298, 0.0001298, 0.0001298, 0.0001298]",4.849163976466085,0.08992866465672715,1.102448277310582,59.70758105999266,67.40802400097891,67.68636183900526
KL1,63,524288,33030144,16252928,6.605531215667725,0.1513882556848471,True,"[0.0001316, 0.0001316, 0.0001316, 0.0001316, 0.0001316]",4.876311114806234,0.09289401473118526,1.070644597554134,59.87945450100233,67.58958341200196,67.85944619200018
KL1,64,524288,33554432,16777216,9.01717758178711,0.11089943388942072,True,"[0.00013340000000000002, 0.00013340000000000002, 0.00013340000000000002, 0.00013340000000000002, 0.00013340000000000002]",4.834031732434285,0.09018602170052567,1.084642251209171,60.01769927299756,67.65196010199725,80.01066494299448
KL0.1,33,524288,17301504,524288,4.5875654220581055,0.21798049510340892,True,"[7.76e-05, 7.76e-05, 7.76e-05, 7.76e-05, 7.76e-05]",5.1806508024184,0.10384843036638003,0.9341666594984059,59.473398636997445,68.26781349399243,68.40846418900765
KL0.1,34,524288,17825792,1048576,3.434757709503174,0.2911412662651481,True,"[7.94e-05, 7.94e-05, 7.94e-05, 7.94e-05, 7.94e-05]",5.151855968426866,0.1127013762692397,1.1586714692179116,59.43458418600494,68.35955226400984,68.50025977300538
KL0.1,35,524288,18350080,1572864,2.9591667652130127,0.337932851173788,True,"[8.120000000000001e-05, 8.120000000000001e-05, 8.120000000000001e-05, 8.120000000000001e-05, 8.120000000000001e-05]",5.044795352342891,0.12207082204266174,1.2496769363517155,59.25891889999912,68.08643994602608,68.2258014580002
KL0.1,36,524288,18874368,2097152,2.486267328262329,0.40220920189210113,True,"[8.300000000000001e-05, 8.300000000000001e-05, 8.300000000000001e-05, 8.300000000000001e-05, 8.300000000000001e-05]",4.986041041996006,0.1352138532199591,1.2999272430256488,59.55313863699848,68.3898563109833,68.52601172598952
KL0.1,37,524288,19398656,2621440,2.8531532287597656,0.3504892900355719,True,"[8.480000000000001e-05, 8.480000000000001e-05, 8.480000000000001e-05, 8.480000000000001e-05, 8.480000000000001e-05]",4.877534487846427,0.15186498598954748,1.541464642118824,59.45407379201788,68.31800649501383,68.4612338230072
KL0.1,38,524288,19922944,3145728,3.6509108543395996,0.2739041751477417,True,"[8.660000000000002e-05, 8.660000000000002e-05, 8.660000000000002e-05, 8.660000000000002e-05, 8.660000000000002e-05]",4.908265204257163,0.15631255915583692,1.6787862298333551,59.41686198298703,68.33211065997602,68.47130538200145
KL0.1,39,524288,20447232,3670016,2.3773298263549805,0.4206398154241075,True,"[8.840000000000002e-05, 8.840000000000002e-05, 8.840000000000002e-05, 8.840000000000002e-05, 8.840000000000002e-05]",4.852109161406784,0.1577546661831704,1.7161359327980885,59.50776741199661,68.35299001200474,68.49299538000196
KL0.1,40,524288,20971520,4194304,3.6080353260040283,0.2771590720394769,True,"[9.020000000000002e-05, 9.020000000000002e-05, 9.020000000000002e-05, 9.020000000000002e-05, 9.020000000000002e-05]",4.847887324447855,0.15299005245073638,1.6123867834381165,59.491478047013516,68.40627860001405,68.54899582899816
KL0.1,41,524288,21495808,4718592,2.089487075805664,0.4785861243139281,True,"[9.200000000000001e-05, 9.200000000000001e-05, 9.200000000000001e-05, 9.200000000000001e-05, 9.200000000000001e-05]",4.782383826471144,0.1467012564917275,1.6021208546114047,59.689172370999586,68.63253571900714,68.79274497099686
KL0.1,42,524288,22020096,5242880,4.129688739776611,0.24214894169122092,True,"[9.38e-05, 9.38e-05, 9.38e-05, 9.38e-05, 9.38e-05]",4.794493256659336,0.14895112119277953,1.693630260953256,59.4570562930021,68.45278797901119,68.61386727599893
KL0.1,43,524288,22544384,5767168,4.16453218460083,0.24012295152256058,True,"[9.56e-05, 9.56e-05, 9.56e-05, 9.56e-05, 9.56e-05]",4.803922084536137,0.14573190730148156,1.6935277196872136,59.53351303400996,68.58650198999385,68.75031133700395
KL0.1,44,524288,23068672,6291456,1.8535511493682861,0.5395046480568743,True,"[9.74e-05, 9.74e-05, 9.74e-05, 9.74e-05, 9.74e-05]",4.743268353265518,0.13566967057974946,1.616760419622724,59.67015555300168,68.63448403400253,68.85208660800708
KL0.1,45,524288,23592960,6815744,5.974168300628662,0.16738728845444167,True,"[9.92e-05, 9.92e-05, 9.92e-05, 9.92e-05, 9.92e-05]",4.838692173813328,0.13945957649109297,1.6623978137263882,59.82256840601622,69.08265251100238,69.24907945599989
KL0.1,46,524288,24117248,7340032,2.375967025756836,0.42088108474501124,True,"[0.000101, 0.000101, 0.000101, 0.000101, 0.000101]",4.7736362595245865,0.12455280496168704,1.5044886907906538,59.60973966000893,68.55925483300234,68.72356318699894
KL0.1,47,524288,24641536,7864320,3.7905924320220947,0.26381093565778413,True,"[0.0001028, 0.0001028, 0.0001028, 0.0001028, 0.0001028]",4.741418534593032,0.12013404015810501,1.4472772981065052,59.725723577983445,68.64510542797507,68.83489587799704
KL0.1,48,524288,25165824,8388608,2.7997541427612305,0.3571740916649447,True,"[0.00010460000000000001, 0.00010460000000000001, 0.00010460000000000001, 0.00010460000000000001, 0.00010460000000000001]",4.782102329407037,0.11498540780727758,1.4146168996548856,59.557730035012355,68.51560554601019,80.58727846499823
KL0.1,49,524288,25690112,8912896,2.4360315799713135,0.4105035409714331,True,"[0.00010640000000000001, 0.00010640000000000001, 0.00010640000000000001, 0.00010640000000000001, 0.00010640000000000001]",4.744984817877776,0.11927231771406165,1.5257053990414033,59.573756817990215,68.54663977499877,68.7435238140024
KL0.1,50,524288,26214400,9437184,2.8962929248809814,0.3452688248970081,True,"[0.00010820000000000001, 0.00010820000000000001, 0.00010820000000000001, 0.00010820000000000001, 0.00010820000000000001]",4.651718065069801,0.12790588517348198,1.6262949819186596,59.60198035099893,68.54955294400861,68.7728153479984
KL0.1,51,524288,26738688,9961472,2.97035551071167,0.33665992495978514,True,"[0.00011000000000000002, 0.00011000000000000002, 0.00011000000000000002, 0.00011000000000000002, 0.00011000000000000002]",4.671406795318991,0.12726166354317975,1.6249485070551777,59.64853289400344,68.67480471398449,68.89868044400646
KL0.1,52,524288,27262976,10485760,1.9146357774734497,0.5222922758851408,True,"[0.00011180000000000002, 0.00011180000000000002, 0.00011180000000000002, 0.00011180000000000002, 0.00011180000000000002]",4.601566005195924,0.12749745938049584,1.6083082866993548,59.540540192014305,68.51239268499194,68.73358439700678
KL0.1,53,524288,27787264,11010048,2.8445520401000977,0.3515490785029661,True,"[0.00011360000000000002, 0.00011360000000000002, 0.00011360000000000002, 0.00011360000000000002, 0.00011360000000000002]",4.604553103330431,0.13328331891885697,1.6932883006776682,59.60610237100627,68.56773075299861,68.79476320301183
KL0.1,54,524288,28311552,11534336,1.7987101078033447,0.5559536468428432,True,"[0.00011540000000000001, 0.00011540000000000001, 0.00011540000000000001, 0.00011540000000000001, 0.00011540000000000001]",4.567565276592474,0.1269194689266608,1.6031637839408945,59.98708689400519,68.9560576799995,69.17467196300277
KL0.1,55,524288,28835840,12058624,6.251469612121582,0.15996236118602286,True,"[0.00011720000000000002, 0.00011720000000000002, 0.00011720000000000002, 0.00011720000000000002, 0.00011720000000000002]",4.579414844979056,0.13241800222008251,1.6096061953060274,59.69834137399448,68.63167776098999,68.85180180800671
KL0.1,56,524288,29360128,12582912,3.0183022022247314,0.3313119766307506,True,"[0.00011900000000000002, 0.00011900000000000002, 0.00011900000000000002, 0.00011900000000000002, 0.00011900000000000002]",4.56582599837526,0.11813217663002805,1.5640452844839947,59.64215729398711,68.59944517198892,68.84766004398989
KL0.1,57,524288,29884416,13107200,2.4388859272003174,0.41002310884003734,True,"[0.00012080000000000002, 0.00012080000000000002, 0.00012080000000000002, 0.00012080000000000002, 0.00012080000000000002]",4.478255517088889,0.11990590646384922,1.5426192002300965,59.58696292201057,68.5224524140067,68.76722035199055
KL0.1,58,524288,30408704,13631488,6.655709743499756,0.1502469140469546,True,"[0.0001226, 0.0001226, 0.0001226, 0.0001226, 0.0001226]",4.538892781396532,0.13557798416576675,1.7479887930350426,59.62614899300388,68.58784211199963,68.83719979300804
KL0.1,59,524288,30932992,14155776,2.787032127380371,0.358804490042045,True,"[0.00012440000000000002, 0.00012440000000000002, 0.00012440000000000002, 0.00012440000000000002, 0.00012440000000000002]",4.475108082343406,0.12180379892896792,1.6507436214673756,60.67186266800854,69.8288742779987,70.1070136819908
KL0.1,60,524288,31457280,14680064,1.9979264736175537,0.5005186690732807,True,"[0.0001262, 0.0001262, 0.0001262, 0.0001262, 0.0001262]",4.442278283082844,0.11666035472328085,1.5418310550245737,59.77259215898812,69.04014053699211,69.32032007600355
KL0.1,61,524288,31981568,15204352,3.2609071731567383,0.3066630358474477,True,"[0.00012800000000000002, 0.00012800000000000002, 0.00012800000000000002, 0.00012800000000000002, 0.00012800000000000002]",4.4206229141846896,0.11405994415713659,1.5769670954509212,59.707040431007044,68.83359931298764,69.10893272599787
KL0.1,62,524288,32505856,15728640,3.7214808464050293,0.2687101647334395,True,"[0.0001298, 0.0001298, 0.0001298, 0.0001298, 0.0001298]",4.361438068826177,0.12549424855712984,1.692638130864184,59.83679608699458,69.00459414899524,69.28627274700557
KL0.1,63,524288,33030144,16252928,3.7181437015533447,0.2689513400546853,True,"[0.0001316, 0.0001316, 0.0001316, 0.0001316, 0.0001316]",4.356246694674823,0.13237571756437344,1.7578912427147864,60.1654787449952,69.4147256520082,69.69297905499116
KL0.1,64,524288,33554432,16777216,2.542595386505127,0.3932987576429813,True,"[0.00013340000000000002, 0.00013340000000000002, 0.00013340000000000002, 0.00013340000000000002, 0.00013340000000000002]",4.321565353975268,0.11774347400171038,1.6838536161583115,59.974179658005596,69.3358797760011,81.74845966600697
