arm,update,role,length,words,prefix_exact_count,state_correct_count,token_correct_count,token_denominator,E,E_low95,E_high95,A,A_low95,A_high95,M,state_ce,injection_coefficient
quadratic_input,500,dev,1,4096,4096,4096,4096,4096,1.0,0.9990630225926348,0.9999999999999999,1.0,0.9990630225926348,0.9999999999999999,1.0,0.002207744067135309,5e-06
quadratic_input,500,dev,2,4096,4096,4096,8192,8192,1.0,0.9990630225926348,0.9999999999999999,1.0,0.9990630225926348,0.9999999999999999,1.0,0.014043385271847342,5e-06
quadratic_input,500,dev,3,4096,224,224,8416,12288,0.0546875,0.048132459168260984,0.062077036335173634,0.0546875,0.048132459168260984,0.062077036335173634,0.6848958333333334,3.939170243054434,5e-06
quadratic_input,500,dev,4,4096,3,64,8480,16384,0.000732421875,0.0002491200948151938,0.0021513285370509242,0.015625,0.012255565007829483,0.01990213185555554,0.517578125,4.095165769343112,5e-06
quadratic_input,500,dev,5,4096,1,71,8551,20480,0.000244140625,4.309811523941186e-05,0.0013817030336260863,0.017333984375,0.01376571558724534,0.02180674746664186,0.417529296875,4.099318174121436,5e-06
quadratic_input,500,dev,6,4096,0,69,8620,24576,0.0,0.0,0.0009369774073651883,0.016845703125,0.013333172427690648,0.02126364314319593,0.3507486979166667,4.099302356131375,5e-06
quadratic_input,500,dev,7,4096,0,78,8698,28672,0.0,0.0,0.0009369774073651883,0.01904296875,0.01528574904596704,0.023701480198422328,0.30336216517857145,4.0964764698874205,5e-06
quadratic_input,500,dev,8,4096,0,48,8746,32768,0.0,0.0,0.0009369774073651883,0.01171875,0.00885047381719605,0.015502043182184016,0.26690673828125,4.099405722052325,5e-06
quadratic_input,500,dev,9,4096,0,69,8815,36864,0.0,0.0,0.0009369774073651883,0.016845703125,0.013333172427690648,0.02126364314319593,0.23912217881944445,4.097714311734308,5e-06
quadratic_input,500,dev,10,4096,0,73,8888,40960,0.0,0.0,0.0009369774073651883,0.017822265625,0.014199063362519719,0.022349047174368093,0.2169921875,4.09644111210946,5e-06
quadratic_input,500,dev,11,4096,0,64,8952,45056,0.0,0.0,0.0009369774073651883,0.015625,0.012255565007829483,0.01990213185555554,0.19868607954545456,4.097077608574182,5e-06
quadratic_input,500,dev,12,4096,0,73,9025,49152,0.0,0.0,0.0009369774073651883,0.017822265625,0.014199063362519719,0.022349047174368093,0.18361409505208334,4.0965498616569676,5e-06
quadratic_input,500,ood_dev,1,4096,4096,4096,4096,4096,1.0,0.9990630225926348,0.9999999999999999,1.0,0.9990630225926348,0.9999999999999999,1.0,0.0021895360716825962,5e-06
quadratic_input,500,ood_dev,2,4096,4095,4095,8191,8192,0.999755859375,0.9986182969663738,0.9999569018847606,0.999755859375,0.9986182969663738,0.9999569018847606,0.9998779296875,0.01445048415070005,5e-06
quadratic_input,500,ood_dev,3,4096,231,231,8422,12288,0.056396484375,0.04973859724567345,0.06388566444826334,0.056396484375,0.04973859724567345,0.06388566444826334,0.6853841145833334,3.961427196860086,5e-06
quadratic_input,500,ood_dev,4,4096,1,46,8468,16384,0.000244140625,4.309811523941186e-05,0.0013817030336260863,0.01123046875,0.008430482402087882,0.014946387114291566,0.516845703125,4.0974768655141816,5e-06
quadratic_input,500,ood_dev,5,4096,0,73,8541,20480,0.0,0.0,0.0009369774073651883,0.017822265625,0.014199063362519719,0.022349047174368093,0.417041015625,4.096573383954819,5e-06
quadratic_input,500,ood_dev,6,4096,0,64,8605,24576,0.0,0.0,0.0009369774073651883,0.015625,0.012255565007829483,0.01990213185555554,0.3501383463541667,4.097239580878522,5e-06
quadratic_input,500,ood_dev,7,4096,0,73,8678,28672,0.0,0.0,0.0009369774073651883,0.017822265625,0.014199063362519719,0.022349047174368093,0.3026646205357143,4.098705839249305,5e-06
quadratic_input,500,ood_dev,8,4096,0,71,8749,32768,0.0,0.0,0.0009369774073651883,0.017333984375,0.01376571558724534,0.02180674746664186,0.266998291015625,4.099260856921319,5e-06
quadratic_input,500,ood_dev,9,4096,0,64,8813,36864,0.0,0.0,0.0009369774073651883,0.015625,0.012255565007829483,0.01990213185555554,0.2390679253472222,4.099169228866231,5e-06
quadratic_input,500,ood_dev,10,4096,0,62,8875,40960,0.0,0.0,0.0009369774073651883,0.01513671875,0.011826124044008677,0.01935592533637573,0.2166748046875,4.097605851129629,5e-06
quadratic_input,500,ood_dev,11,4096,0,69,8944,45056,0.0,0.0,0.0009369774073651883,0.016845703125,0.013333172427690648,0.02126364314319593,0.19850852272727273,4.098878839984536,5e-06
quadratic_input,500,ood_dev,12,4096,0,61,9005,49152,0.0,0.0,0.0009369774073651883,0.014892578125,0.011611768142410793,0.019082457496473304,0.18320719401041666,4.097336012404412,5e-06
quadratic_input,500,ood_dev,13,4096,0,77,9082,53248,0.0,0.0,0.0009369774073651883,0.018798828125,0.01506804743850219,0.023431358064386867,0.1705603966346154,4.099896663567051,5e-06
quadratic_input,500,ood_dev,14,4096,0,69,9151,57344,0.0,0.0,0.0009369774073651883,0.016845703125,0.013333172427690648,0.02126364314319593,0.15958077566964285,4.096213285520207,5e-06
quadratic_input,500,ood_dev,15,4096,0,53,9204,61440,0.0,0.0,0.0009369774073651883,0.012939453125,0.009906496085844563,0.016885139621037056,0.1498046875,4.098844963591546,5e-06
quadratic_input,500,ood_dev,16,4096,0,69,9273,65536,0.0,0.0,0.0009369774073651883,0.016845703125,0.013333172427690648,0.02126364314319593,0.1414947509765625,4.09794312203303,5e-06
quadratic_input,500,ood_dev,17,4096,0,62,9335,69632,0.0,0.0,0.0009369774073651883,0.01513671875,0.011826124044008677,0.01935592533637573,0.1340619255514706,4.098737983906176,5e-06
quadratic_input,500,ood_dev,18,4096,0,70,9405,73728,0.0,0.0,0.0009369774073651883,0.01708984375,0.0135493413532538,0.021535297959133087,0.1275634765625,4.096444391994737,5e-06
quadratic_input,500,ood_dev,19,4096,0,80,9485,77824,0.0,0.0,0.0009369774073651883,0.01953125,0.015721675338006252,0.02424120138938373,0.12187756990131579,4.09792869532248,5e-06
quadratic_input,500,ood_dev,20,4096,0,53,9538,81920,0.0,0.0,0.0009369774073651883,0.012939453125,0.009906496085844563,0.016885139621037056,0.1164306640625,4.098787506867666,5e-06
quadratic_input,500,ood_dev,21,4096,0,68,9606,86016,0.0,0.0,0.0009369774073651883,0.0166015625,0.013117213150496153,0.020991778678890113,0.11167689732142858,4.096599554293789,5e-06
quadratic_input,500,ood_dev,22,4096,0,69,9675,90112,0.0,0.0,0.0009369774073651883,0.016845703125,0.013333172427690648,0.02126364314319593,0.10736638849431818,4.096827054803725,5e-06
quadratic_input,500,ood_dev,23,4096,0,68,9743,94208,0.0,0.0,0.0009369774073651883,0.0166015625,0.013117213150496153,0.020991778678890113,0.10342009171195653,4.098274862044491,5e-06
quadratic_input,500,ood_dev,24,4096,0,61,9804,98304,0.0,0.0,0.0009369774073651883,0.014892578125,0.011611768142410793,0.019082457496473304,0.0997314453125,4.095399777230341,5e-06
quadratic_input,500,ood_dev,25,4096,0,78,9882,102400,0.0,0.0,0.0009369774073651883,0.01904296875,0.01528574904596704,0.023701480198422328,0.09650390625,4.0977992749540135,5e-06
quadratic_input,500,ood_dev,26,4096,0,72,9954,106496,0.0,0.0,0.0009369774073651883,0.017578125,0.013982290939508705,0.022077995855878798,0.09346829927884616,4.0971427816548385,5e-06
quadratic_input,500,ood_dev,27,4096,0,69,10023,110592,0.0,0.0,0.0009369774073651883,0.016845703125,0.013333172427690648,0.02126364314319593,0.09063042534722222,4.097764337726403,5e-06
quadratic_input,500,ood_dev,28,4096,0,72,10095,114688,0.0,0.0,0.0009369774073651883,0.017578125,0.013982290939508705,0.022077995855878798,0.08802141462053571,4.099767453793902,5e-06
quadratic_input,500,ood_dev,29,4096,0,60,10155,118784,0.0,0.0,0.0009369774073651883,0.0146484375,0.01139766303294143,0.018808738864442356,0.08549131196120689,4.097487235150766,5e-06
quadratic_input,500,ood_dev,30,4096,0,81,10236,122880,0.0,0.0,0.0009369774073651883,0.019775390625,0.015939893688042484,0.02451080678084781,0.08330078125,4.096350858162623,5e-06
quadratic_input,500,ood_dev,31,4096,0,62,10298,126976,0.0,0.0,0.0009369774073651883,0.01513671875,0.011826124044008677,0.01935592533637573,0.08110194052419355,4.0977491670055315,5e-06
quadratic_input,500,ood_dev,32,4096,0,72,10370,131072,0.0,0.0,0.0009369774073651883,0.017578125,0.013982290939508705,0.022077995855878798,0.0791168212890625,4.09693509148201,5e-06
quadratic_input,500,ood_dev,33,4096,0,69,10439,135168,0.0,0.0,0.0009369774073651883,0.016845703125,0.013333172427690648,0.02126364314319593,0.07722981770833333,4.099633299687412,5e-06
quadratic_input,500,ood_dev,34,4096,0,59,10498,139264,0.0,0.0,0.0009369774073651883,0.014404296875,0.011183814817094736,0.01853476333878874,0.07538200827205882,4.096961258968804,5e-06
quadratic_input,500,ood_dev,35,4096,0,55,10553,143360,0.0,0.0,0.0009369774073651883,0.013427734375,0.010331122163193216,0.017436161026689018,0.07361188616071429,4.099942063272465,5e-06
quadratic_input,500,ood_dev,36,4096,0,65,10618,147456,0.0,0.0,0.0009369774073651883,0.015869140625,0.012470639018872916,0.020174881586012418,0.07200792100694445,4.096897479321342,5e-06
quadratic_input,1000,dev,1,102400,102400,102400,102400,102400,1.0,0.9999624871609701,1.0,1.0,0.9999624871609701,1.0,1.0,0.009041721214215386,2e-05
quadratic_input,1000,dev,2,102400,102329,102329,204729,204800,0.999306640625,0.9991256059557884,0.9994502144749388,0.999306640625,0.9991256059557884,0.9994502144749388,0.9996533203125,0.11032166989438225,2e-05
quadratic_input,1000,dev,3,102400,70201,70228,274957,307200,0.685556640625,0.6827059774162506,0.6883933823209679,0.6858203125,0.6829702853184495,0.6886563983866077,0.8950423177083333,1.0669954151164212,2e-05
quadratic_input,1000,dev,4,102400,29236,36578,311535,409600,0.2855078125,0.2827495570062155,0.2882821604155903,0.35720703125,0.3542775355290754,0.3601472401102272,0.76058349609375,1.972472803101873,2e-05
quadratic_input,1000,dev,5,102400,9018,19558,331093,512000,0.08806640625,0.08634608207893119,0.08981763601825557,0.19099609375,0.18860009524488539,0.19341527548270418,0.646666015625,2.7360343846018442,2e-05
quadratic_input,1000,dev,6,102400,2203,11110,342203,614400,0.021513671875,0.02064280253395561,0.022420439977254368,0.10849609375,0.10660588293972534,0.11041567740630415,0.5569710286458334,3.2828147191929746,2e-05
quadratic_input,1000,dev,7,102400,430,6691,348894,716800,0.00419921875,0.003821321673182759,0.004614313616613158,0.065341796875,0.06384441154494959,0.06687179273146417,0.48673828125,3.6544362778490176,2e-05
quadratic_input,1000,dev,8,102400,53,3999,352893,819200,0.000517578125,0.0003957560628508712,0.0006768741945293102,0.039052734375,0.03788340603701899,0.0402566455941344,0.430777587890625,3.9276922370458487,2e-05
quadratic_input,1000,dev,9,102400,5,2275,355168,921600,4.8828125e-05,2.0856631032296734e-05,0.0001143087946344752,0.022216796875,0.02133182423510089,0.023137615523679204,0.38538194444444446,4.064843783166725,2e-05
quadratic_input,1000,dev,10,102400,1,1872,357040,1024000,9.765625e-06,1.7238746867777096e-06,5.5319481670543434e-05,0.01828125,0.01747860680728485,0.019120034468568074,0.348671875,4.0996043356368315,2e-05
quadratic_input,1000,dev,11,102400,0,1763,358803,1126400,0.0,3.3881317890172014e-21,3.751283902995844e-05,0.017216796875,0.01643800127708362,0.018031813610086767,0.31853959517045455,4.1025325196073394,2e-05
quadratic_input,1000,dev,12,102400,0,1682,360485,1228800,0.0,3.3881317890172014e-21,3.751283902995844e-05,0.01642578125,0.015665213872477914,0.0172226291111761,0.29336344401041664,4.101968513100874,2e-05
quadratic_input,1000,ood_dev,1,102400,102400,102400,102400,102400,1.0,0.9999624871609701,1.0,1.0,0.9999624871609701,1.0,1.0,0.009063237295239333,2e-05
quadratic_input,1000,ood_dev,2,102400,102344,102344,204744,204800,0.999453125,0.9992899777075444,0.9995788004830934,0.999453125,0.9992899777075444,0.9995788004830934,0.9997265625,0.11013373632155435,2e-05
quadratic_input,1000,ood_dev,3,102400,69965,69991,274735,307200,0.683251953125,0.6803957757644041,0.6860943818835568,0.683505859375,0.6806502855376739,0.6863476655607985,0.8943196614583333,1.0642609967077532,2e-05
quadratic_input,1000,ood_dev,4,102400,29098,36552,311287,409600,0.28416015625,0.2814058861398507,0.286930619890779,0.356953125,0.3540241026541561,0.35989287953463506,0.75997802734375,1.9782669642711699,2e-05
quadratic_input,1000,ood_dev,5,102400,8897,19183,330470,512000,0.086884765625,0.08517505222026019,0.08862547328031568,0.187333984375,0.1849559245075274,0.18973550222230118,0.64544921875,2.7468290208127293,2e-05
quadratic_input,1000,ood_dev,6,102400,2127,10862,341332,614400,0.020771484375,0.019915770894047904,0.021663152300282505,0.10607421875,0.10420292106462224,0.10797507098422134,0.5555533854166667,3.2936419957119507,2e-05
quadratic_input,1000,ood_dev,7,102400,404,6512,347844,716800,0.0039453125,0.003579522376110841,0.004348319463173646,0.06359375,0.062115416184555745,0.06510482549026009,0.4852734375,3.6626526115846354,2e-05
quadratic_input,1000,ood_dev,8,102400,45,3840,351684,819200,0.000439453125,0.00032846613451102604,0.0005879199842502537,0.0375,0.03635361430343291,0.038681085072669805,0.4293017578125,3.9320009056152774,2e-05
quadratic_input,1000,ood_dev,9,102400,8,2400,354084,921600,7.8125e-05,3.958839428702881e-05,0.00015416858336183122,0.0234375,0.022528597658431432,0.024382156766268995,0.3842057291666667,4.065688979631522,2e-05
quadratic_input,1000,ood_dev,10,102400,0,1793,355877,1024000,0.0,3.3881317890172014e-21,3.751283902995844e-05,0.017509765625,0.016724330834732817,0.018331399572258458,0.3475361328125,4.099466785539407,2e-05
quadratic_input,1000,ood_dev,11,102400,0,1684,357561,1126400,0.0,3.3881317890172014e-21,3.751283902995844e-05,0.0164453125,0.015684289562204114,0.017242614456104623,0.31743696732954546,4.102545353630558,2e-05
quadratic_input,1000,ood_dev,12,102400,0,1717,359278,1228800,0.0,3.3881317890172014e-21,3.751283902995844e-05,0.016767578125,0.01599907903589678,0.01757233205421493,0.2923811848958333,4.101905762797688,2e-05
quadratic_input,1000,ood_dev,13,102400,0,1707,360985,1331200,0.0,3.3881317890172014e-21,3.751283902995844e-05,0.016669921875,0.01590368026112528,0.0174724256557128,0.27117262620192306,4.101008932299447,2e-05
quadratic_input,1000,ood_dev,14,102400,0,1740,362725,1433600,0.0,3.3881317890172014e-21,3.751283902995844e-05,0.0169921875,0.01621852227877429,0.01780209070986676,0.25301688058035715,4.100442737275735,2e-05
quadratic_input,1000,ood_dev,15,102400,0,1723,364448,1536000,0.0,3.3881317890172014e-21,3.751283902995844e-05,0.016826171875,0.016056321612980526,0.017632272581095357,0.23727083333333332,4.100047591126058,2e-05
quadratic_input,1000,ood_dev,16,102400,0,1700,366148,1638400,0.0,3.3881317890172014e-21,3.751283902995844e-05,0.0166015625,0.015836905251750164,0.017402487043796374,0.22347900390625,4.100742434610147,2e-05
quadratic_input,1000,ood_dev,17,102400,0,1697,367845,1740800,0.0,3.3881317890172014e-21,3.751283902995844e-05,0.016572265625,0.01580828843853085,0.0173725123050336,0.21130801930147058,4.100031320624985,2e-05
quadratic_input,1000,ood_dev,18,102400,0,1741,369586,1843200,0.0,3.3881317890172014e-21,3.751283902995844e-05,0.017001953125,0.016228064105455898,0.017812079400512517,0.20051323784722222,4.099425750055816,2e-05
quadratic_input,1000,ood_dev,19,102400,0,1672,371258,1945600,0.0,3.3881317890172014e-21,3.751283902995844e-05,0.016328125,0.01556983969681238,0.017122698113568,0.1908192845394737,4.100290156216361,2e-05
quadratic_input,1000,ood_dev,20,102400,0,1763,373021,2048000,0.0,3.3881317890172014e-21,3.751283902995844e-05,0.017216796875,0.01643800127708362,0.018031813610086767,0.18213916015625,4.100456774050835,2e-05
quadratic_input,1000,ood_dev,21,102400,0,1770,374791,2150400,0.0,3.3881317890172014e-21,3.751283902995844e-05,0.01728515625,0.0165048062250697,0.01810172228339223,0.17428896949404762,4.100282058792654,2e-05
quadratic_input,1000,ood_dev,22,102400,0,1647,376438,2252800,0.0,3.3881317890172014e-21,3.751283902995844e-05,0.016083984375,0.015331435756104178,0.016872839121092133,0.16709783380681817,4.100110459760763,2e-05
quadratic_input,1000,ood_dev,23,102400,0,1691,378129,2355200,0.0,3.3881317890172014e-21,3.751283902995844e-05,0.016513671875,0.01575105670713481,0.01731256093246547,0.16055069633152175,4.100134946098551,2e-05
quadratic_input,1000,ood_dev,24,102400,0,1737,379866,2457600,0.0,3.3881317890172014e-21,3.751283902995844e-05,0.016962890625,0.016189897204480646,0.017772124232178315,0.15456787109375,4.100248585781083,2e-05
quadratic_input,1000,ood_dev,25,102400,0,1753,381619,2560000,0.0,3.3881317890172014e-21,3.751283902995844e-05,0.017119140625,0.016342571276687833,0.017931938437208937,0.149069921875,4.0996554134693,2e-05
quadratic_input,1000,ood_dev,26,102400,0,1701,383320,2662400,0.0,3.3881317890172014e-21,3.751283902995844e-05,0.016611328125,0.015846444329457577,0.017412478483416333,0.1439753605769231,4.100037471216638,2e-05
quadratic_input,1000,ood_dev,27,102400,0,1662,384982,2764800,0.0,3.3881317890172014e-21,3.751283902995844e-05,0.01623046875,0.015474472688896538,0.017022759948210224,0.13924406828703703,4.100566051192581,2e-05
quadratic_input,1000,ood_dev,28,102400,0,1703,386685,2867200,0.0,3.3881317890172014e-21,3.751283902995844e-05,0.016630859375,0.01586552269446015,0.017432461153068485,0.13486502511160714,4.09962191876024,2e-05
quadratic_input,1000,ood_dev,29,102400,0,1746,388431,2969600,0.0,3.3881317890172014e-21,3.751283902995844e-05,0.01705078125,0.016275774250670384,0.017862021841934844,0.13080246497844827,4.09957818293944,2e-05
quadratic_input,1000,ood_dev,30,102400,0,1706,390137,3072000,0.0,3.3881317890172014e-21,3.751283902995844e-05,0.01666015625,0.015894140765027154,0.017462434634483562,0.12699772135416668,4.099813375659287,2e-05
quadratic_input,1000,ood_dev,31,102400,0,1661,391798,3174400,0.0,3.3881317890172014e-21,3.751283902995844e-05,0.016220703125,0.015464936384774395,0.017012765735004997,0.12342426915322581,4.1001372642815115,2e-05
quadratic_input,1000,ood_dev,32,102400,0,1729,393527,3276800,0.0,3.3881317890172014e-21,3.751283902995844e-05,0.016884765625,0.01611356665865825,0.01769221063938181,0.12009490966796875,4.0998717789072545,2e-05
quadratic_input,1000,ood_dev,33,102400,0,1680,395207,3379200,0.0,3.3881317890172014e-21,3.751283902995844e-05,0.01640625,0.015646138466949424,0.017202643482049865,0.1169528290719697,4.099464024486951,2e-05
quadratic_input,1000,ood_dev,34,102400,0,1735,396942,3481600,0.0,3.3881317890172014e-21,3.751283902995844e-05,0.016943359375,0.016170814160317883,0.017752146241686355,0.11401137408088236,4.100027974615805,2e-05
quadratic_input,1000,ood_dev,35,102400,0,1689,398631,3584000,0.0,3.3881317890172014e-21,3.751283902995844e-05,0.016494140625,0.01573198002662403,0.017292576578321527,0.11122516741071428,4.100267195822671,2e-05
quadratic_input,1000,ood_dev,36,102400,0,1717,400348,3686400,0.0,3.3881317890172014e-21,3.751283902995844e-05,0.016767578125,0.01599907903589678,0.01757233205421493,0.10860134548611111,4.100370803691913,2e-05
quadratic_input,1500,dev,1,4096,4096,4096,4096,4096,1.0,0.9990630225926348,0.9999999999999999,1.0,0.9990630225926348,0.9999999999999999,1.0,0.0063816366853757245,4.5e-05
quadratic_input,1500,dev,2,4096,4096,4096,8192,8192,1.0,0.9990630225926348,0.9999999999999999,1.0,0.9990630225926348,0.9999999999999999,1.0,0.01601762792944328,4.5e-05
quadratic_input,1500,dev,3,4096,4096,4096,12288,12288,1.0,0.9990630225926348,0.9999999999999999,1.0,0.9990630225926348,0.9999999999999999,1.0,0.026310386560055576,4.5e-05
quadratic_input,1500,dev,4,4096,4079,4079,16367,16384,0.995849609375,0.9933629968413301,0.9974070221457995,0.995849609375,0.9933629968413301,0.9974070221457995,0.99896240234375,0.042714415865532374,4.5e-05
quadratic_input,1500,dev,5,4096,4047,4054,20421,20480,0.988037109375,0.9842206673133682,0.9909389919457514,0.98974609375,0.9861695639225535,0.9924048615270683,0.997119140625,0.07001389264831914,4.5e-05
quadratic_input,1500,dev,6,4096,3995,4016,24437,24576,0.975341796875,0.9701285156377056,0.9796643090633977,0.98046875,0.9757587986106162,0.9842783246619937,0.9943440755208334,0.10625485559546632,4.5e-05
quadratic_input,1500,dev,7,4096,3868,3908,28345,28672,0.9443359375,0.9368892357284203,0.9509499738021437,0.9541015625,0.947256349406498,0.9600958097840784,0.9885951450892857,0.1638288423062022,4.5e-05
quadratic_input,1500,dev,8,4096,3696,3779,32124,32768,0.90234375,0.8928723632769541,0.9110611627155568,0.922607421875,0.9140224457668371,0.9304004507701995,0.9803466796875,0.2406978967720761,4.5e-05
quadratic_input,1500,dev,9,4096,3437,3581,35705,36864,0.839111328125,0.8275420910342984,0.8500450859096321,0.874267578125,0.8637621415848652,0.88407165413511,0.9685601128472222,0.34596394930156293,4.5e-05
quadratic_input,1500,dev,10,4096,3181,3407,39112,40960,0.776611328125,0.7635999027671785,0.7891043963526727,0.831787109375,0.8200221498156435,0.8429303148832779,0.9548828125,0.4801856220976788,4.5e-05
quadratic_input,1500,dev,11,4096,2800,3120,42232,45056,0.68359375,0.6691847481849715,0.6976587054232615,0.76171875,0.7484303424468323,0.7745167084415,0.9373224431818182,0.6653934216089965,4.5e-05
quadratic_input,1500,dev,12,4096,2314,2750,44982,49152,0.56494140625,0.54970503592285,0.5800560793162325,0.67138671875,0.6568474017348821,0.6856048647983356,0.9151611328125,0.946822171086751,4.5e-05
quadratic_input,1500,ood_dev,1,4096,4096,4096,4096,4096,1.0,0.9990630225926348,0.9999999999999999,1.0,0.9990630225926348,0.9999999999999999,1.0,0.006446544444827396,4.5e-05
quadratic_input,1500,ood_dev,2,4096,4096,4096,8192,8192,1.0,0.9990630225926348,0.9999999999999999,1.0,0.9990630225926348,0.9999999999999999,1.0,0.015701043776800816,4.5e-05
quadratic_input,1500,ood_dev,3,4096,4093,4093,12285,12288,0.999267578125,0.9978486714629491,0.9997508799051849,0.999267578125,0.9978486714629491,0.9997508799051849,0.999755859375,0.025374499962197206,4.5e-05
quadratic_input,1500,ood_dev,4,4096,4082,4084,16369,16384,0.99658203125,0.9942706398960515,0.9979628503155791,0.9970703125,0.9948858699188933,0.9983232677757378,0.99908447265625,0.04317883080670981,4.5e-05
quadratic_input,1500,ood_dev,5,4096,4050,4058,20427,20480,0.98876953125,0.9850536128857085,0.9915695175979121,0.99072265625,0.987292434466316,0.993233285949307,0.997412109375,0.06771833101902303,4.5e-05
quadratic_input,1500,ood_dev,6,4096,3984,4005,24432,24576,0.97265625,0.9672017903723954,0.9772249731722046,0.977783203125,0.9728018164634368,0.9818692456526698,0.994140625,0.10941268901683543,4.5e-05
quadratic_input,1500,ood_dev,7,4096,3864,3905,28337,28672,0.943359375,0.9358561096520154,0.9500318049125475,0.953369140625,0.9464763369080933,0.9594123510579824,0.9883161272321429,0.16852713756782123,4.5e-05
quadratic_input,1500,ood_dev,8,4096,3695,3783,32120,32768,0.902099609375,0.8926183492901923,0.9108273529608181,0.923583984375,0.915045461521617,0.9313287299814208,0.980224609375,0.24538494950172662,4.5e-05
quadratic_input,1500,ood_dev,9,4096,3477,3621,35741,36864,0.848876953125,0.8375816138522119,0.8595185127517311,0.884033203125,0.8738658758000654,0.8934808695799222,0.9695366753472222,0.3402520631138941,4.5e-05
quadratic_input,1500,ood_dev,10,4096,3168,3403,39144,40960,0.7734375,0.7603651334237318,0.7859974570566153,0.830810546875,0.8190200915524753,0.8419810781804445,0.9556640625,0.4601097878846758,4.5e-05
quadratic_input,1500,ood_dev,11,4096,2847,3190,42334,45056,0.695068359375,0.6807921746326393,0.7089789948261083,0.77880859375,0.7658399814639417,0.7912547313294122,0.9395862926136364,0.621098431009159,4.5e-05
quadratic_input,1500,ood_dev,12,4096,2322,2767,45101,49152,0.56689453125,0.5516642746451457,0.5819994305259393,0.675537109375,0.6610408501330648,0.689704420005658,0.9175821940104166,0.9231070247278694,4.5e-05
quadratic_input,1500,ood_dev,13,4096,1359,1865,46966,53248,0.331787109375,0.317530947178628,0.3463584949276584,0.455322265625,0.44012025007135425,0.4706080052340891,0.8820237379807693,1.6664080513846784,4.5e-05
quadratic_input,1500,ood_dev,14,4096,287,528,47494,57344,0.070068359375,0.06264722053899238,0.07829517067896177,0.12890625,0.11899074265656151,0.13951717026296728,0.8282296316964286,3.4326901000858925,4.5e-05
quadratic_input,1500,ood_dev,15,4096,34,113,47607,61440,0.00830078125,0.00594629450988538,0.011576690108490348,0.027587890625,0.022997436199112566,0.03306362399778765,0.774853515625,4.646016167736889,4.5e-05
quadratic_input,1500,ood_dev,16,4096,1,77,47684,65536,0.000244140625,4.309811523941186e-05,0.0013817030336260863,0.018798828125,0.01506804743850219,0.023431358064386867,0.72760009765625,5.038719955857232,4.5e-05
quadratic_input,1500,ood_dev,17,4096,1,77,47761,69632,0.000244140625,4.309811523941186e-05,0.0013817030336260863,0.018798828125,0.01506804743850219,0.023431358064386867,0.6859059053308824,5.120365392329404,4.5e-05
quadratic_input,1500,ood_dev,18,4096,0,69,47830,73728,0.0,0.0,0.0009369774073651883,0.016845703125,0.013333172427690648,0.02126364314319593,0.6487358940972222,5.173568720725598,4.5e-05
quadratic_input,1500,ood_dev,19,4096,0,65,47895,77824,0.0,0.0,0.0009369774073651883,0.015869140625,0.012470639018872916,0.020174881586012418,0.6154271175986842,5.194844723679125,4.5e-05
quadratic_input,1500,ood_dev,20,4096,0,74,47969,81920,0.0,0.0,0.0009369774073651883,0.01806640625,0.014416028944668636,0.02261990533371949,0.58555908203125,5.194208001397783,4.5e-05
quadratic_input,1500,ood_dev,21,4096,0,84,48053,86016,0.0,0.0,0.0009369774073651883,0.0205078125,0.016595533532573623,0.025318638160817603,0.5586518787202381,5.204371886968147,4.5e-05
quadratic_input,1500,ood_dev,22,4096,0,79,48132,90112,0.0,0.0,0.0009369774073651883,0.019287109375,0.015503626084669948,0.023971426901219724,0.5341352982954546,5.125890761439223,4.5e-05
quadratic_input,1500,ood_dev,23,4096,0,71,48203,94208,0.0,0.0,0.0009369774073651883,0.017333984375,0.01376571558724534,0.02180674746664186,0.5116656759510869,5.171845042568748,4.5e-05
quadratic_input,1500,ood_dev,24,4096,0,80,48283,98304,0.0,0.0,0.0009369774073651883,0.01953125,0.015721675338006252,0.02424120138938373,0.4911600748697917,5.147965519485297,4.5e-05
quadratic_input,1500,ood_dev,25,4096,0,74,48357,102400,0.0,0.0,0.0009369774073651883,0.01806640625,0.014416028944668636,0.02261990533371949,0.472236328125,5.114076597878011,4.5e-05
quadratic_input,1500,ood_dev,26,4096,0,63,48420,106496,0.0,0.0,0.0009369774073651883,0.015380859375,0.012040724876904885,0.019629148244979834,0.4546649639423077,5.137656562059419,4.5e-05
quadratic_input,1500,ood_dev,27,4096,0,66,48486,110592,0.0,0.0,0.0009369774073651883,0.01611328125,0.01268594169611479,0.020447402650270854,0.4384223090277778,5.098681070769089,4.5e-05
quadratic_input,1500,ood_dev,28,4096,0,82,48568,114688,0.0,0.0,0.0009369774073651883,0.02001953125,0.01615827811132198,0.024780246099068624,0.42347935267857145,5.040526644297643,4.5e-05
quadratic_input,1500,ood_dev,29,4096,0,70,48638,118784,0.0,0.0,0.0009369774073651883,0.01708984375,0.0135493413532538,0.021535297959133087,0.4094659213362069,5.025026974879438,4.5e-05
quadratic_input,1500,ood_dev,30,4096,0,75,48713,122880,0.0,0.0,0.0009369774073651883,0.018310546875,0.014633183903943853,0.022890574115944584,0.39642740885416666,5.0127055627526715,4.5e-05
quadratic_input,1500,ood_dev,31,4096,0,67,48780,126976,0.0,0.0,0.0009369774073651883,0.016357421875,0.012901468019013623,0.020719700068872332,0.3841670866935484,5.025396194832865,4.5e-05
quadratic_input,1500,ood_dev,32,4096,0,79,48859,131072,0.0,0.0,0.0009369774073651883,0.019287109375,0.015503626084669948,0.023971426901219724,0.37276458740234375,5.00854160846211,4.5e-05
quadratic_input,1500,ood_dev,33,4096,0,51,48910,135168,0.0,0.0,0.0009369774073651883,0.012451171875,0.009483101104023409,0.016332887119857586,0.3618459990530303,4.945707755658077,4.5e-05
quadratic_input,1500,ood_dev,34,4096,0,73,48983,139264,0.0,0.0,0.0009369774073651883,0.017822265625,0.014199063362519719,0.022349047174368093,0.3517276539522059,4.929254013579339,4.5e-05
quadratic_input,1500,ood_dev,35,4096,0,56,49039,143360,0.0,0.0,0.0009369774073651883,0.013671875,0.01054387645975476,0.017711230471627787,0.34206891741071427,4.920353997847997,4.5e-05
quadratic_input,1500,ood_dev,36,4096,0,66,49105,147456,0.0,0.0,0.0009369774073651883,0.01611328125,0.01268594169611479,0.020447402650270854,0.3330145941840278,4.893865486825234,4.5e-05
quadratic_input,2000,dev,1,4096,4096,4096,4096,4096,1.0,0.9990630225926348,0.9999999999999999,1.0,0.9990630225926348,0.9999999999999999,1.0,0.0018909354202065742,8e-05
quadratic_input,2000,dev,2,4096,4096,4096,8192,8192,1.0,0.9990630225926348,0.9999999999999999,1.0,0.9990630225926348,0.9999999999999999,1.0,0.002896347399442334,8e-05
quadratic_input,2000,dev,3,4096,4096,4096,12288,12288,1.0,0.9990630225926348,0.9999999999999999,1.0,0.9990630225926348,0.9999999999999999,1.0,0.004059062123644708,8e-05
quadratic_input,2000,dev,4,4096,4096,4096,16384,16384,1.0,0.9990630225926348,0.9999999999999999,1.0,0.9990630225926348,0.9999999999999999,1.0,0.006943457604847936,8e-05
quadratic_input,2000,dev,5,4096,4094,4094,20478,20480,0.99951171875,0.9982212896544476,0.9998660854551866,0.99951171875,0.9982212896544476,0.9998660854551866,0.99990234375,0.012037911178765626,8e-05
quadratic_input,2000,dev,6,4096,4086,4086,24564,24576,0.99755859375,0.9955114747539533,0.9986733104236785,0.99755859375,0.9955114747539533,0.9986733104236785,0.99951171875,0.019820792682622823,8e-05
quadratic_input,2000,dev,7,4096,4066,4067,28631,28672,0.99267578125,0.9895635962243474,0.994864714123278,0.992919921875,0.9898503448988859,0.9950657891902398,0.9985700334821429,0.03347148580540704,8e-05
quadratic_input,2000,dev,8,4096,4019,4033,32664,32768,0.981201171875,0.9765686419356131,0.9849319525614978,0.984619140625,0.9803708517550201,0.9879592751230951,0.996826171875,0.05713535992829577,8e-05
quadratic_input,2000,dev,9,4096,3955,3982,36646,36864,0.965576171875,0.9595422298231,0.970737645217991,0.97216796875,0.9666710641443907,0.9767800519172087,0.9940863715277778,0.09002275350988498,8e-05
quadratic_input,2000,dev,10,4096,3840,3894,40540,40960,0.9375,0.9296692192922852,0.9445109254762704,0.95068359375,0.9436199393767509,0.9569026874328211,0.98974609375,0.14998133209988396,8e-05
quadratic_input,2000,dev,11,4096,3700,3778,44318,45056,0.9033203125,0.8938885935671609,0.9119962273913512,0.92236328125,0.913766751587586,0.9301683212079501,0.9836203835227273,0.22779075188000775,8e-05
quadratic_input,2000,dev,12,4096,3272,3417,47735,49152,0.798828125,0.7862740796113783,0.8108221799850011,0.834228515625,0.8225279064284977,0.8453027956854265,0.9711710611979166,0.4636999448428014,8e-05
quadratic_input,2000,ood_dev,1,4096,4096,4096,4096,4096,1.0,0.9990630225926348,0.9999999999999999,1.0,0.9990630225926348,0.9999999999999999,1.0,0.0018958485282354332,8e-05
quadratic_input,2000,ood_dev,2,4096,4096,4096,8192,8192,1.0,0.9990630225926348,0.9999999999999999,1.0,0.9990630225926348,0.9999999999999999,1.0,0.0028160956129994474,8e-05
quadratic_input,2000,ood_dev,3,4096,4096,4096,12288,12288,1.0,0.9990630225926348,0.9999999999999999,1.0,0.9990630225926348,0.9999999999999999,1.0,0.004013402931917653,8e-05
quadratic_input,2000,ood_dev,4,4096,4096,4096,16384,16384,1.0,0.9990630225926348,0.9999999999999999,1.0,0.9990630225926348,0.9999999999999999,1.0,0.006489955357764643,8e-05
quadratic_input,2000,ood_dev,5,4096,4093,4093,20477,20480,0.999267578125,0.9978486714629491,0.9997508799051849,0.999267578125,0.9978486714629491,0.9997508799051849,0.999853515625,0.012031218833612911,8e-05
quadratic_input,2000,ood_dev,6,4096,4080,4080,24557,24576,0.99609375,0.9936637657680687,0.9975940769605611,0.99609375,0.9936637657680687,0.9975940769605611,0.9992268880208334,0.02218067869878837,8e-05
quadratic_input,2000,ood_dev,7,4096,4061,4066,28623,28672,0.991455078125,0.9881397703182205,0.9938494213219035,0.99267578125,0.9895635962243474,0.994864714123278,0.998291015625,0.03432147918726969,8e-05
quadratic_input,2000,ood_dev,8,4096,4028,4041,32664,32768,0.9833984375,0.9790082213211099,0.9868827868495039,0.986572265625,0.9825638389733109,0.9896688778368068,0.996826171875,0.05567003324881625,8e-05
quadratic_input,2000,ood_dev,9,4096,3973,3996,36660,36864,0.969970703125,0.964287665331574,0.9747730370565226,0.9755859375,0.970395272680658,0.9798853757619459,0.9944661458333334,0.08954226525474951,8e-05
quadratic_input,2000,ood_dev,10,4096,3848,3888,40548,40960,0.939453125,0.9317293423030818,0.9463533923974762,0.94921875,0.9420642079017939,0.9555314764587765,0.98994140625,0.14669313968164488,8e-05
quadratic_input,2000,ood_dev,11,4096,3693,3777,44325,45056,0.901611328125,0.8921103732139267,0.9103596815540832,0.922119140625,0.913511081106035,0.9299361679480009,0.9837757457386364,0.2271414990309495,8e-05
quadratic_input,2000,ood_dev,12,4096,3253,3409,47734,49152,0.794189453125,0.7815353009716819,0.8062923075361916,0.832275390625,0.8205232310717371,0.8434048811101847,0.9711507161458334,0.47525786321469354,8e-05
quadratic_input,2000,ood_dev,13,4096,952,1065,48799,53248,0.232421875,0.21974117629235676,0.24560400302330346,0.260009765625,0.24680595242699077,0.2736633096782045,0.9164475661057693,2.9069250831258273,8e-05
quadratic_input,2000,ood_dev,14,4096,108,183,48982,57344,0.0263671875,0.021886441418738075,0.03173550007066059,0.044677734375,0.03876608545839374,0.05144263664352817,0.8541782924107143,5.612277406778048,8e-05
quadratic_input,2000,ood_dev,15,4096,7,68,49050,61440,0.001708984375,0.0008280858168609898,0.0035236577810063684,0.0166015625,0.013117213150496153,0.020991778678890113,0.79833984375,6.739294768398395,8e-05
quadratic_input,2000,ood_dev,16,4096,1,76,49126,65536,0.000244140625,4.309811523941186e-05,0.0013817030336260863,0.0185546875,0.014850524581988338,0.02316105717940041,0.749603271484375,7.333744329531328,8e-05
quadratic_input,2000,ood_dev,17,4096,0,83,49209,69632,0.0,0.0,0.0009369774073651883,0.020263671875,0.01637682567489716,0.025049522276993755,0.7067009420955882,7.725080317519314,8e-05
quadratic_input,2000,ood_dev,18,4096,0,59,49268,73728,0.0,0.0,0.0009369774073651883,0.014404296875,0.011183814817094736,0.01853476333878874,0.6682400173611112,7.936778680093994,8e-05
quadratic_input,2000,ood_dev,19,4096,0,78,49346,77824,0.0,0.0,0.0009369774073651883,0.01904296875,0.01528574904596704,0.023701480198422328,0.6340717516447368,8.08173044310206,8e-05
quadratic_input,2000,ood_dev,20,4096,0,75,49421,81920,0.0,0.0,0.0009369774073651883,0.018310546875,0.014633183903943853,0.022890574115944584,0.60328369140625,8.21412279184733,8e-05
quadratic_input,2000,ood_dev,21,4096,0,79,49500,86016,0.0,0.0,0.0009369774073651883,0.019287109375,0.015503626084669948,0.023971426901219724,0.5754743303571429,8.367251177078288,8e-05
quadratic_input,2000,ood_dev,22,4096,0,71,49571,90112,0.0,0.0,0.0009369774073651883,0.017333984375,0.01376571558724534,0.02180674746664186,0.5501043146306818,8.413547305608517,8e-05
quadratic_input,2000,ood_dev,23,4096,0,78,49649,94208,0.0,0.0,0.0009369774073651883,0.01904296875,0.01528574904596704,0.023701480198422328,0.5270146908967391,8.543489278355992,8e-05
quadratic_input,2000,ood_dev,24,4096,0,81,49730,98304,0.0,0.0,0.0009369774073651883,0.019775390625,0.015939893688042484,0.02451080678084781,0.5058797200520834,8.596499552535533,8e-05
quadratic_input,2000,ood_dev,25,4096,0,78,49808,102400,0.0,0.0,0.0009369774073651883,0.01904296875,0.01528574904596704,0.023701480198422328,0.48640625,8.683319772910181,8e-05
quadratic_input,2000,ood_dev,26,4096,0,67,49875,106496,0.0,0.0,0.0009369774073651883,0.016357421875,0.012901468019013623,0.020719700068872332,0.4683274489182692,8.850537233685827,8e-05
quadratic_input,2000,ood_dev,27,4096,0,67,49942,110592,0.0,0.0,0.0009369774073651883,0.016357421875,0.012901468019013623,0.020719700068872332,0.45158781828703703,8.790806870165397,8e-05
quadratic_input,2000,ood_dev,28,4096,0,70,50012,114688,0.0,0.0,0.0009369774073651883,0.01708984375,0.0135493413532538,0.021535297959133087,0.43607003348214285,8.855887130353949,8e-05
quadratic_input,2000,ood_dev,29,4096,0,58,50070,118784,0.0,0.0,0.0009369774073651883,0.01416015625,0.010970229851119503,0.018260524563263665,0.42152141702586204,8.97193001575215,8e-05
quadratic_input,2000,ood_dev,30,4096,0,72,50142,122880,0.0,0.0,0.0009369774073651883,0.017578125,0.013982290939508705,0.022077995855878798,0.408056640625,8.863922466196527,8e-05
quadratic_input,2000,ood_dev,31,4096,0,59,50201,126976,0.0,0.0,0.0009369774073651883,0.014404296875,0.011183814817094736,0.01853476333878874,0.3953581779233871,9.026803797853063,8e-05
quadratic_input,2000,ood_dev,32,4096,0,68,50269,131072,0.0,0.0,0.0009369774073651883,0.0166015625,0.013117213150496153,0.020991778678890113,0.38352203369140625,9.0530493014885,8e-05
quadratic_input,2000,ood_dev,33,4096,0,65,50334,135168,0.0,0.0,0.0009369774073651883,0.015869140625,0.012470639018872916,0.020174881586012418,0.3723810369318182,9.045668118735193,8e-05
quadratic_input,2000,ood_dev,34,4096,0,72,50406,139264,0.0,0.0,0.0009369774073651883,0.017578125,0.013982290939508705,0.022077995855878798,0.36194565716911764,9.014257816324971,8e-05
quadratic_input,2000,ood_dev,35,4096,0,61,50467,143360,0.0,0.0,0.0009369774073651883,0.014892578125,0.011611768142410793,0.019082457496473304,0.3520298549107143,9.063601188827306,8e-05
quadratic_input,2000,ood_dev,36,4096,0,72,50539,147456,0.0,0.0,0.0009369774073651883,0.017578125,0.013982290939508705,0.022077995855878798,0.3427395290798611,9.073760124418186,8e-05
quadratic_input,2500,dev,1,4096,4096,4096,4096,4096,1.0,0.9990630225926348,0.9999999999999999,1.0,0.9990630225926348,0.9999999999999999,1.0,0.0004883485819888733,0.00012500000000000003
quadratic_input,2500,dev,2,4096,4096,4096,8192,8192,1.0,0.9990630225926348,0.9999999999999999,1.0,0.9990630225926348,0.9999999999999999,1.0,0.0008447537664970639,0.00012500000000000003
quadratic_input,2500,dev,3,4096,4096,4096,12288,12288,1.0,0.9990630225926348,0.9999999999999999,1.0,0.9990630225926348,0.9999999999999999,1.0,0.0016140267463420344,0.00012500000000000003
quadratic_input,2500,dev,4,4096,4096,4096,16384,16384,1.0,0.9990630225926348,0.9999999999999999,1.0,0.9990630225926348,0.9999999999999999,1.0,0.0031803525462485993,0.00012500000000000003
quadratic_input,2500,dev,5,4096,4093,4093,20477,20480,0.999267578125,0.9978486714629491,0.9997508799051849,0.999267578125,0.9978486714629491,0.9997508799051849,0.999853515625,0.006644252985520183,0.00012500000000000003
quadratic_input,2500,dev,6,4096,4089,4090,24567,24576,0.998291015625,0.9964763422189936,0.9991719141831389,0.99853515625,0.9968075986857966,0.9993284814578364,0.9996337890625,0.011518536735284357,0.00012500000000000003
quadratic_input,2500,dev,7,4096,4077,4079,28646,28672,0.995361328125,0.9927660832938955,0.9970282882102334,0.995849609375,0.9933629968413301,0.9974070221457995,0.9990931919642857,0.01878881982873537,0.00012500000000000003
quadratic_input,2500,dev,8,4096,4048,4058,32704,32768,0.98828125,0.9844979568178159,0.9911495261828039,0.99072265625,0.987292434466316,0.993233285949307,0.998046875,0.03519112529789403,0.00012500000000000003
quadratic_input,2500,dev,9,4096,3996,4021,36725,36864,0.9755859375,0.970395272680658,0.9798853757619459,0.981689453125,0.9771094258840555,0.9853668160960561,0.9962293836805556,0.058841320392033936,0.00012500000000000003
quadratic_input,2500,dev,10,4096,3906,3952,40677,40960,0.95361328125,0.946736292289229,0.959640219418347,0.96484375,0.9587538013451912,0.9700626024713991,0.9930908203125,0.10460029584597663,0.00012500000000000003
quadratic_input,2500,dev,11,4096,3789,3873,44550,45056,0.925048828125,0.916580713871883,0.9327204200801565,0.945556640625,0.9381814914524192,0.9520968367856465,0.98876953125,0.15176872032425237,0.00012500000000000003
quadratic_input,2500,dev,12,4096,3609,3734,48284,49152,0.881103515625,0.8708325325922874,0.8906603278896965,0.91162109375,0.9025383332525057,0.9199324949170169,0.9823404947916666,0.24966364192925283,0.00012500000000000003
quadratic_input,2500,ood_dev,1,4096,4096,4096,4096,4096,1.0,0.9990630225926348,0.9999999999999999,1.0,0.9990630225926348,0.9999999999999999,1.0,0.0004910315470141313,0.00012500000000000003
quadratic_input,2500,ood_dev,2,4096,4096,4096,8192,8192,1.0,0.9990630225926348,0.9999999999999999,1.0,0.9990630225926348,0.9999999999999999,1.0,0.0008362637533991801,0.00012500000000000003
quadratic_input,2500,ood_dev,3,4096,4096,4096,12288,12288,1.0,0.9990630225926348,0.9999999999999999,1.0,0.9990630225926348,0.9999999999999999,1.0,0.0016316636809783347,0.00012500000000000003
quadratic_input,2500,ood_dev,4,4096,4095,4095,16383,16384,0.999755859375,0.9986182969663738,0.9999569018847606,0.999755859375,0.9986182969663738,0.9999569018847606,0.99993896484375,0.0032182597961565307,0.00012500000000000003
quadratic_input,2500,ood_dev,5,4096,4093,4094,20477,20480,0.999267578125,0.9978486714629491,0.9997508799051849,0.99951171875,0.9982212896544476,0.9998660854551866,0.999853515625,0.006187698711837442,0.00012500000000000003
quadratic_input,2500,ood_dev,6,4096,4081,4081,24558,24576,0.996337890625,0.9939662587473084,0.9977794077228217,0.996337890625,0.9939662587473084,0.9977794077228217,0.999267578125,0.013632308420554295,0.00012500000000000003
quadratic_input,2500,ood_dev,7,4096,4067,4071,28629,28672,0.992919921875,0.9898503448988859,0.9950657891902398,0.993896484375,0.9910051126562461,0.995862316398881,0.9985002790178571,0.02326408724117357,0.00012500000000000003
quadratic_input,2500,ood_dev,8,4096,4034,4042,32671,32768,0.98486328125,0.9806440746636242,0.9881738759559913,0.98681640625,0.9828391999625007,0.9898813405891173,0.997039794921875,0.043240798242200285,0.00012500000000000003
quadratic_input,2500,ood_dev,9,4096,3972,3990,36661,36864,0.9697265625,0.964023311604608,0.9745495670419884,0.97412109375,0.9687965056840521,0.9785572003095498,0.9944932725694444,0.07657277171117371,0.00012500000000000003
quadratic_input,2500,ood_dev,10,4096,3879,3921,40582,40960,0.947021484375,0.9397334817874256,0.9534717888996419,0.957275390625,0.9506416766616401,0.9630521911684404,0.990771484375,0.11799717324728576,0.00012500000000000003
quadratic_input,2500,ood_dev,11,4096,3759,3824,44406,45056,0.917724609375,0.9089129525352261,0.9257534691718042,0.93359375,0.92555502965908,0.9408199352454705,0.9855735085227273,0.17525811851201567,0.00012500000000000003
quadratic_input,2500,ood_dev,12,4096,3574,3692,48098,49152,0.87255859375,0.8619961004422974,0.8824229290871757,0.9013671875,0.8918564110099307,0.9101258200165789,0.9785563151041666,0.2673427356283895,0.00012500000000000003
quadratic_input,2500,ood_dev,13,4096,2879,3064,51162,53248,0.702880859375,0.6887009863532034,0.7166805428335541,0.748046875,0.7345235343408396,0.7611053870234754,0.9608248197115384,0.7771114022705916,0.00012500000000000003
quadratic_input,2500,ood_dev,14,4096,817,951,52113,57344,0.199462890625,0.18750955940584324,0.21197941480727517,0.232177734375,0.219501996415961,0.24535535915819892,0.9087785993303571,3.418213841566711,0.00012500000000000003
quadratic_input,2500,ood_dev,15,4096,108,210,52323,61440,0.0263671875,0.021886441418738075,0.03173550007066059,0.05126953125,0.04492593949542012,0.05845402362701016,0.851611328125,5.477144339687015,0.00012500000000000003
quadratic_input,2500,ood_dev,16,4096,8,93,52416,65536,0.001953125,0.0009900179449591885,0.0038495493944084797,0.022705078125,0.01857068652760418,0.02773389883928984,0.7998046875,6.387462411686101,0.00012500000000000003
quadratic_input,2500,ood_dev,17,4096,1,66,52482,69632,0.000244140625,4.309811523941186e-05,0.0013817030336260863,0.01611328125,0.01268594169611479,0.020447402650270854,0.7537051930147058,7.060397485668545,0.00012500000000000003
quadratic_input,2500,ood_dev,18,4096,0,70,52552,73728,0.0,0.0,0.0009369774073651883,0.01708984375,0.0135493413532538,0.021535297959133087,0.7127821180555556,7.690470184141304,0.00012500000000000003
quadratic_input,2500,ood_dev,19,4096,0,77,52629,77824,0.0,0.0,0.0009369774073651883,0.018798828125,0.01506804743850219,0.023431358064386867,0.676256681743421,8.239376032623113,0.00012500000000000003
quadratic_input,2500,ood_dev,20,4096,0,68,52697,81920,0.0,0.0,0.0009369774073651883,0.0166015625,0.013117213150496153,0.020991778678890113,0.64327392578125,8.779891492587922,0.00012500000000000003
quadratic_input,2500,ood_dev,21,4096,0,77,52774,86016,0.0,0.0,0.0009369774073651883,0.018798828125,0.01506804743850219,0.023431358064386867,0.6135370163690477,9.329254063547978,0.00012500000000000003
quadratic_input,2500,ood_dev,22,4096,0,68,52842,90112,0.0,0.0,0.0009369774073651883,0.0166015625,0.013117213150496153,0.020991778678890113,0.5864035866477273,9.728745736132623,0.00012500000000000003
quadratic_input,2500,ood_dev,23,4096,0,68,52910,94208,0.0,0.0,0.0009369774073651883,0.0166015625,0.013117213150496153,0.020991778678890113,0.561629585597826,10.157399972623352,0.00012500000000000003
quadratic_input,2500,ood_dev,24,4096,0,70,52980,98304,0.0,0.0,0.0009369774073651883,0.01708984375,0.0135493413532538,0.021535297959133087,0.5389404296875,10.499021738788997,0.00012500000000000003
quadratic_input,2500,ood_dev,25,4096,0,61,53041,102400,0.0,0.0,0.0009369774073651883,0.014892578125,0.011611768142410793,0.019082457496473304,0.517978515625,10.761786553158345,0.00012500000000000003
quadratic_input,2500,ood_dev,26,4096,0,61,53102,106496,0.0,0.0,0.0009369774073651883,0.014892578125,0.011611768142410793,0.019082457496473304,0.49862905649038464,11.172466690156398,0.00012500000000000003
quadratic_input,2500,ood_dev,27,4096,0,86,53188,110592,0.0,0.0,0.0009369774073651883,0.02099609375,0.017033419158058095,0.025856400018333753,0.48093894675925924,11.214777571034574,0.00012500000000000003
quadratic_input,2500,ood_dev,28,4096,0,73,53261,114688,0.0,0.0,0.0009369774073651883,0.017822265625,0.014199063362519719,0.022349047174368093,0.46439906529017855,11.593318024847122,0.00012500000000000003
quadratic_input,2500,ood_dev,29,4096,0,53,53314,118784,0.0,0.0,0.0009369774073651883,0.012939453125,0.009906496085844563,0.016885139621037056,0.4488314924568966,11.866370129803613,0.00012500000000000003
quadratic_input,2500,ood_dev,30,4096,0,74,53388,122880,0.0,0.0,0.0009369774073651883,0.01806640625,0.014416028944668636,0.02261990533371949,0.43447265625,11.931691303404932,0.00012500000000000003
quadratic_input,2500,ood_dev,31,4096,0,64,53452,126976,0.0,0.0,0.0009369774073651883,0.015625,0.012255565007829483,0.01990213185555554,0.42096144153225806,12.119472613750986,0.00012500000000000003
quadratic_input,2500,ood_dev,32,4096,0,68,53520,131072,0.0,0.0,0.0009369774073651883,0.0166015625,0.013117213150496153,0.020991778678890113,0.4083251953125,12.340434622356042,0.00012500000000000003
quadratic_input,2500,ood_dev,33,4096,0,70,53590,135168,0.0,0.0,0.0009369774073651883,0.01708984375,0.0135493413532538,0.021535297959133087,0.39646957859848486,12.487263745837708,0.00012500000000000003
quadratic_input,2500,ood_dev,34,4096,0,65,53655,139264,0.0,0.0,0.0009369774073651883,0.015869140625,0.012470639018872916,0.020174881586012418,0.3852754480698529,12.59454638805255,0.00012500000000000003
quadratic_input,2500,ood_dev,35,4096,0,81,53736,143360,0.0,0.0,0.0009369774073651883,0.019775390625,0.015939893688042484,0.02451080678084781,0.3748325892857143,12.665249038248703,0.00012500000000000003
quadratic_input,2500,ood_dev,36,4096,0,71,53807,147456,0.0,0.0,0.0009369774073651883,0.017333984375,0.01376571558724534,0.02180674746664186,0.3649020724826389,12.81362831889237,0.00012500000000000003
quadratic_input,3000,dev,1,4096,4096,4096,4096,4096,1.0,0.9990630225926348,0.9999999999999999,1.0,0.9990630225926348,0.9999999999999999,1.0,0.00018754475670412774,0.00018
quadratic_input,3000,dev,2,4096,4096,4096,8192,8192,1.0,0.9990630225926348,0.9999999999999999,1.0,0.9990630225926348,0.9999999999999999,1.0,0.00032471272068512747,0.00018
quadratic_input,3000,dev,3,4096,4096,4096,12288,12288,1.0,0.9990630225926348,0.9999999999999999,1.0,0.9990630225926348,0.9999999999999999,1.0,0.0006107186352188876,0.00018
quadratic_input,3000,dev,4,4096,4096,4096,16384,16384,1.0,0.9990630225926348,0.9999999999999999,1.0,0.9990630225926348,0.9999999999999999,1.0,0.0010241955759706656,0.00018
quadratic_input,3000,dev,5,4096,4095,4095,20479,20480,0.999755859375,0.9986182969663738,0.9999569018847606,0.999755859375,0.9986182969663738,0.9999569018847606,0.999951171875,0.0022283831324170222,0.00018
quadratic_input,3000,dev,6,4096,4095,4096,24575,24576,0.999755859375,0.9986182969663738,0.9999569018847606,1.0,0.9990630225926348,0.9999999999999999,0.9999593098958334,0.0029731127416106062,0.00018
quadratic_input,3000,dev,7,4096,4090,4091,28666,28672,0.99853515625,0.9968075986857966,0.9993284814578364,0.998779296875,0.997145424476127,0.9994784794090062,0.9997907366071429,0.006373740960111007,0.00018
quadratic_input,3000,dev,8,4096,4087,4090,32756,32768,0.997802734375,0.9958290482073086,0.9988435607118235,0.99853515625,0.9968075986857966,0.9993284814578364,0.9996337890625,0.009904219870983333,0.00018
quadratic_input,3000,dev,9,4096,4074,4080,36836,36864,0.99462890625,0.9918806406223304,0.9964502596572975,0.99609375,0.9936637657680687,0.9975940769605611,0.9992404513888888,0.018462379883399826,0.00018
quadratic_input,3000,dev,10,4096,4041,4052,40888,40960,0.986572265625,0.9825638389733109,0.9896688778368068,0.9892578125,0.9856107816089336,0.9919879963576875,0.9982421875,0.03201107621656174,0.00018
quadratic_input,3000,dev,11,4096,3999,4019,44907,45056,0.976318359375,0.9711962850581976,0.9805478346089073,0.981201171875,0.9765686419356131,0.9849319525614978,0.9966930042613636,0.0579470541635434,0.00018
quadratic_input,3000,dev,12,4096,3905,3941,48848,49152,0.953369140625,0.9464763369080933,0.9594123510579824,0.962158203125,0.9558683230202784,0.9675820196398083,0.9938151041666666,0.10671240221251033,0.00018
quadratic_input,3000,ood_dev,1,4096,4096,4096,4096,4096,1.0,0.9990630225926348,0.9999999999999999,1.0,0.9990630225926348,0.9999999999999999,1.0,0.00018810141337688435,0.00018
quadratic_input,3000,ood_dev,2,4096,4096,4096,8192,8192,1.0,0.9990630225926348,0.9999999999999999,1.0,0.9990630225926348,0.9999999999999999,1.0,0.00032974289789322597,0.00018
quadratic_input,3000,ood_dev,3,4096,4096,4096,12288,12288,1.0,0.9990630225926348,0.9999999999999999,1.0,0.9990630225926348,0.9999999999999999,1.0,0.0005702058663814569,0.00018
quadratic_input,3000,ood_dev,4,4096,4096,4096,16384,16384,1.0,0.9990630225926348,0.9999999999999999,1.0,0.9990630225926348,0.9999999999999999,1.0,0.0010305814146178705,0.00018
quadratic_input,3000,ood_dev,5,4096,4096,4096,20480,20480,1.0,0.9990630225926348,0.9999999999999999,1.0,0.9990630225926348,0.9999999999999999,1.0,0.0021486142073268155,0.00018
quadratic_input,3000,ood_dev,6,4096,4094,4094,24574,24576,0.99951171875,0.9982212896544476,0.9998660854551866,0.99951171875,0.9982212896544476,0.9998660854551866,0.9999186197916666,0.0038629917909309697,0.00018
quadratic_input,3000,ood_dev,7,4096,4090,4090,28664,28672,0.99853515625,0.9968075986857966,0.9993284814578364,0.99853515625,0.9968075986857966,0.9993284814578364,0.9997209821428571,0.008302278020801523,0.00018
quadratic_input,3000,ood_dev,8,4096,4076,4078,32742,32768,0.9951171875,0.9924697076331114,0.9968368401295172,0.99560546875,0.9930638103960733,0.9972183848495558,0.99920654296875,0.014546952550658077,0.00018
quadratic_input,3000,ood_dev,9,4096,4052,4062,36804,36864,0.9892578125,0.9856107816089336,0.9919879963576875,0.99169921875,0.9884233098915096,0.9940537054901146,0.9983723958333334,0.02463731051753193,0.00018
quadratic_input,3000,ood_dev,10,4096,4026,4044,40848,40960,0.98291015625,0.9784647020408669,0.9864506586467462,0.9873046875,0.9833908284717333,0.9903053595628853,0.997265625,0.04197682711595441,0.00018
quadratic_input,3000,ood_dev,11,4096,3981,4010,44858,45056,0.971923828125,0.9664058535023272,0.976557438817772,0.97900390625,0.9741435999816663,0.9829665808419419,0.99560546875,0.06529824965701891,0.00018
quadratic_input,3000,ood_dev,12,4096,3885,3933,48791,49152,0.948486328125,0.941286924101402,0.9548452890346674,0.960205078125,0.9537747892075905,0.9657729635204937,0.9926554361979166,0.10942057346461098,0.00018
quadratic_input,3000,ood_dev,13,4096,2575,2645,51436,53248,0.628662109375,0.613751416646233,0.6433316951244303,0.645751953125,0.6309744101249366,0.6602563635507483,0.9659705528846154,1.643944154263119,0.00018
quadratic_input,3000,ood_dev,14,4096,538,690,52126,57344,0.13134765625,0.1213478263716104,0.14203832396292154,0.16845703125,0.1573069812838624,0.18022837775871664,0.9090053013392857,5.755095054873404,0.00018
quadratic_input,3000,ood_dev,15,4096,51,186,52312,61440,0.012451171875,0.009483101104023409,0.016332887119857586,0.04541015625,0.03944879745397491,0.05222339587244794,0.8514322916666667,7.161802021475552,0.00018
quadratic_input,3000,ood_dev,16,4096,5,96,52408,65536,0.001220703125,0.0005215205909937573,0.0028545755238729804,0.0234375,0.019231598990288437,0.028536457601106506,0.7996826171875,7.096911777409844,0.00018
quadratic_input,3000,ood_dev,17,4096,0,74,52482,69632,0.0,0.0,0.0009369774073651883,0.01806640625,0.014416028944668636,0.02261990533371949,0.7537051930147058,7.112621440379598,0.00018
quadratic_input,3000,ood_dev,18,4096,0,64,52546,73728,0.0,0.0,0.0009369774073651883,0.015625,0.012255565007829483,0.01990213185555554,0.7127007378472222,7.26019418100077,0.00018
quadratic_input,3000,ood_dev,19,4096,0,73,52619,77824,0.0,0.0,0.0009369774073651883,0.017822265625,0.014199063362519719,0.022349047174368093,0.6761281866776315,7.414139381773566,0.00018
quadratic_input,3000,ood_dev,20,4096,0,79,52698,81920,0.0,0.0,0.0009369774073651883,0.019287109375,0.015503626084669948,0.023971426901219724,0.6432861328125,7.70965002777848,0.00018
quadratic_input,3000,ood_dev,21,4096,0,66,52764,86016,0.0,0.0,0.0009369774073651883,0.01611328125,0.01268594169611479,0.020447402650270854,0.6134207589285714,8.108053130891676,0.00018
quadratic_input,3000,ood_dev,22,4096,0,58,52822,90112,0.0,0.0,0.0009369774073651883,0.01416015625,0.010970229851119503,0.018260524563263665,0.586181640625,8.474052769448463,0.00018
quadratic_input,3000,ood_dev,23,4096,0,67,52889,94208,0.0,0.0,0.0009369774073651883,0.016357421875,0.012901468019013623,0.020719700068872332,0.5614066745923914,8.806988837996869,0.00018
quadratic_input,3000,ood_dev,24,4096,0,63,52952,98304,0.0,0.0,0.0009369774073651883,0.015380859375,0.012040724876904885,0.019629148244979834,0.5386555989583334,9.209101852504546,0.00018
quadratic_input,3000,ood_dev,25,4096,0,64,53016,102400,0.0,0.0,0.0009369774073651883,0.015625,0.012255565007829483,0.01990213185555554,0.517734375,9.52448052315549,0.00018
quadratic_input,3000,ood_dev,26,4096,0,64,53080,106496,0.0,0.0,0.0009369774073651883,0.015625,0.012255565007829483,0.01990213185555554,0.49842247596153844,10.024470755100538,0.00018
quadratic_input,3000,ood_dev,27,4096,0,64,53144,110592,0.0,0.0,0.0009369774073651883,0.015625,0.012255565007829483,0.01990213185555554,0.48054108796296297,10.377274444108707,0.00018
quadratic_input,3000,ood_dev,28,4096,0,64,53208,114688,0.0,0.0,0.0009369774073651883,0.015625,0.012255565007829483,0.01990213185555554,0.4639369419642857,10.951748636963657,0.00018
quadratic_input,3000,ood_dev,29,4096,0,60,53268,118784,0.0,0.0,0.0009369774073651883,0.0146484375,0.01139766303294143,0.018808738864442356,0.4484442349137931,11.35263816904694,0.00018
quadratic_input,3000,ood_dev,30,4096,0,70,53338,122880,0.0,0.0,0.0009369774073651883,0.01708984375,0.0135493413532538,0.021535297959133087,0.43406575520833335,11.955348504012534,0.00018
quadratic_input,3000,ood_dev,31,4096,0,72,53410,126976,0.0,0.0,0.0009369774073651883,0.017578125,0.013982290939508705,0.022077995855878798,0.42063067036290325,12.462416605267777,0.00018
quadratic_input,3000,ood_dev,32,4096,0,55,53465,131072,0.0,0.0,0.0009369774073651883,0.013427734375,0.010331122163193216,0.017436161026689018,0.40790557861328125,13.06339501098148,0.00018
quadratic_input,3000,ood_dev,33,4096,0,78,53543,135168,0.0,0.0,0.0009369774073651883,0.01904296875,0.01528574904596704,0.023701480198422328,0.3961218631628788,13.479254650546409,0.00018
quadratic_input,3000,ood_dev,34,4096,0,76,53619,139264,0.0,0.0,0.0009369774073651883,0.0185546875,0.014850524581988338,0.02316105717940041,0.38501694623161764,13.850085098013892,0.00018
quadratic_input,3000,ood_dev,35,4096,0,69,53688,143360,0.0,0.0,0.0009369774073651883,0.016845703125,0.013333172427690648,0.02126364314319593,0.37449776785714284,14.224058790556228,0.00018
quadratic_input,3000,ood_dev,36,4096,0,77,53765,147456,0.0,0.0,0.0009369774073651883,0.018798828125,0.01506804743850219,0.023431358064386867,0.3646172417534722,14.461065348528138,0.00018
quadratic_input,3500,dev,1,4096,4096,4096,4096,4096,1.0,0.9990630225926348,0.9999999999999999,1.0,0.9990630225926348,0.9999999999999999,1.0,0.00013739459265416087,0.00024500000000000005
quadratic_input,3500,dev,2,4096,4096,4096,8192,8192,1.0,0.9990630225926348,0.9999999999999999,1.0,0.9990630225926348,0.9999999999999999,1.0,0.00027131421914905474,0.00024500000000000005
quadratic_input,3500,dev,3,4096,4096,4096,12288,12288,1.0,0.9990630225926348,0.9999999999999999,1.0,0.9990630225926348,0.9999999999999999,1.0,0.000533665778424286,0.00024500000000000005
quadratic_input,3500,dev,4,4096,4096,4096,16384,16384,1.0,0.9990630225926348,0.9999999999999999,1.0,0.9990630225926348,0.9999999999999999,1.0,0.0010241014946723581,0.00024500000000000005
quadratic_input,3500,dev,5,4096,4096,4096,20480,20480,1.0,0.9990630225926348,0.9999999999999999,1.0,0.9990630225926348,0.9999999999999999,1.0,0.0021415199993271017,0.00024500000000000005
quadratic_input,3500,dev,6,4096,4093,4093,24573,24576,0.999267578125,0.9978486714629491,0.9997508799051849,0.999267578125,0.9978486714629491,0.9997508799051849,0.9998779296875,0.004262213496265765,0.00024500000000000005
quadratic_input,3500,dev,7,4096,4082,4084,28657,28672,0.99658203125,0.9942706398960515,0.9979628503155791,0.9970703125,0.9948858699188933,0.9983232677757378,0.9994768415178571,0.011790559319242,0.00024500000000000005
quadratic_input,3500,dev,8,4096,4071,4075,32732,32768,0.993896484375,0.9910051126562461,0.995862316398881,0.994873046875,0.9921745882319427,0.9966441357891856,0.9989013671875,0.018561196712329142,0.00024500000000000005
quadratic_input,3500,dev,9,4096,4045,4053,36785,36864,0.987548828125,0.9836671128801424,0.9905168988959765,0.989501953125,0.9858899643168433,0.9921966373912783,0.9978569878472222,0.03427487382880301,0.00024500000000000005
quadratic_input,3500,dev,10,4096,4012,4032,40817,40960,0.9794921875,0.9746813618391824,0.9834044664674263,0.984375,0.9800978681444444,0.9877444349921706,0.9965087890625,0.05320888679509839,0.00024500000000000005
quadratic_input,3500,dev,11,4096,3939,3969,44786,45056,0.961669921875,0.9553445608690955,0.9671301343079907,0.968994140625,0.9632307842127183,0.973878623209377,0.9940074573863636,0.08078617053003789,0.00024500000000000005
quadratic_input,3500,dev,12,4096,3868,3923,48709,49152,0.9443359375,0.9368892357284203,0.9509499738021437,0.957763671875,0.951163293350015,0.9635062219630662,0.9909871419270834,0.12417665583674786,0.00024500000000000005
quadratic_input,3500,ood_dev,1,4096,4096,4096,4096,4096,1.0,0.9990630225926348,0.9999999999999999,1.0,0.9990630225926348,0.9999999999999999,1.0,0.00013910849343723442,0.00024500000000000005
quadratic_input,3500,ood_dev,2,4096,4096,4096,8192,8192,1.0,0.9990630225926348,0.9999999999999999,1.0,0.9990630225926348,0.9999999999999999,1.0,0.0002667251051589048,0.00024500000000000005
quadratic_input,3500,ood_dev,3,4096,4096,4096,12288,12288,1.0,0.9990630225926348,0.9999999999999999,1.0,0.9990630225926348,0.9999999999999999,1.0,0.0004922855764766254,0.00024500000000000005
quadratic_input,3500,ood_dev,4,4096,4096,4096,16384,16384,1.0,0.9990630225926348,0.9999999999999999,1.0,0.9990630225926348,0.9999999999999999,1.0,0.0009494199993467234,0.00024500000000000005
quadratic_input,3500,ood_dev,5,4096,4093,4093,20477,20480,0.999267578125,0.9978486714629491,0.9997508799051849,0.999267578125,0.9978486714629491,0.9997508799051849,0.999853515625,0.0026832400373244525,0.00024500000000000005
quadratic_input,3500,ood_dev,6,4096,4090,4090,24567,24576,0.99853515625,0.9968075986857966,0.9993284814578364,0.99853515625,0.9968075986857966,0.9993284814578364,0.9996337890625,0.006029059515288537,0.00024500000000000005
quadratic_input,3500,ood_dev,7,4096,4080,4081,28648,28672,0.99609375,0.9936637657680687,0.9975940769605611,0.996337890625,0.9939662587473084,0.9977794077228217,0.9991629464285714,0.013577999479092107,0.00024500000000000005
quadratic_input,3500,ood_dev,8,4096,4063,4065,32713,32768,0.991943359375,0.9887074354065306,0.9942574037165939,0.992431640625,0.9892775496501616,0.9946629369559636,0.998321533203125,0.022828817472582585,0.00024500000000000005
quadratic_input,3500,ood_dev,9,4096,4042,4051,36764,36864,0.98681640625,0.9828391999625007,0.9898813405891173,0.989013671875,0.9853320021138738,0.991778952111247,0.9972873263888888,0.038068273233261785,0.00024500000000000005
quadratic_input,3500,ood_dev,10,4096,3996,4011,40775,40960,0.9755859375,0.970395272680658,0.9798853757619459,0.979248046875,0.974412403486461,0.9831856010786475,0.9954833984375,0.062154607728683864,0.00024500000000000005
quadratic_input,3500,ood_dev,11,4096,3934,3968,44743,45056,0.96044921875,0.9540362633072799,0.9659993131623048,0.96875,0.9629667829716362,0.9736548007089589,0.9930530894886364,0.08823375425960922,0.00024500000000000005
quadratic_input,3500,ood_dev,12,4096,3848,3907,48650,49152,0.939453125,0.9317293423030818,0.9463533923974762,0.953857421875,0.9469962963333816,0.9598680391156946,0.9897867838541666,0.12736938860986058,0.00024500000000000005
quadratic_input,3500,ood_dev,13,4096,3034,3143,51793,53248,0.74072265625,0.7270807032767356,0.75391350584257,0.767333984375,0.7541473591557158,0.7800196377871235,0.9726750300480769,0.9909699797701013,0.00024500000000000005
quadratic_input,3500,ood_dev,14,4096,724,828,52621,57344,0.1767578125,0.1653801215596772,0.18874124469391237,0.2021484375,0.19013126750509637,0.21472376786452543,0.9176374162946429,6.2087831757040295,0.00024500000000000005
quadratic_input,3500,ood_dev,15,4096,77,198,52819,61440,0.018798828125,0.01506804743850219,0.023431358064386867,0.04833984375,0.04218406026026596,0.055342017964160606,0.8596842447916667,8.581707468339637,0.00024500000000000005
quadratic_input,3500,ood_dev,16,4096,3,85,52904,65536,0.000732421875,0.0002491200948151938,0.0021513285370509242,0.020751953125,0.016814398921352457,0.02558759651353908,0.8072509765625,8.623058631844884,0.00024500000000000005
quadratic_input,3500,ood_dev,17,4096,0,74,52978,69632,0.0,0.0,0.0009369774073651883,0.01806640625,0.014416028944668636,0.02261990533371949,0.7608283547794118,8.668126076344606,0.00024500000000000005
quadratic_input,3500,ood_dev,18,4096,0,69,53047,73728,0.0,0.0,0.0009369774073651883,0.016845703125,0.013333172427690648,0.02126364314319593,0.7194959852430556,8.676916807618,0.00024500000000000005
quadratic_input,3500,ood_dev,19,4096,0,72,53119,77824,0.0,0.0,0.0009369774073651883,0.017578125,0.013982290939508705,0.022077995855878798,0.6825529399671053,8.833104309352507,0.00024500000000000005
quadratic_input,3500,ood_dev,20,4096,0,75,53194,81920,0.0,0.0,0.0009369774073651883,0.018310546875,0.014633183903943853,0.022890574115944584,0.6493408203125,9.087867623342618,0.00024500000000000005
quadratic_input,3500,ood_dev,21,4096,0,74,53268,86016,0.0,0.0,0.0009369774073651883,0.01806640625,0.014416028944668636,0.02261990533371949,0.6192801339285714,9.558165785723759,0.00024500000000000005
quadratic_input,3500,ood_dev,22,4096,0,68,53336,90112,0.0,0.0,0.0009369774073651883,0.0166015625,0.013117213150496153,0.020991778678890113,0.5918856534090909,10.112876100009089,0.00024500000000000005
quadratic_input,3500,ood_dev,23,4096,0,68,53404,94208,0.0,0.0,0.0009369774073651883,0.0166015625,0.013117213150496153,0.020991778678890113,0.5668733016304348,10.64622799913343,0.00024500000000000005
quadratic_input,3500,ood_dev,24,4096,0,64,53468,98304,0.0,0.0,0.0009369774073651883,0.015625,0.012255565007829483,0.01990213185555554,0.5439046223958334,11.258242890719657,0.00024500000000000005
quadratic_input,3500,ood_dev,25,4096,0,61,53529,102400,0.0,0.0,0.0009369774073651883,0.014892578125,0.011611768142410793,0.019082457496473304,0.522744140625,11.833021906964973,0.00024500000000000005
quadratic_input,3500,ood_dev,26,4096,0,76,53605,106496,0.0,0.0,0.0009369774073651883,0.0185546875,0.014850524581988338,0.02316105717940041,0.5033522385817307,12.5640439873074,0.00024500000000000005
quadratic_input,3500,ood_dev,27,4096,0,58,53663,110592,0.0,0.0,0.0009369774073651883,0.01416015625,0.010970229851119503,0.018260524563263665,0.4852340133101852,13.064382389937421,0.00024500000000000005
quadratic_input,3500,ood_dev,28,4096,0,68,53731,114688,0.0,0.0,0.0009369774073651883,0.0166015625,0.013117213150496153,0.020991778678890113,0.4684971400669643,13.590009221420075,0.00024500000000000005
quadratic_input,3500,ood_dev,29,4096,0,67,53798,118784,0.0,0.0,0.0009369774073651883,0.016357421875,0.012901468019013623,0.020719700068872332,0.45290611530172414,13.937176736251047,0.00024500000000000005
quadratic_input,3500,ood_dev,30,4096,0,80,53878,122880,0.0,0.0,0.0009369774073651883,0.01953125,0.015721675338006252,0.02424120138938373,0.43846028645833335,14.332732217223793,0.00024500000000000005
quadratic_input,3500,ood_dev,31,4096,0,52,53930,126976,0.0,0.0,0.0009369774073651883,0.0126953125,0.009694640437114613,0.016609171528266693,0.42472593245967744,14.835711330327442,0.00024500000000000005
quadratic_input,3500,ood_dev,32,4096,0,66,53996,131072,0.0,0.0,0.0009369774073651883,0.01611328125,0.01268594169611479,0.020447402650270854,0.411956787109375,15.219300435217974,0.00024500000000000005
quadratic_input,3500,ood_dev,33,4096,0,69,54065,135168,0.0,0.0,0.0009369774073651883,0.016845703125,0.013333172427690648,0.02126364314319593,0.3999837239583333,15.36762516144006,0.00024500000000000005
quadratic_input,3500,ood_dev,34,4096,0,65,54130,139264,0.0,0.0,0.0009369774073651883,0.015869140625,0.012470639018872916,0.020174881586012418,0.3886862362132353,15.635578533399581,0.00024500000000000005
quadratic_input,3500,ood_dev,35,4096,0,57,54187,143360,0.0,0.0,0.0009369774073651883,0.013916015625,0.01075691476118927,0.017986015911693586,0.377978515625,15.68271035756166,0.00024500000000000005
quadratic_input,3500,ood_dev,36,4096,0,82,54269,147456,0.0,0.0,0.0009369774073651883,0.02001953125,0.01615827811132198,0.024780246099068624,0.3680352105034722,15.765999337879784,0.00024500000000000005
quadratic_input,4000,dev,1,4096,4096,4096,4096,4096,1.0,0.9990630225926348,0.9999999999999999,1.0,0.9990630225926348,0.9999999999999999,1.0,7.709241122721977e-05,0.00032
quadratic_input,4000,dev,2,4096,4096,4096,8192,8192,1.0,0.9990630225926348,0.9999999999999999,1.0,0.9990630225926348,0.9999999999999999,1.0,0.00013456842697845417,0.00032
quadratic_input,4000,dev,3,4096,4096,4096,12288,12288,1.0,0.9990630225926348,0.9999999999999999,1.0,0.9990630225926348,0.9999999999999999,1.0,0.00027252930054766367,0.00032
quadratic_input,4000,dev,4,4096,4096,4096,16384,16384,1.0,0.9990630225926348,0.9999999999999999,1.0,0.9990630225926348,0.9999999999999999,1.0,0.0005850458508755985,0.00032
quadratic_input,4000,dev,5,4096,4096,4096,20480,20480,1.0,0.9990630225926348,0.9999999999999999,1.0,0.9990630225926348,0.9999999999999999,1.0,0.001245105967322857,0.00032
quadratic_input,4000,dev,6,4096,4094,4094,24574,24576,0.99951171875,0.9982212896544476,0.9998660854551866,0.99951171875,0.9982212896544476,0.9998660854551866,0.9999186197916666,0.003003684586317945,0.00032
quadratic_input,4000,dev,7,4096,4087,4088,28662,28672,0.997802734375,0.9958290482073086,0.9988435607118235,0.998046875,0.9961504506055915,0.9990099820550408,0.9996512276785714,0.008226592144977118,0.00032
quadratic_input,4000,dev,8,4096,4079,4080,32742,32768,0.995849609375,0.9933629968413301,0.9974070221457995,0.99609375,0.9936637657680687,0.9975940769605611,0.99920654296875,0.014777222252881916,0.00032
quadratic_input,4000,dev,9,4096,4052,4054,36796,36864,0.9892578125,0.9856107816089336,0.9919879963576875,0.98974609375,0.9861695639225535,0.9924048615270683,0.9981553819444444,0.030499105828832196,0.00032
quadratic_input,4000,dev,10,4096,4016,4028,40824,40960,0.98046875,0.9757587986106162,0.9842783246619937,0.9833984375,0.9790082213211099,0.9868827868495039,0.9966796875,0.05297734654104813,0.00032
quadratic_input,4000,dev,11,4096,3950,3980,44804,45056,0.96435546875,0.9582285450750817,0.9696122112585078,0.9716796875,0.9661407428071721,0.9763347257714267,0.9944069602272727,0.08231391599787763,0.00032
quadratic_input,4000,dev,12,4096,3875,3925,48729,49152,0.946044921875,0.9386986636872588,0.9525553120338074,0.958251953125,0.9516851324633817,0.9639600303327001,0.99139404296875,0.12184604289047396,0.00032
quadratic_input,4000,ood_dev,1,4096,4096,4096,4096,4096,1.0,0.9990630225926348,0.9999999999999999,1.0,0.9990630225926348,0.9999999999999999,1.0,7.735287191934503e-05,0.00032
quadratic_input,4000,ood_dev,2,4096,4096,4096,8192,8192,1.0,0.9990630225926348,0.9999999999999999,1.0,0.9990630225926348,0.9999999999999999,1.0,0.00013216577689245668,0.00032
quadratic_input,4000,ood_dev,3,4096,4096,4096,12288,12288,1.0,0.9990630225926348,0.9999999999999999,1.0,0.9990630225926348,0.9999999999999999,1.0,0.0002938362426889718,0.00032
quadratic_input,4000,ood_dev,4,4096,4096,4096,16384,16384,1.0,0.9990630225926348,0.9999999999999999,1.0,0.9990630225926348,0.9999999999999999,1.0,0.0006370953243366451,0.00032
quadratic_input,4000,ood_dev,5,4096,4095,4095,20479,20480,0.999755859375,0.9986182969663738,0.9999569018847606,0.999755859375,0.9986182969663738,0.9999569018847606,0.999951171875,0.0014785194936819401,0.00032
quadratic_input,4000,ood_dev,6,4096,4095,4096,24575,24576,0.999755859375,0.9986182969663738,0.9999569018847606,1.0,0.9990630225926348,0.9999999999999999,0.9999593098958334,0.002511142652885656,0.00032
quadratic_input,4000,ood_dev,7,4096,4092,4093,28668,28672,0.9990234375,0.9974915571936952,0.9996201704329383,0.999267578125,0.9978486714629491,0.9997508799051849,0.9998604910714286,0.005874401640601601,0.00032
quadratic_input,4000,ood_dev,8,4096,4080,4082,32750,32768,0.99609375,0.9936637657680687,0.9975940769605611,0.99658203125,0.9942706398960515,0.9979628503155791,0.99945068359375,0.01219396365519243,0.00032
quadratic_input,4000,ood_dev,9,4096,4053,4059,36809,36864,0.989501953125,0.9858899643168433,0.9921966373912783,0.990966796875,0.9875743543279273,0.993439189829196,0.9985080295138888,0.025143235500652672,0.00032
quadratic_input,4000,ood_dev,10,4096,4008,4022,40831,40960,0.978515625,0.973606447163245,0.9825280861773625,0.98193359375,0.9773800946662805,0.9855839710553314,0.9968505859375,0.047470494113516004,0.00032
quadratic_input,4000,ood_dev,11,4096,3952,3984,44815,45056,0.96484375,0.9587538013451912,0.9700626024713991,0.97265625,0.9672017903723954,0.9772249731722046,0.9946511008522727,0.07969176443851245,0.00032
quadratic_input,4000,ood_dev,12,4096,3854,3922,48737,49152,0.94091796875,0.9332758337542256,0.9477338433953341,0.95751953125,0.9509024574310025,0.9632792341405783,0.9915568033854166,0.11591020665165219,0.00032
quadratic_input,4000,ood_dev,13,4096,2006,2077,50814,53248,0.48974609375,0.4744538738280325,0.5050575290289545,0.507080078125,0.4917699339515416,0.5223769545519674,0.9542893629807693,3.3614951518419742,0.00032
quadratic_input,4000,ood_dev,14,4096,280,410,51224,57344,0.068359375,0.061028422391329204,0.07649920263612277,0.10009765625,0.09127770733442592,0.10966700408806634,0.8932756696428571,9.952918097832853,0.00032
quadratic_input,4000,ood_dev,15,4096,20,130,51354,61440,0.0048828125,0.0031631598704827783,0.007530292366888611,0.03173828125,0.026793100257844867,0.03756096354456061,0.83583984375,11.95964674696149,0.00032
quadratic_input,4000,ood_dev,16,4096,0,75,51429,65536,0.0,0.0,0.0009369774073651883,0.018310546875,0.014633183903943853,0.022890574115944584,0.7847442626953125,11.746821125038423,0.00032
quadratic_input,4000,ood_dev,17,4096,0,68,51497,69632,0.0,0.0,0.0009369774073651883,0.0166015625,0.013117213150496153,0.020991778678890113,0.7395593979779411,11.287482543638077,0.00032
quadratic_input,4000,ood_dev,18,4096,0,86,51583,73728,0.0,0.0,0.0009369774073651883,0.02099609375,0.017033419158058095,0.025856400018333753,0.6996392144097222,10.941067965827415,0.00032
quadratic_input,4000,ood_dev,19,4096,0,71,51654,77824,0.0,0.0,0.0009369774073651883,0.017333984375,0.01376571558724534,0.02180674746664186,0.6637284128289473,10.952475133261146,0.00032
quadratic_input,4000,ood_dev,20,4096,0,75,51729,81920,0.0,0.0,0.0009369774073651883,0.018310546875,0.014633183903943853,0.022890574115944584,0.63145751953125,11.067107785703598,0.00032
quadratic_input,4000,ood_dev,21,4096,0,80,51809,86016,0.0,0.0,0.0009369774073651883,0.01953125,0.015721675338006252,0.02424120138938373,0.6023181733630952,11.474206099752678,0.00032
quadratic_input,4000,ood_dev,22,4096,0,64,51873,90112,0.0,0.0,0.0009369774073651883,0.015625,0.012255565007829483,0.01990213185555554,0.5756503018465909,11.952366238671573,0.00032
quadratic_input,4000,ood_dev,23,4096,0,74,51947,94208,0.0,0.0,0.0009369774073651883,0.01806640625,0.014416028944668636,0.02261990533371949,0.551407523777174,12.298028442240508,0.00032
quadratic_input,4000,ood_dev,24,4096,0,71,52018,98304,0.0,0.0,0.0009369774073651883,0.017333984375,0.01376571558724534,0.02180674746664186,0.5291544596354166,12.78136584362386,0.00032
quadratic_input,4000,ood_dev,25,4096,0,73,52091,102400,0.0,0.0,0.0009369774073651883,0.017822265625,0.014199063362519719,0.022349047174368093,0.508701171875,13.145480320660369,0.00032
quadratic_input,4000,ood_dev,26,4096,0,72,52163,106496,0.0,0.0,0.0009369774073651883,0.017578125,0.013982290939508705,0.022077995855878798,0.4898118239182692,13.606185596524462,0.00032
quadratic_input,4000,ood_dev,27,4096,0,55,52218,110592,0.0,0.0,0.0009369774073651883,0.013427734375,0.010331122163193216,0.017436161026689018,0.47216796875,13.708644345069345,0.00032
quadratic_input,4000,ood_dev,28,4096,0,69,52287,114688,0.0,0.0,0.0009369774073651883,0.016845703125,0.013333172427690648,0.02126364314319593,0.45590645926339285,14.12733687293732,0.00032
quadratic_input,4000,ood_dev,29,4096,0,69,52356,118784,0.0,0.0,0.0009369774073651883,0.016845703125,0.013333172427690648,0.02126364314319593,0.4407664331896552,14.291714645129986,0.00032
quadratic_input,4000,ood_dev,30,4096,0,82,52438,122880,0.0,0.0,0.0009369774073651883,0.02001953125,0.01615827811132198,0.024780246099068624,0.42674153645833335,14.392438335199458,0.00032
quadratic_input,4000,ood_dev,31,4096,0,71,52509,126976,0.0,0.0,0.0009369774073651883,0.017333984375,0.01376571558724534,0.02180674746664186,0.4135348412298387,14.680593385670086,0.00032
quadratic_input,4000,ood_dev,32,4096,0,67,52576,131072,0.0,0.0,0.0009369774073651883,0.016357421875,0.012901468019013623,0.020719700068872332,0.401123046875,14.896144629046702,0.00032
quadratic_input,4000,ood_dev,33,4096,0,67,52643,135168,0.0,0.0,0.0009369774073651883,0.016357421875,0.012901468019013623,0.020719700068872332,0.3894634824810606,14.988539463145937,0.00032
quadratic_input,4000,ood_dev,34,4096,0,69,52712,139264,0.0,0.0,0.0009369774073651883,0.016845703125,0.013333172427690648,0.02126364314319593,0.37850413602941174,15.148606648142447,0.00032
quadratic_input,4000,ood_dev,35,4096,0,71,52783,143360,0.0,0.0,0.0009369774073651883,0.017333984375,0.01376571558724534,0.02180674746664186,0.3681849888392857,15.210736215371895,0.00032
quadratic_input,4000,ood_dev,36,4096,0,71,52854,147456,0.0,0.0,0.0009369774073651883,0.017333984375,0.01376571558724534,0.02180674746664186,0.3584391276041667,15.174414005136306,0.00032
quadratic_input,4500,dev,1,4096,4096,4096,4096,4096,1.0,0.9990630225926348,0.9999999999999999,1.0,0.9990630225926348,0.9999999999999999,1.0,6.540854429459841e-05,0.000405
quadratic_input,4500,dev,2,4096,4096,4096,8192,8192,1.0,0.9990630225926348,0.9999999999999999,1.0,0.9990630225926348,0.9999999999999999,1.0,0.00010970391052689266,0.000405
quadratic_input,4500,dev,3,4096,4096,4096,12288,12288,1.0,0.9990630225926348,0.9999999999999999,1.0,0.9990630225926348,0.9999999999999999,1.0,0.00019236892910834413,0.000405
quadratic_input,4500,dev,4,4096,4096,4096,16384,16384,1.0,0.9990630225926348,0.9999999999999999,1.0,0.9990630225926348,0.9999999999999999,1.0,0.00041648236351932155,0.000405
quadratic_input,4500,dev,5,4096,4096,4096,20480,20480,1.0,0.9990630225926348,0.9999999999999999,1.0,0.9990630225926348,0.9999999999999999,1.0,0.0009763866718368597,0.000405
quadratic_input,4500,dev,6,4096,4094,4094,24574,24576,0.99951171875,0.9982212896544476,0.9998660854551866,0.99951171875,0.9982212896544476,0.9998660854551866,0.9999186197916666,0.0029506663122234045,0.000405
quadratic_input,4500,dev,7,4096,4094,4095,28669,28672,0.99951171875,0.9982212896544476,0.9998660854551866,0.999755859375,0.9986182969663738,0.9999569018847606,0.9998953683035714,0.0036077549384678775,0.000405
quadratic_input,4500,dev,8,4096,4090,4091,32760,32768,0.99853515625,0.9968075986857966,0.9993284814578364,0.998779296875,0.997145424476127,0.9994784794090062,0.999755859375,0.007441734212354945,0.000405
quadratic_input,4500,dev,9,4096,4080,4083,36843,36864,0.99609375,0.9936637657680687,0.9975940769605611,0.996826171875,0.9945771012522003,0.9981442127009305,0.9994303385416666,0.011586167038878159,0.000405
quadratic_input,4500,dev,10,4096,4058,4066,40909,40960,0.99072265625,0.987292434466316,0.993233285949307,0.99267578125,0.9895635962243474,0.994864714123278,0.9987548828125,0.01909727935943817,0.000405
quadratic_input,4500,dev,11,4096,4041,4052,44961,45056,0.986572265625,0.9825638389733109,0.9896688778368068,0.9892578125,0.9856107816089336,0.9919879963576875,0.9978915127840909,0.0330141374299564,0.000405
quadratic_input,4500,dev,12,4096,3987,4008,48969,49152,0.973388671875,0.9679986619577605,0.9778915728113404,0.978515625,0.973606447163245,0.9825280861773625,0.99627685546875,0.05906167040900234,0.000405
quadratic_input,4500,ood_dev,1,4096,4096,4096,4096,4096,1.0,0.9990630225926348,0.9999999999999999,1.0,0.9990630225926348,0.9999999999999999,1.0,6.478686098443376e-05,0.000405
quadratic_input,4500,ood_dev,2,4096,4096,4096,8192,8192,1.0,0.9990630225926348,0.9999999999999999,1.0,0.9990630225926348,0.9999999999999999,1.0,0.00010497877560800006,0.000405
quadratic_input,4500,ood_dev,3,4096,4096,4096,12288,12288,1.0,0.9990630225926348,0.9999999999999999,1.0,0.9990630225926348,0.9999999999999999,1.0,0.00019792419415898266,0.000405
quadratic_input,4500,ood_dev,4,4096,4096,4096,16384,16384,1.0,0.9990630225926348,0.9999999999999999,1.0,0.9990630225926348,0.9999999999999999,1.0,0.00040363574426782733,0.000405
quadratic_input,4500,ood_dev,5,4096,4096,4096,20480,20480,1.0,0.9990630225926348,0.9999999999999999,1.0,0.9990630225926348,0.9999999999999999,1.0,0.0007974890878141849,0.000405
quadratic_input,4500,ood_dev,6,4096,4095,4095,24575,24576,0.999755859375,0.9986182969663738,0.9999569018847606,0.999755859375,0.9986182969663738,0.9999569018847606,0.9999593098958334,0.0014409507812871425,0.000405
quadratic_input,4500,ood_dev,7,4096,4095,4096,28671,28672,0.999755859375,0.9986182969663738,0.9999569018847606,1.0,0.9990630225926348,0.9999999999999999,0.9999651227678571,0.0024110030772312996,0.000405
quadratic_input,4500,ood_dev,8,4096,4091,4092,32763,32768,0.998779296875,0.997145424476127,0.9994784794090062,0.9990234375,0.9974915571936952,0.9996201704329383,0.999847412109375,0.005250075684157363,0.000405
quadratic_input,4500,ood_dev,9,4096,4083,4086,36849,36864,0.996826171875,0.9945771012522003,0.9981442127009305,0.99755859375,0.9955114747539533,0.9986733104236785,0.9995930989583334,0.010883354806802803,0.000405
quadratic_input,4500,ood_dev,10,4096,4062,4068,40917,40960,0.99169921875,0.9884233098915096,0.9940537054901146,0.9931640625,0.9901378308615215,0.9952661269691047,0.9989501953125,0.018439678114980484,0.000405
quadratic_input,4500,ood_dev,11,4096,4030,4040,44957,45056,0.98388671875,0.9795525973497291,0.9873140583038852,0.986328125,0.9822887695283722,0.9894561235402453,0.997802734375,0.036308848718543896,0.000405
quadratic_input,4500,ood_dev,12,4096,3973,4003,48960,49152,0.969970703125,0.964287665331574,0.9747730370565226,0.977294921875,0.9722661011607102,0.9814293134723958,0.99609375,0.06475686011776594,0.000405
quadratic_input,4500,ood_dev,13,4096,1895,1929,50889,53248,0.462646484375,0.44741916985642305,0.4779437976940295,0.470947265625,0.4556952784212732,0.4862536963401899,0.9556978665865384,3.9564061532833783,0.000405
quadratic_input,4500,ood_dev,14,4096,257,381,51270,57344,0.062744140625,0.055719528675085485,0.07058815029785935,0.093017578125,0.0844998214531925,0.10229800146579078,0.8940778459821429,10.758252195474906,0.000405
quadratic_input,4500,ood_dev,15,4096,20,140,51410,61440,0.0048828125,0.0031631598704827783,0.007530292366888611,0.0341796875,0.029037488565238835,0.04019481265216975,0.8367513020833334,12.821728187137936,0.000405
quadratic_input,4500,ood_dev,16,4096,0,69,51479,65536,0.0,0.0,0.0009369774073651883,0.016845703125,0.013333172427690648,0.02126364314319593,0.7855072021484375,12.591190093293505,0.000405
quadratic_input,4500,ood_dev,17,4096,0,57,51536,69632,0.0,0.0,0.0009369774073651883,0.013916015625,0.01075691476118927,0.017986015911693586,0.7401194852941176,11.86805075488764,0.000405
quadratic_input,4500,ood_dev,18,4096,0,66,51602,73728,0.0,0.0,0.0009369774073651883,0.01611328125,0.01268594169611479,0.020447402650270854,0.6998969184027778,11.167014353611364,0.000405
quadratic_input,4500,ood_dev,19,4096,0,76,51678,77824,0.0,0.0,0.0009369774073651883,0.0185546875,0.014850524581988338,0.02316105717940041,0.6640368009868421,10.873661278259306,0.000405
quadratic_input,4500,ood_dev,20,4096,0,70,51748,81920,0.0,0.0,0.0009369774073651883,0.01708984375,0.0135493413532538,0.021535297959133087,0.631689453125,10.668387712777985,0.000405
quadratic_input,4500,ood_dev,21,4096,0,75,51823,86016,0.0,0.0,0.0009369774073651883,0.018310546875,0.014633183903943853,0.022890574115944584,0.6024809337797619,10.881592862827944,0.000405
quadratic_input,4500,ood_dev,22,4096,0,58,51881,90112,0.0,0.0,0.0009369774073651883,0.01416015625,0.010970229851119503,0.018260524563263665,0.5757390802556818,11.276038686751349,0.000405
quadratic_input,4500,ood_dev,23,4096,0,67,51948,94208,0.0,0.0,0.0009369774073651883,0.016357421875,0.012901468019013623,0.020719700068872332,0.5514181385869565,11.557929277527876,0.000405
quadratic_input,4500,ood_dev,24,4096,0,68,52016,98304,0.0,0.0,0.0009369774073651883,0.0166015625,0.013117213150496153,0.020991778678890113,0.5291341145833334,11.899313275308089,0.000405
quadratic_input,4500,ood_dev,25,4096,0,73,52089,102400,0.0,0.0,0.0009369774073651883,0.017822265625,0.014199063362519719,0.022349047174368093,0.508681640625,12.19094239891507,0.000405
quadratic_input,4500,ood_dev,26,4096,0,60,52149,106496,0.0,0.0,0.0009369774073651883,0.0146484375,0.01139766303294143,0.018808738864442356,0.4896803635817308,12.763538702497726,0.000405
quadratic_input,4500,ood_dev,27,4096,0,67,52216,110592,0.0,0.0,0.0009369774073651883,0.016357421875,0.012901468019013623,0.020719700068872332,0.47214988425925924,12.791178568406906,0.000405
quadratic_input,4500,ood_dev,28,4096,0,74,52290,114688,0.0,0.0,0.0009369774073651883,0.01806640625,0.014416028944668636,0.02261990533371949,0.4559326171875,13.243082054282127,0.000405
quadratic_input,4500,ood_dev,29,4096,0,62,52352,118784,0.0,0.0,0.0009369774073651883,0.01513671875,0.011826124044008677,0.01935592533637573,0.44073275862068967,13.38451016498265,0.000405
quadratic_input,4500,ood_dev,30,4096,0,84,52436,122880,0.0,0.0,0.0009369774073651883,0.0205078125,0.016595533532573623,0.025318638160817603,0.42672526041666664,13.548636179390087,0.000405
quadratic_input,4500,ood_dev,31,4096,0,69,52505,126976,0.0,0.0,0.0009369774073651883,0.016845703125,0.013333172427690648,0.02126364314319593,0.4135033392137097,13.824962375104342,0.000405
quadratic_input,4500,ood_dev,32,4096,0,73,52578,131072,0.0,0.0,0.0009369774073651883,0.017822265625,0.014199063362519719,0.022349047174368093,0.4011383056640625,13.950414966256524,0.000405
quadratic_input,4500,ood_dev,33,4096,0,64,52642,135168,0.0,0.0,0.0009369774073651883,0.015625,0.012255565007829483,0.01990213185555554,0.38945608428030304,14.105376383505941,0.000405
quadratic_input,4500,ood_dev,34,4096,0,77,52719,139264,0.0,0.0,0.0009369774073651883,0.018798828125,0.01506804743850219,0.023431358064386867,0.3785544002757353,14.233557200203386,0.000405
quadratic_input,4500,ood_dev,35,4096,0,81,52800,143360,0.0,0.0,0.0009369774073651883,0.019775390625,0.015939893688042484,0.02451080678084781,0.36830357142857145,14.302134342518329,0.000405
quadratic_input,4500,ood_dev,36,4096,0,66,52866,147456,0.0,0.0,0.0009369774073651883,0.01611328125,0.01268594169611479,0.020447402650270854,0.3585205078125,14.335435077374498,0.000405
quadratic_input,5000,dev,1,102400,102400,102400,102400,102400,1.0,0.9999624871609701,1.0,1.0,0.9999624871609701,1.0,1.0,4.840647200353487e-05,0.0005000000000000001
quadratic_input,5000,dev,2,102400,102400,102400,204800,204800,1.0,0.9999624871609701,1.0,1.0,0.9999624871609701,1.0,1.0,8.93690886404741e-05,0.0005000000000000001
quadratic_input,5000,dev,3,102400,102397,102397,307197,307200,0.999970703125,0.9999138592392058,0.9999900363697822,0.999970703125,0.9999138592392058,0.9999900363697822,0.999990234375,0.0002476858573644769,0.0005000000000000001
quadratic_input,5000,dev,4,102400,102396,102396,409593,409600,0.9999609375,0.9998995558365923,0.9999848092550684,0.9999609375,0.9998995558365923,0.9999848092550684,0.99998291015625,0.0005448467157546765,0.0005000000000000001
quadratic_input,5000,dev,5,102400,102385,102386,511979,512000,0.999853515625,0.9997583066269857,0.9999112227740738,0.99986328125,0.9997705055160856,0.9999185544023014,0.999958984375,0.0012375697816754537,0.0005000000000000001
quadratic_input,5000,dev,6,102400,102348,102353,614332,614400,0.9994921875,0.9993341989036343,0.9996127013563129,0.999541015625,0.9993897582662231,0.9996547945803608,0.9998893229166667,0.0025739122824157868,0.0005000000000000001
quadratic_input,5000,dev,7,102400,102267,102284,716616,716800,0.998701171875,0.998461083452209,0.9989038449042218,0.9988671875,0.9986415990119286,0.9990553481390674,0.9997433035714286,0.004934029950057841,0.0005000000000000001
quadratic_input,5000,dev,8,102400,102092,102146,818762,819200,0.9969921875,0.9966376275634656,0.9973094602606767,0.99751953125,0.9971956352798654,0.9978061004799545,0.99946533203125,0.008432123705615276,0.0005000000000000001
quadratic_input,5000,dev,9,102400,101842,101962,920724,921600,0.99455078125,0.9940809577790983,0.9949835007132033,0.99572265625,0.9953039168178373,0.996104203753748,0.9990494791666666,0.013162128808128797,0.0005000000000000001
quadratic_input,5000,dev,10,102400,101510,101729,1022453,1024000,0.99130859375,0.990721352977587,0.9918589737620304,0.993447265625,0.9929342415453063,0.9939232684890033,0.9984892578125,0.019721973730722517,0.0005000000000000001
quadratic_input,5000,dev,11,102400,100979,101342,1123795,1126400,0.986123046875,0.9853881014448289,0.9868215205939588,0.98966796875,0.9890299897860318,0.9902692100425884,0.9976873224431818,0.030326218171069445,0.0005000000000000001
quadratic_input,5000,dev,12,102400,100107,100697,1224492,1228800,0.977607421875,0.9766831279465902,0.9784958829827373,0.983369140625,0.9825675388469316,0.9841344773055399,0.996494140625,0.047208980995406886,0.0005000000000000001
quadratic_input,5000,ood_dev,1,102400,102400,102400,102400,102400,1.0,0.9999624871609701,1.0,1.0,0.9999624871609701,1.0,1.0,4.8450355973344015e-05,0.0005000000000000001
quadratic_input,5000,ood_dev,2,102400,102400,102400,204800,204800,1.0,0.9999624871609701,1.0,1.0,0.9999624871609701,1.0,1.0,8.95001694607167e-05,0.0005000000000000001
quadratic_input,5000,ood_dev,3,102400,102400,102400,307200,307200,1.0,0.9999624871609701,1.0,1.0,0.9999624871609701,1.0,1.0,0.00021603077688231665,0.0005000000000000001
quadratic_input,5000,ood_dev,4,102400,102394,102394,409594,409600,0.99994140625,0.9998721583660714,0.9999731456909345,0.99994140625,0.9998721583660714,0.9999731456909345,0.9999853515625,0.0005578219442839582,0.0005000000000000001
quadratic_input,5000,ood_dev,5,102400,102381,102383,511977,512000,0.999814453125,0.999710201380565,0.999881205951185,0.999833984375,0.9997341277518229,0.9998963406145821,0.999955078125,0.001225082916809228,0.0005000000000000001
quadratic_input,5000,ood_dev,6,102400,102335,102343,614320,614400,0.999365234375,0.9991911066054158,0.9995018969292757,0.999443359375,0.9992789510277558,0.9995702966455544,0.9998697916666667,0.002596757522584614,0.0005000000000000001
quadratic_input,5000,ood_dev,7,102400,102253,102279,716599,716800,0.998564453125,0.9983131050785029,0.9987783960353448,0.998818359375,0.9985884022615245,0.9990108923028346,0.9997195870535714,0.0050246881794289424,0.0005000000000000001
quadratic_input,5000,ood_dev,8,102400,102101,102163,818762,819200,0.997080078125,0.9967304290750366,0.997392433405052,0.997685546875,0.9973719716708869,0.9979617828834981,0.99946533203125,0.008141624799333051,0.0005000000000000001
quadratic_input,5000,ood_dev,9,102400,101882,102004,920766,921600,0.99494140625,0.9944879292526507,0.9953577499327455,0.9961328125,0.9957336035211678,0.9964947987781666,0.9990950520833334,0.012629281666979394,0.0005000000000000001
quadratic_input,5000,ood_dev,10,102400,101559,101750,1022516,1024000,0.991787109375,0.9912155797800356,0.9923217423086225,0.99365234375,0.9931470503064159,0.9941206005917684,0.99855078125,0.01905925084092951,0.0005000000000000001
quadratic_input,5000,ood_dev,11,102400,101115,101434,1123950,1126400,0.987451171875,0.9867508530071953,0.9881149193881136,0.99056640625,0.9899556514776835,0.9911403559450542,0.9978249289772727,0.0286913027922715,0.0005000000000000001
quadratic_input,5000,ood_dev,12,102400,100310,100835,1224785,1228800,0.97958984375,0.9787056314759189,0.9804380744708631,0.984716796875,0.9839470255508728,0.9854502019927748,0.9967325846354167,0.04489752947122902,0.0005000000000000001
quadratic_input,5000,ood_dev,13,102400,63504,64234,1289019,1331200,0.62015625,0.6171790943602813,0.6231243908355892,0.62728515625,0.6243188838481837,0.6302418789966617,0.9683135516826923,2.2008690161402926,0.0005000000000000001
quadratic_input,5000,ood_dev,14,102400,8735,11007,1300026,1433600,0.085302734375,0.0836073772151503,0.0870292044783928,0.107490234375,0.10560784185716059,0.10940207520415056,0.906826171875,10.160914146141597,0.0005000000000000001
quadratic_input,5000,ood_dev,15,102400,671,3133,1303159,1536000,0.006552734375,0.006076731510996648,0.007065758454693679,0.030595703125,0.029558358688618253,0.03166826493703903,0.8484108072916666,12.250067484167284,0.0005000000000000001
quadratic_input,5000,ood_dev,16,102400,46,1822,1304981,1638400,0.00044921875,0.0003368283364539456,0.0005990882996346968,0.01779296875,0.017001171414558893,0.018620943994925896,0.7964971923828125,11.637482319529095,0.0005000000000000001
quadratic_input,5000,ood_dev,17,102400,1,1688,1306669,1740800,9.765625e-06,1.7238746867777096e-06,5.5319481670543434e-05,0.016484375,0.015722441792261517,0.017282584295356673,0.7506140854779412,10.83207553280661,0.0005000000000000001
quadratic_input,5000,ood_dev,18,102400,0,1728,1308397,1843200,0.0,3.3881317890172014e-21,3.751283902995844e-05,0.016875,0.016104025646818412,0.01768222113389429,0.7098508029513889,10.203620165444699,0.0005000000000000001
quadratic_input,5000,ood_dev,19,102400,0,1760,1310157,1945600,0.0,3.3881317890172014e-21,3.751283902995844e-05,0.0171875,0.016409371578367776,0.01800185175682053,0.6733948396381579,9.909288614226083,0.0005000000000000001
quadratic_input,5000,ood_dev,20,102400,0,1744,1311901,2048000,0.0,3.3881317890172014e-21,3.751283902995844e-05,0.01703125,0.016256689990451302,0.0178420450674992,0.64057666015625,9.92053884319286,0.0005000000000000001
quadratic_input,5000,ood_dev,21,102400,0,1710,1313611,2150400,0.0,3.3881317890172014e-21,3.751283902995844e-05,0.01669921875,0.01593229916630613,0.01750239830251404,0.6108682105654762,10.245648310444476,0.0005000000000000001
quadratic_input,5000,ood_dev,22,102400,0,1752,1315363,2252800,0.0,3.3881317890172014e-21,3.751283902995844e-05,0.017109375,0.0163330286433993,0.0179219505531701,0.5838791725852273,10.742206489179791,0.0005000000000000001
quadratic_input,5000,ood_dev,23,102400,0,1721,1317084,2355200,0.0,3.3881317890172014e-21,3.751283902995844e-05,0.016806640625,0.01603724047903842,0.017612292680382738,0.5592238451086956,11.287713493947754,0.0005000000000000001
quadratic_input,5000,ood_dev,24,102400,0,1680,1318764,2457600,0.0,3.3881317890172014e-21,3.751283902995844e-05,0.01640625,0.015646138466949424,0.017202643482049865,0.5366064453125,11.844953738414011,0.0005000000000000001
quadratic_input,5000,ood_dev,25,102400,0,1730,1320494,2560000,0.0,3.3881317890172014e-21,3.751283902995844e-05,0.01689453125,0.016123107738719566,0.01770220007664786,0.51581796875,12.384193266793618,0.0005000000000000001
quadratic_input,5000,ood_dev,26,102400,0,1720,1322214,2662400,0.0,3.3881317890172014e-21,3.751283902995844e-05,0.016796875,0.016027700015071877,0.017602302627021917,0.4966248497596154,12.915924013119072,0.0005000000000000001
quadratic_input,5000,ood_dev,27,102400,0,1645,1323859,2764800,0.0,3.3881317890172014e-21,3.751283902995844e-05,0.016064453125,0.01531236540613202,0.01685284843640957,0.47882631655092595,13.35090702964573,0.0005000000000000001
quadratic_input,5000,ood_dev,28,102400,0,1678,1325537,2867200,0.0,3.3881317890172014e-21,3.751283902995844e-05,0.01638671875,0.015627063346117524,0.017182657568227042,0.46231061662946427,13.735521400201497,0.0005000000000000001
quadratic_input,5000,ood_dev,29,102400,0,1725,1327262,2969600,0.0,3.3881317890172014e-21,3.751283902995844e-05,0.016845703125,0.016075403021209946,0.01765225220752066,0.44694975754310345,14.061127237631307,0.0005000000000000001
quadratic_input,5000,ood_dev,30,102400,0,1759,1329021,3072000,0.0,3.3881317890172014e-21,3.751283902995844e-05,0.017177734375,0.016399828478305734,0.017991864339555207,0.4326240234375,14.359908673121407,0.0005000000000000001
quadratic_input,5000,ood_dev,31,102400,0,1691,1330712,3174400,0.0,3.3881317890172014e-21,3.751283902995844e-05,0.016513671875,0.01575105670713481,0.01731256093246547,0.41920110887096773,14.568051974526925,0.0005000000000000001
quadratic_input,5000,ood_dev,32,102400,0,1728,1332440,3276800,0.0,3.3881317890172014e-21,3.751283902995844e-05,0.016875,0.016104025646818412,0.01768222113389429,0.40662841796875,14.758863757976718,0.0005000000000000001
quadratic_input,5000,ood_dev,33,102400,0,1674,1334114,3379200,0.0,3.3881317890172014e-21,3.751283902995844e-05,0.01634765625,0.015588913960546404,0.0171426848844887,0.39480172821969695,14.942499845965761,0.0005000000000000001
quadratic_input,5000,ood_dev,34,102400,0,1662,1335776,3481600,0.0,3.3881317890172014e-21,3.751283902995844e-05,0.01623046875,0.015474472688896538,0.017022759948210224,0.3836672794117647,15.096035467553211,0.0005000000000000001
quadratic_input,5000,ood_dev,35,102400,0,1703,1337479,3584000,0.0,3.3881317890172014e-21,3.751283902995844e-05,0.016630859375,0.01586552269446015,0.017432461153068485,0.3731805245535714,15.190615699779226,0.0005000000000000001
quadratic_input,5000,ood_dev,36,102400,0,1719,1339198,3686400,0.0,3.3881317890172014e-21,3.751283902995844e-05,0.016787109375,0.016018159619853447,0.01759231250491299,0.3632807074652778,15.29037558888263,0.0005000000000000001
