first_update,injection_coefficient,latent_cosine,latent_loss,latent_relative_l2,latent_rms,latent_variation_rms,loss,predicted_latent_rms,predicted_state_ce,state_ce,teacher_predicted_kl,token_accuracy,training_seconds,update,updates_in_bin,weighted_latent_loss
1,2e-07,0.9866182804107666,0.035069729890674355,0.16538714244961739,0.9991848319768906,0.18238679319620132,3.8230891823768616,1.0103944540023804,4.371050596237183,3.7880194568634034,0.27228596806526184,0.09742838773876429,12.077403418996255,100,100,0.035069729890674355
101,8e-07,0.9581741690635681,0.029045043140649797,0.26107294112443924,0.9988549947738647,0.3454981967806816,3.681533007621765,0.9960874170064926,4.2936789989471436,3.652487962245941,0.28939277678728104,0.12387207336723804,22.90739935399597,200,100,0.029045043140649797
201,1.8000000000000001e-06,0.930890217423439,0.05283315911889076,0.33730922639369965,0.9988242387771606,0.5102028101682663,3.478686625957489,0.9781417548656464,4.241718888282776,3.425853464603424,0.4768265634775162,0.1807902064919472,33.6864733339944,300,100,0.05283315911889076
301,3.2e-06,0.9434724003076553,0.04111363258212805,0.29803984612226486,0.9984797984361649,0.5144185572862625,3.4485198402404786,0.9706667512655258,4.15934944152832,3.4074062085151673,0.4274374917149544,0.18334635838866234,44.568825430995275,400,100,0.04111363258212805
401,5e-06,0.9434308260679245,0.0378959371522069,0.29100632667541504,0.9982133060693741,0.5400726050138474,3.4427530360221863,0.961911603808403,4.128596663475037,3.4048570871353148,0.4067697525024414,0.18354248508810997,55.44265623399042,500,100,0.0378959371522069
501,7.2000000000000005e-06,0.9414480626583099,0.0376875089854002,0.29196398705244064,0.9980159997940063,0.5480135083198547,3.440341832637787,0.9625526666641235,4.118564009666443,3.4026543354988097,0.39814991503953934,0.18416016146540642,66.52037401598591,600,100,0.0376875089854002
601,9.800000000000001e-06,0.9366784989833832,0.039291413463652135,0.2999609634280205,0.9978421926498413,0.5531307607889175,3.436748104095459,0.9594865888357162,4.111659288406372,3.397456691265106,0.39782193303108215,0.1853727263212204,77.58115497798553,700,100,0.039291413463652135
701,1.28e-05,0.9312620162963867,0.04234162911772728,0.31120818108320236,0.9976714551448822,0.5637525022029877,3.421909465789795,0.9579381346702576,4.113060355186462,3.3795678329467775,0.41525691002607346,0.1888631236553192,88.45313259398336,800,100,0.04234162911772728
801,1.6199999999999997e-05,0.9170535057783127,0.05070611231029034,0.34509745240211487,0.997537225484848,0.5900431573390961,3.3772449707984924,0.9481709003448486,4.1156593561172485,3.326538853645325,0.48180410265922546,0.19825602680444718,99.23033763698277,900,100,0.05070611231029034
901,2e-05,0.8373496383428574,0.09276276893913746,0.48063239455223083,0.9977486878633499,0.6993649750947952,3.180013976097107,0.8929711729288101,4.126372814178467,3.087251217365265,0.7769887000322342,0.23826172575354576,110.01283227398744,1000,100,0.09276276893913746
1001,2.42e-05,0.6015554517507553,0.22098988756537438,0.7378754764795303,0.9994207620620728,0.8660690039396286,2.4209266829490663,0.7046992480754852,4.124714016914368,2.19993679523468,1.7319888174533844,0.4004443472623825,120.77515048298665,1100,100,0.22098988756537438
1101,2.8800000000000002e-05,0.4164137542247772,0.331078881919384,0.8737433701753616,1.002610057592392,0.9523159712553024,1.657096118927002,0.5396000146865845,4.067728638648987,1.326017233133316,2.495045006275177,0.5974666565656662,131.5731223279854,1200,100,0.331078881919384
1201,3.38e-05,0.348306305706501,0.3703840497136116,0.9174109846353531,1.006450355052948,0.9838151335716248,1.2215911203622818,0.44823772460222244,3.9864715337753296,0.8512070685625076,2.9289958477020264,0.7296354341506958,142.5691622409813,1300,100,0.3703840497136116
1301,3.9200000000000004e-05,0.3498915210366249,0.3784684455394745,0.9238791167736053,1.0097123384475708,0.9957170486450195,1.0317964303493499,0.40600863844156265,3.84276807308197,0.6533279857039451,3.088353931903839,0.788553894162178,153.5990643469795,1400,100,0.3784684455394745
1401,4.5e-05,0.39441850781440735,0.3763826903700829,0.9104831963777542,1.0126348435878754,1.0024325102567673,0.7921490442752838,0.38493313640356064,3.6078073382377625,0.4157663568854332,3.0637561678886414,0.8624251514673233,164.54528504998507,1500,100,0.3763826903700829
1501,5.12e-05,0.47980158030986786,0.3583187174797058,0.8790253251791,1.0151354670524597,1.0061766505241394,0.6640451961755752,0.38394705951213837,3.198083221912384,0.30572647899389266,2.823184609413147,0.8973934137821198,175.26970031398196,1600,100,0.3583187174797058
1601,5.780000000000001e-05,0.5853453725576401,0.32235286325216295,0.8248907625675201,1.015079140663147,1.0062076151371002,0.5322790923714638,0.4286757856607437,2.668504536151886,0.20992622919380666,2.3961408138275146,0.9301814967393875,186.02896173199133,1700,100,0.32235286325216295
1701,6.479999999999999e-05,0.6790687441825867,0.2767447617650032,0.7558879852294922,1.0127083361148834,1.0041479170322418,0.42604689598083495,0.5100793316960335,2.0424560606479645,0.1493021323531866,1.8531584441661835,0.9506486195325852,197.06513842498953,1800,100,0.2767447617650032
1801,7.22e-05,0.7435064911842346,0.232676013559103,0.6856044083833694,1.0092113316059113,1.0001181811094284,0.3481709808111191,0.6169740259647369,1.5078910887241364,0.11549496687948704,1.3397970497608185,0.9621329927444457,207.72170685199671,1900,100,0.232676013559103
1901,8e-05,0.7758548706769943,0.20230422407388687,0.6390596926212311,1.0062384009361267,0.9963147193193436,0.29692280426621437,0.7113631665706635,1.0967949032783508,0.09461857941001654,0.9749485552310944,0.9689201039075851,218.28405624299648,2000,100,0.20230422407388687
2001,8.820000000000002e-05,0.7862869203090668,0.1888205087184906,0.6214840114116669,1.004751592874527,0.9930873215198517,0.2663671536743641,0.7683845460414886,0.8484137803316116,0.0775466450303793,0.7566732317209244,0.9747444850206375,228.96972665099565,2100,100,0.1888205087184906
2101,9.68e-05,0.7851261645555496,0.1867362703382969,0.62141153216362,1.004550814628601,0.9914766401052475,0.2615884567797184,0.793356865644455,0.7446431964635849,0.07485218700021505,0.667847603559494,0.9753955292701721,239.5749235719968,2200,100,0.1867362703382969
2201,0.0001058,0.7781317681074142,0.19133167639374732,0.6295272260904312,1.004949003458023,0.9899266958236694,0.25131316125392916,0.7960269898176193,0.7103591710329056,0.059981484711170194,0.6408639997243881,0.9804069221019744,250.01162663699688,2300,100,0.19133167639374732
2301,0.00011520000000000001,0.7706287801265717,0.19746282175183297,0.6382281631231308,1.0054419338703156,0.9874937385320663,0.2486432223021984,0.7856316119432449,0.691324383020401,0.051180400159209966,0.633498027920723,0.9830924665927887,260.4400437830009,2400,100,0.19746282175183297
2401,0.00012500000000000003,0.7589899599552155,0.20412153035402297,0.6518092751502991,1.0058142244815826,0.9846206158399582,0.2499520207941532,0.7739527076482773,0.6955815851688385,0.04583049086853862,0.6422032117843628,0.9849194562435151,270.8964809279978,2500,100,0.20412153035402297
2501,0.0001352,0.7502593249082565,0.21092388287186623,0.6616064310073853,1.0058263838291168,0.9820173978805542,0.2526444479823112,0.7575916647911072,0.6886344850063324,0.04172056494280696,0.639657199382782,0.986230491399765,281.3811126219962,2600,100,0.21092388287186623
2601,0.0001458,0.7396022528409958,0.21680249601602555,0.6734194606542587,1.0052535831928253,0.9783712476491928,0.2561025008559227,0.7331135123968124,0.6633690297603607,0.03930000420659781,0.6218103170394897,0.9869865101575851,291.8805213009946,2700,100,0.21680249601602555
2701,0.00015680000000000002,0.7338013350963593,0.21969300791621207,0.6805150210857391,1.0037493109703064,0.9748068302869797,0.25702513128519056,0.7065421342849731,0.6217768341302872,0.03733212234452367,0.5830308049917221,0.9876098811626435,302.53335362999496,2800,100,0.21969300791621207
2801,0.00016820000000000002,0.7473243474960327,0.21435229539871214,0.6680682748556137,1.000503271818161,0.97269506752491,0.24733994469046594,0.6835323125123978,0.5300830081105232,0.032987650204449895,0.4953436031937599,0.9890267121791839,313.2409509449981,2900,100,0.21435229539871214
2901,0.00018,0.7819715291261673,0.19216582283377648,0.6289728581905365,0.9950827211141586,0.9673500657081604,0.22214200019836425,0.6995364427566528,0.3929442763328552,0.02997617706656456,0.3642054572701454,0.9900993025302887,323.82529114299814,3000,100,0.19216582283377648
3001,0.0001922,0.8179459422826767,0.16332341253757476,0.5792790800333023,0.9891645014286041,0.9583895653486252,0.1896847255527973,0.7500439882278442,0.2668115235865116,0.026361312912777067,0.2421688586473465,0.9911987507343292,334.25574123599654,3100,100,0.16332341253757476
3101,0.0002048,0.8438728004693985,0.14049909591674806,0.5389920473098755,0.984021931886673,0.9491861909627914,0.16861381262540817,0.7869297862052917,0.18318235129117966,0.028114715926349163,0.15848856046795845,0.9906445509195327,344.7832870220027,3200,100,0.14049909591674806
3201,0.00021780000000000004,0.8656822443008423,0.12176346525549889,0.5027283728122711,0.9793378859758377,0.9409889876842499,0.147036003023386,0.8064902573823929,0.1313961949199438,0.025272538159042596,0.11280097626149654,0.991573097705841,355.43289075699795,3300,100,0.12176346525549889
3301,0.00023120000000000004,0.8884702771902084,0.10233257614076137,0.4611564874649048,0.9745890498161316,0.9335150718688965,0.12525264889001847,0.826983243227005,0.10238254815340042,0.022920072870329024,0.0872420184314251,0.9925610572099686,365.96235408999746,3400,100,0.10233257614076137
3401,0.00024500000000000005,0.9122690856456757,0.08209952257573605,0.41233883798122406,0.9700342416763306,0.927303746342659,0.10277724348008632,0.8505523651838303,0.0683694202452898,0.02067772066220641,0.05596427619457245,0.993288591504097,376.4375518729976,3500,100,0.08209952257573605
3501,0.00025919999999999996,0.9316573888063431,0.06446272239089013,0.3664831891655922,0.9659471213817596,0.9209814965724945,0.08435882203280926,0.8729874491691589,0.04268255177885294,0.0198960998095572,0.0334671507589519,0.9934700709581376,387.00627775199246,3600,100,0.06446272239089013
3601,0.0002738,0.9457676112651825,0.051364033818244934,0.32825640588998795,0.9625106602907181,0.9154998809099197,0.07030464991927148,0.8889018893241882,0.028352519497275352,0.018940616184845566,0.020664190873503685,0.9937801283597946,397.94642940499034,3700,100,0.051364033818244934
3701,0.0002888,0.9535167068243027,0.04341660793870687,0.30426207184791565,0.9596629589796066,0.909187063574791,0.06338090758770704,0.8987959921360016,0.025957627221941948,0.019964299714192748,0.017304482404142618,0.9933138215541839,408.783160486988,3800,100,0.04341660793870687
3801,0.0003042,0.959844246506691,0.03702879451215267,0.2831244170665741,0.957228034734726,0.904101550579071,0.0552275650203228,0.9044748693704605,0.02141271298751235,0.018198770536109805,0.015661990735679865,0.9938704591989517,419.5085781079879,3900,100,0.03702879451215267
3901,0.00032,0.9673623293638229,0.030508504770696162,0.2557811923325062,0.9549997448921204,0.8997236490249634,0.04648503497242928,0.9126577079296112,0.01806472078897059,0.01597653029486537,0.014166490640491247,0.9947998237609863,430.002215745988,4000,100,0.030508504770696162
4001,0.00033620000000000004,0.973638266324997,0.025097245629876853,0.23031898587942123,0.9532948136329651,0.8947426974773407,0.0424233453348279,0.9221716225147247,0.012100694002583623,0.01732609967701137,0.010494687361642718,0.9942358607053756,440.50680460199055,4100,100,0.025097245629876853
4101,0.00035280000000000006,0.9784394651651382,0.02051183132454753,0.20860805362462997,0.9523472636938095,0.8893485963344574,0.03461536889895797,0.930934488773346,0.010053358506411314,0.01410353763960302,0.00940725754480809,0.9954272663593292,451.09754431199417,4200,100,0.02051183132454753
4201,0.0003698,0.9806437641382217,0.017964635416865347,0.19785040616989136,0.9520136266946793,0.8844117224216461,0.031987465657293795,0.9347516149282455,0.011619183700531721,0.014022830296307803,0.00993757788091898,0.995394715666771,461.65473929799737,4300,100,0.017964635416865347
4301,0.0003872,0.9825959503650665,0.016311909360811113,0.18755295872688293,0.9519672393798828,0.8817966282367706,0.02944002013653517,0.9375074058771133,0.01023801090195775,0.013128110654652119,0.009375027497299016,0.9957592958211898,472.22224821699547,4400,100,0.016311909360811113
4401,0.000405,0.9834317415952682,0.014998262273147702,0.18317235261201859,0.952085018157959,0.8808264583349228,0.027248591464012862,0.9393232762813568,0.00859629933256656,0.012250329200178385,0.008678651065565646,0.996102722287178,482.806896617999,4500,100,0.014998262273147702
4501,0.0004232,0.9847055226564407,0.01439145950600505,0.17591660097241402,0.9522205144166946,0.880690336227417,0.02607199516147375,0.9392237216234207,0.009397124056704342,0.011680535678751767,0.00785862049087882,0.9962410706281662,493.57748710699616,4600,100,0.01439145950600505
4601,0.0004418,0.9846198856830597,0.013944478696212173,0.17636838927865028,0.952402725815773,0.8806833177804947,0.025522694438695908,0.9389676600694656,0.01083844539243728,0.01157821572618559,0.010595575324259698,0.9962508362531662,504.4187986429961,4700,100,0.013944478696212173
4701,0.00046080000000000003,0.9847965389490128,0.013716239631175995,0.17542879655957222,0.9524748176336288,0.8821417093276978,0.025936018135398628,0.9410973787307739,0.009023364749737084,0.012219778522849082,0.009308545384556055,0.9959741401672363,515.1530519159905,4800,100,0.013716239631175995
4801,0.00048020000000000007,0.986070916056633,0.013244530986994504,0.16797423735260963,0.9525405466556549,0.8809929192066193,0.023648460358381272,0.9426706731319427,0.007618217379786074,0.010403929385356605,0.006972601520828903,0.996586120724678,525.7396191989983,4900,100,0.013244530986994504
4901,0.0005000000000000001,0.9863935112953186,0.012750993929803372,0.16607801616191864,0.9526000767946243,0.8787030726671219,0.023502124324440956,0.9420869946479797,0.00856254412792623,0.010751130520366131,0.006609142874367535,0.9965096235275268,536.4476318359975,5000,100,0.012750993929803372
