arm,first_update,injection_coefficient,latent_cosine,latent_loss,latent_relative_l2,latent_rms,latent_variation_rms,loss,predicted_latent_rms,predicted_state_ce,state_ce,teacher_predicted_kl,token_accuracy,training_seconds,update,updates_in_bin,weighted_latent_loss
injection,1,0.01,0.9871561676263809,0.03353713556192815,0.1625365950167179,0.999269649386406,0.1762794442474842,3.8258151769638062,1.0098558962345123,4.367021083831787,3.792278034687042,0.2704981118440628,0.09784912347793578,16.61848862000079,100,100,0.03353713556192815
injection,101,0.01,0.9495724141597748,0.03747130624949932,0.2937318943440914,0.9989560097455978,0.36278608441352844,3.630888454914093,0.9958257675170898,4.358864903450012,3.5934171509742736,0.41947031021118164,0.13905924946069717,32.311207335009385,200,100,0.03747130624949932
injection,201,0.01,0.9430289715528488,0.04562706656754017,0.30833426862955093,0.9986360818147659,0.4603843688964844,3.4588496017456056,0.9766012132167816,4.241171598434448,3.4132225370407103,0.5000058114528656,0.1827970427274704,47.84803207301593,300,100,0.04562706656754017
injection,301,0.01,0.9480668902397156,0.037384589426219465,0.28631001710891724,0.9982373714447021,0.4882488548755646,3.4437639141082763,0.9714497774839401,4.163029193878174,3.406379339694977,0.4351744204759598,0.18347656697034836,63.13502782600881,400,100,0.037384589426219465
injection,401,0.01,0.9473181068897247,0.03609907153993845,0.28309566527605057,0.9979228973388672,0.5266388058662415,3.440855257511139,0.9627272635698318,4.131132483482361,3.4047561836242677,0.4107050225138664,0.1834505258500576,78.46555092001108,500,100,0.03609907153993845
injection,501,0.01,0.943994477391243,0.03670059073716402,0.28703926503658295,0.997709646821022,0.5309863686561584,3.4395899772644043,0.9658584445714951,4.120427966117859,3.4028893995285032,0.39900822937488556,0.1839445036649704,93.91915684101696,600,100,0.03670059073716402
injection,601,0.01,0.9262005239725113,0.04421494860202074,0.3261704817414284,0.9976122081279755,0.567822128534317,3.41120240688324,0.953035831451416,4.12688672542572,3.366987457275391,0.44426486641168594,0.1885904997587204,109.2675544820213,700,100,0.04421494860202074
injection,701,0.01,0.537091325968504,0.21827211529016494,0.7530750632286072,0.9981490969657898,0.8509919196367264,2.6357403910160064,0.646173320710659,4.173383593559265,2.4174682688713074,1.6463782787322998,0.33356446236371995,124.47374524302177,800,100,0.21827211529016494
injection,801,0.01,0.12915924564003944,0.4271084761619568,1.0071971416473389,1.0016649216413498,0.9903187155723572,0.9327865296602249,0.31517986953258514,4.1952965259552,0.5056780524551868,3.501686155796051,0.8406632697582245,139.7710376720188,900,100,0.4271084761619568
injection,901,0.01,0.15612679719924927,0.42383613288402555,0.9939375966787338,1.0057836771011353,0.992076113820076,0.5452805364131927,0.28641005605459213,4.062434434890747,0.12144440226256847,3.8727416396141052,0.9622208881378174,154.90738820701154,1000,100,0.42383613288402555
injection,1001,0.01,0.20220977067947388,0.41551870077848435,0.9786862134933472,1.0077322125434875,0.9931640625,0.4738294783234596,0.2666581720113754,3.9172847867012024,0.05831077760085464,3.8305371403694153,0.9817537653446198,170.24502025001675,1100,100,0.41551870077848435
injection,1101,0.01,0.27716895565390587,0.4024541747570038,0.9576639831066132,1.0069937705993652,0.9902660846710205,0.4372827836871147,0.2748388722538948,3.689545512199402,0.03482860853895545,3.6325692534446716,0.9893554878234864,185.60333688201172,1200,100,0.4024541747570038
injection,1201,0.01,0.37645628303289413,0.3805957496166229,0.9265512228012085,1.0033117830753326,0.9847202599048615,0.40735107511281965,0.3020207807421684,3.3674226999282837,0.02675532571040094,3.323710322380066,0.991820495724678,201.09248987601313,1300,100,0.3805957496166229
injection,1301,0.01,0.4626474156975746,0.35383869379758837,0.8909614235162735,0.9976302981376648,0.9772641658782959,0.37578637540340426,0.3549172580242157,2.980507969856262,0.021947680916637183,2.943486750125885,0.993338235616684,216.92981055700693,1400,100,0.35383869379758837
injection,1401,0.01,0.5251128971576691,0.32685733497142794,0.8567448854446411,0.9911826848983765,0.9705096781253815,0.345148364007473,0.4127091020345688,2.6244837641716003,0.018291029259562493,2.5913211703300476,0.9945369672775268,232.67335562600056,1500,100,0.32685733497142794
injection,1501,0.01,0.5731349438428879,0.3030964255332947,0.8255303502082825,0.9847256690263748,0.9632292538881302,0.31979268312454223,0.4558160603046417,2.316842496395111,0.01669625736773014,2.2835317850112915,0.994964212179184,248.17700283000704,1600,100,0.3030964255332947
injection,1601,0.01,0.6292587965726852,0.27736658304929734,0.7873629033565521,0.9779840856790543,0.9546768963336945,0.2919089609384537,0.4811905696988106,2.04769966006279,0.014542375956662,2.023502916097641,0.9957177931070328,263.1282378220003,1700,100,0.27736658304929734
injection,1701,0.01,0.7066208869218826,0.2381300674378872,0.7238732576370239,0.9710332751274109,0.9453358948230743,0.251837897002697,0.5379147082567215,1.7752049565315247,0.013707829881459474,1.7495752274990082,0.9960140186548233,278.1338602820015,1800,100,0.2381300674378872
injection,1801,0.01,0.7731649577617645,0.19370080545544624,0.6495670676231384,0.9640693217515945,0.9379188865423203,0.20567647203803063,0.6253352165222168,1.461864560842514,0.011975666685029864,1.4398644864559174,0.9964648622274399,293.1699377060013,1900,100,0.19370080545544624
injection,1901,0.01,0.8183878064155579,0.15687444314360618,0.5858406573534012,0.9578992873430252,0.9306141436100006,0.16815694376826287,0.7038501352071762,1.1891080439090729,0.011282499791122972,1.1697704195976257,0.996731789112091,308.41664683500676,2000,100,0.15687444314360618
injection,2001,0.01,0.8422918617725372,0.13483828902244568,0.5446733832359314,0.953302800655365,0.9235241413116455,0.1459371979534626,0.7613780796527863,0.973168820142746,0.011098908928688615,0.9562877118587494,0.9966723835468292,324.0510266570145,2100,100,0.13483828902244568
injection,2101,0.01,0.8452083468437195,0.12820461347699166,0.5366756319999695,0.9505135864019394,0.9181228131055832,0.13892270550131797,0.789267435669899,0.8743153363466263,0.01071809221059084,0.8589726835489273,0.9967960804700852,339.3917286540036,2200,100,0.12820461347699166
injection,2201,0.01,0.8418119549751282,0.12956073984503746,0.540808379650116,0.9487124979496002,0.9152773320674896,0.1384527149796486,0.7901327759027481,0.796194538474083,0.008891974943690002,0.7818015515804291,0.9972558754682541,354.5076296580064,2300,100,0.12956073984503746
injection,2301,0.01,0.8385045975446701,0.1311066935956478,0.5455861687660217,0.9472276717424393,0.9114871770143509,0.14037810653448105,0.7839265167713165,0.7520234137773514,0.009271413208916784,0.7399895787239075,0.9970630103349686,369.6147560320114,2400,100,0.1311066935956478
injection,2401,0.01,0.8377691209316254,0.1318088422715664,0.54668328166008,0.9450822025537491,0.9077666103839874,0.14047425910830497,0.7759280055761337,0.6570864021778107,0.008665416822768748,0.6462143212556839,0.9972811061143875,384.74307136601965,2500,100,0.1318088422715664
injection,2501,0.01,0.8411912620067596,0.12877055138349533,0.541507214307785,0.9423539340496063,0.90277960896492,0.13839418292045594,0.7755787819623947,0.5639954209327698,0.00962363112019375,0.5545328706502914,0.9969319850206375,399.7436868860241,2600,100,0.12877055138349533
injection,2601,0.01,0.8510434329509735,0.12223069131374359,0.5262276530265808,0.9397610574960709,0.9002355635166168,0.12988000623881818,0.7783879488706589,0.46925122290849686,0.007649314401205629,0.4620639607310295,0.9976090675592423,414.87446045102297,2700,100,0.12223069131374359
injection,2701,0.01,0.8638782054185867,0.11258162744343281,0.5051761344075203,0.9369569718837738,0.8963825702667236,0.1199790932238102,0.7892704159021378,0.3915938138961792,0.007397465188987553,0.3840392529964447,0.9976758009195328,430.0604415630187,2800,100,0.11258162744343281
injection,2801,0.01,0.8754469603300095,0.10269049488008022,0.4847368001937866,0.9342652708292007,0.8930473327636719,0.10992032535374165,0.8025862127542496,0.3090207129716873,0.007229830112773925,0.30223705619573593,0.997714861035347,445.10834394402445,2900,100,0.10269049488008022
injection,2901,0.01,0.8842717260122299,0.0956156674027443,0.468471996486187,0.9318873733282089,0.8904572874307632,0.10303568564355374,0.8098174333572388,0.25389618426561356,0.007420018066186458,0.24706001207232475,0.9976937049627304,460.09873140602576,3000,100,0.0956156674027443
injection,3001,0.01,0.8905254006385803,0.09000614635646344,0.45703551173210144,0.9295441210269928,0.8885153532028198,0.09735725715756416,0.812386155128479,0.186236422508955,0.007351110375020653,0.18040727078914642,0.9976814979314804,475.19612648002294,3100,100,0.09000614635646344
injection,3101,0.01,0.8948322683572769,0.08544631779193879,0.44821880012750626,0.9270606189966202,0.8851157873868942,0.09178587213158608,0.8160228580236435,0.1332557089626789,0.006339554585283622,0.12904443964362144,0.9979777222871781,490.21043057602037,3200,100,0.08544631779193879
injection,3201,0.01,0.8964574038982391,0.08475444450974465,0.4449445381760597,0.9247992634773254,0.8839769661426544,0.0906403511017561,0.8131568729877472,0.11127250082790852,0.0058859064104035495,0.10801578685641289,0.9981648963689804,505.2255674330172,3300,100,0.08475444450974465
injection,3301,0.01,0.9002863466739655,0.08170204222202301,0.4370994418859482,0.9221593141555786,0.8819994479417801,0.0869203382730484,0.8110043853521347,0.09971107728779316,0.005218295645900071,0.09560521505773067,0.9983870625495911,520.1614339960342,3400,100,0.08170204222202301
injection,3401,0.01,0.9146847277879715,0.07110382691025734,0.40636809170246124,0.9187352508306503,0.878370925784111,0.07688801012933254,0.817874863743782,0.07759840786457062,0.005784182739444077,0.07381346449255943,0.9981941932439804,535.1943841160373,3500,100,0.07110382691025734
injection,3501,0.01,0.9352206736803055,0.05548176448792219,0.3565533086657524,0.9154338091611862,0.8755997866392136,0.06108113195747137,0.8386887311935425,0.05429329536855221,0.005599367334507405,0.05012677237391472,0.9982837092876434,550.1258988900463,3600,100,0.05548176448792219
injection,3601,0.01,0.950413778424263,0.04208220846951008,0.313419409096241,0.9131005853414536,0.8715566396713257,0.047315551564097405,0.8606960773468018,0.035028496757149696,0.005233343204017729,0.031606449745595455,0.9983895045518875,565.1197335900561,3700,100,0.04208220846951008
injection,3701,0.01,0.9593217521905899,0.03437122616916895,0.2847486436367035,0.911976546049118,0.8698824495077133,0.03999830059707165,0.8714802414178848,0.021841796347871423,0.00562707435223274,0.01879480993375182,0.9982031428813934,580.2515639910562,3800,100,0.03437122616916895
injection,3801,0.01,0.9659659117460251,0.02908932577818632,0.26106393337249756,0.911338746547699,0.8690293282270432,0.03399153921753168,0.8769704401493073,0.01702805981040001,0.004902213491150178,0.013898940058425069,0.9984342640638352,595.2790199840674,3900,100,0.02908932577818632
injection,3901,0.01,0.9691213518381119,0.026033441927284004,0.24877699837088585,0.9109232276678085,0.8688639253377914,0.03064023319631815,0.8805827498435974,0.014780920930206776,0.004606791171245277,0.01070992206223309,0.9985921394824981,610.3254548670684,4000,100,0.026033441927284004
injection,4001,0.01,0.9719947129487991,0.023635885063558817,0.2370591126382351,0.9105602949857712,0.8687582314014435,0.02897086365148425,0.8835111558437347,0.013095089700073004,0.005334978651953861,0.010575413703918457,0.9982869666814804,625.4532030220726,4100,100,0.023635885063558817
injection,4101,0.01,0.9746796041727066,0.021417984142899513,0.22555041685700417,0.9102939814329147,0.8683079332113266,0.02609620226547122,0.8866888135671616,0.00892037502489984,0.004678218084154651,0.007475612219423056,0.9985481965541839,640.5891693350677,4200,100,0.021417984142899513
injection,4201,0.01,0.9756713509559631,0.0203071060590446,0.22093023359775543,0.9102028161287308,0.8681770414113998,0.02504928197711706,0.8882243633270264,0.009948670747689903,0.004742175826104358,0.007635736605152488,0.9984749561548233,655.6137468560573,4300,100,0.0203071060590446
injection,4301,0.01,0.9768031239509583,0.019568236283957957,0.21577713638544083,0.9101399630308151,0.8683101087808609,0.02396254673600197,0.8892579525709152,0.00859429535921663,0.0043943104066420345,0.006707062944769859,0.9986181825399398,670.6452786540522,4400,100,0.019568236283957957
injection,4401,0.01,0.9773805141448975,0.01893597861751914,0.2130109816789627,0.9100622087717056,0.8680304735898972,0.02388356175273657,0.8901601582765579,0.008037365740165114,0.004947583260363899,0.006636437494307756,0.9983829921483993,685.6108164180678,4500,100,0.01893597861751914
injection,4501,0.01,0.9778565317392349,0.018457651287317276,0.21083630248904228,0.9099466502666473,0.868277370929718,0.023129074163734914,0.8903148323297501,0.007534055155701935,0.004671422857209109,0.006474799942225218,0.9984863477945328,700.5481585280577,4600,100,0.018457651287317276
injection,4601,0.01,0.9778100252151489,0.01817701108753681,0.21086932346224785,0.909834086894989,0.8683072030544281,0.02248156912624836,0.8901081532239914,0.006428276072256267,0.004304558016592637,0.006675983080640435,0.9986133027076721,715.4824017980609,4700,100,0.01817701108753681
injection,4701,0.01,0.9787046611309052,0.01768427487462759,0.2066596895456314,0.9096708744764328,0.867741659283638,0.02190921362489462,0.890821248292923,0.006405842839740217,0.004224938722909428,0.005646559700835496,0.9986279517412185,730.3612501810476,4800,100,0.01768427487462759
injection,4801,0.01,0.9787499010562897,0.01750741381198168,0.2063678614795208,0.9094621539115906,0.8673286736011505,0.022178673278540374,0.8902352601289749,0.005829373374581337,0.004671259496826678,0.0053435530280694366,0.998518899679184,745.3396031790508,4900,100,0.01750741381198168
injection,4901,0.01,0.9792955964803696,0.017158365715295075,0.20368455722928047,0.9092392325401306,0.8670506030321121,0.020932421535253525,0.8906717747449875,0.006300867942627519,0.003774055851972662,0.005537643097341061,0.9988102430105209,760.186248697064,5000,100,0.017158365715295075
injection,5001,0.01,0.9792339652776718,0.01698403412476182,0.20399850606918335,0.9090061336755753,0.86700040102005,0.02122398018836975,0.8905004411935806,0.00525164941791445,0.0042399460927117615,0.0048676233272999525,0.9986002832651139,775.2639084120456,5100,100,0.01698403412476182
injection,5101,0.01,0.980205848813057,0.01664986155927181,0.19920867308974266,0.9087211936712265,0.8664031773805618,0.020667639262974262,0.8902192860841751,0.004703868355136365,0.004017777647241019,0.004621013707946986,0.9986889863014221,790.6167377200563,5200,100,0.01664986155927181
injection,5201,0.01,0.9804531782865524,0.016285106632858516,0.1979488469660282,0.9084214717149734,0.865898534655571,0.019842562042176725,0.8900886923074722,0.004384406143799424,0.003557455410482362,0.004081372753717005,0.9988427937030793,806.0557859000546,5300,100,0.016285106632858516
injection,5301,0.01,0.9807516038417816,0.016020703744143248,0.19638266786932945,0.908072367310524,0.8657530546188354,0.01952843103557825,0.8897404968738556,0.004043409368023276,0.0035077272180933507,0.0033850522595457733,0.9988606971502304,821.0065702180527,5400,100,0.016020703744143248
injection,5401,0.01,0.980952262878418,0.015766252195462585,0.19545474275946617,0.907680407166481,0.8653268963098526,0.019593414664268494,0.8898293972015381,0.004665590531658381,0.0038271624402841553,0.004739565425552428,0.9987776911258698,835.9758958480361,5500,100,0.015766252195462585
injection,5501,0.01,0.9813249558210373,0.015488687753677368,0.19347383081912994,0.9072010666131973,0.8644667565822601,0.019128562416881323,0.8893607258796692,0.0036978627904318273,0.0036398747272323815,0.004239074274664745,0.998808611035347,850.7806137130374,5600,100,0.015488687753677368
injection,5601,0.01,0.9820669293403625,0.014917528629302979,0.1896737702190876,0.9066620618104935,0.8636446893215179,0.018336430182680486,0.8893239945173264,0.0034003432374447584,0.003418901543773245,0.003126441763015464,0.9988891792297363,865.6041646360445,5700,100,0.014917528629302979
injection,5701,0.01,0.9826399236917496,0.014294674638658762,0.18666813522577286,0.9061148017644882,0.8627968728542328,0.017834311276674272,0.8895595967769623,0.0038476194022223353,0.003539636573405005,0.004078665922861546,0.9988240760564804,880.4792285290459,5800,100,0.014294674638658762
injection,5801,0.01,0.9837462902069092,0.013529193261638284,0.18075094372034073,0.9055022597312927,0.8618392050266266,0.01710809032432735,0.8894486278295517,0.0021464459132403135,0.0035788970260182394,0.0023032829631119967,0.9988281458616257,895.3680801610462,5900,100,0.013529193261638284
injection,5901,0.01,0.9847538322210312,0.012682930957525968,0.17513972148299217,0.9049219042062759,0.8606753051280975,0.016179433818906547,0.8904242962598801,0.003299462958239019,0.003496502715279348,0.0032220384455285966,0.9988720899820328,910.14610834005,6000,100,0.012682930957525968
injection,6001,0.01,0.9860851019620895,0.011481531513854861,0.1675052046775818,0.9043816179037094,0.8589616864919662,0.014681529756635427,0.8906553387641907,0.002415948547422886,0.0031999982279376127,0.0033720096689648926,0.9989575344324112,925.0326058020564,6100,100,0.011481531513854861
injection,6101,0.01,0.9867710620164871,0.010783232878893614,0.16332557797431946,0.9038833528757095,0.8573960214853287,0.014515240667387843,0.8920755535364151,0.0035329743986949325,0.0037320078286575153,0.00347593380138278,0.9987736177444458,939.8505615750655,6200,100,0.010783232878893614
injection,6201,0.01,0.9884366393089294,0.009684297740459442,0.15285222604870796,0.9034336507320404,0.8557560443878174,0.012970452439039945,0.892680823802948,0.0028199856751598418,0.0032861546918866225,0.0029652242083102465,0.9989730030298233,954.686525372068,6300,100,0.009684297740459442
injection,6301,0.01,0.9893139451742172,0.008977360585704445,0.14695358276367188,0.9031052589416504,0.8543675988912582,0.012272310899570585,0.8931604325771332,0.0021709056600229815,0.0032949503109557556,0.002916318771895021,0.9989445173740387,969.8270798490703,6400,100,0.008977360585704445
injection,6401,0.01,0.9901757389307022,0.008216602373868226,0.14100046828389168,0.9029289036989212,0.8534849882125854,0.01094735705293715,0.8938329070806503,0.0019925047672586516,0.0027307546808151527,0.002747214341070503,0.9991382026672363,985.1787363410676,6500,100,0.008216602373868226
injection,6501,0.01,0.9908159077167511,0.007756133917719126,0.13633496686816216,0.9027554094791412,0.851899728178978,0.010951284421607851,0.89455746114254,0.0020480545063037425,0.0031951505277538674,0.0026733778649941087,0.9989445191621781,1000.408495804073,6600,100,0.007756133917719126
injection,6601,0.01,0.9913070797920227,0.007113749766722322,0.1325957514345646,0.9026344120502472,0.8501908183097839,0.010230734893120826,0.8950552493333817,0.002061419960227795,0.003116985103406478,0.003115895437076688,0.9990063673257827,1015.588665685078,6700,100,0.007113749766722322
injection,6701,0.01,0.9916526824235916,0.006887655216269195,0.13005517795681953,0.9026075452566147,0.8495016247034073,0.010050206193700433,0.8948992341756821,0.0031332673970609903,0.0031625509477453306,0.0029468941793311387,0.9989949756860733,1030.7497600520674,6800,100,0.006887655216269195
injection,6801,0.01,0.9922512322664261,0.006513522416353226,0.12534345127642155,0.9025890231132507,0.8487695008516312,0.009241229514591396,0.8955452591180801,0.0024154717102646828,0.0027277070749551057,0.0030604651547037065,0.9991105329990387,1045.9338283660709,6900,100,0.006513522416353226
injection,6901,0.01,0.992267444729805,0.0064074521232396365,0.12526264414191246,0.9025400727987289,0.8476920425891876,0.00974940175190568,0.8958034664392471,0.00220013310899958,0.003341949690366164,0.002437306655338034,0.9989388197660446,1061.00681729007,7000,100,0.0064074521232396365
injection,7001,0.01,0.9927472323179245,0.006097758715040982,0.12128011509776115,0.9025356769561768,0.8468128889799118,0.009023906006477773,0.8963814079761505,0.0016149465518537909,0.002926147324615158,0.002026617876254022,0.9990315949916839,1076.0336891330626,7100,100,0.006097758715040982
injection,7101,0.01,0.9931476563215256,0.005906508746556937,0.1179452482610941,0.9026055186986923,0.8463863134384155,0.008771587237715721,0.8967098891735077,0.002052164636552334,0.0028650785039644688,0.0018755537021206692,0.9990551960468292,1091.1347446430573,7200,100,0.005906508746556937
injection,7201,0.01,0.9931262880563736,0.005586239765398205,0.11805397644639015,0.9026302248239517,0.8456582278013229,0.008461916008964182,0.8967470824718475,0.0022675027430523187,0.0028756762167904525,0.002643681538756937,0.999027526974678,1106.1386398880422,7300,100,0.005586239765398205
injection,7301,0.01,0.9931665658950806,0.005490376693196595,0.11772449314594269,0.902712419629097,0.8453225791454315,0.008056078013032675,0.8967615365982056,0.0025479636096861213,0.002565701306448318,0.0030760254885535687,0.9991414594650269,1121.1551099600438,7400,100,0.005490376693196595
injection,7401,0.01,0.9934514760971069,0.0053675779886543755,0.11526873894035816,0.902736485004425,0.8453202992677689,0.008172554215416312,0.8975481390953064,0.0019290031923446804,0.0028049762404407375,0.002500106958905235,0.9990641468763352,1136.2159996750415,7500,100,0.0053675779886543755
injection,7501,0.01,0.9939440488815308,0.005166279738768935,0.11087822914123535,0.9027486741542816,0.8443657606840134,0.007750053550116718,0.897312119603157,0.0031692077027400956,0.00258377380319871,0.002873577264836058,0.9991650593280792,1151.3426852130433,7600,100,0.005166279738768935
injection,7601,0.01,0.9938339442014694,0.005038517382927239,0.11189141124486923,0.9027797430753708,0.8443116992712021,0.007789268945343792,0.8978471606969833,0.002670685775228776,0.002750751571729779,0.0031274320499505848,0.9991080927848816,1166.5410682570418,7700,100,0.005038517382927239
injection,7701,0.01,0.9940751791000366,0.004986008862033486,0.10974154621362686,0.9027883857488632,0.8442544341087341,0.007399515267461538,0.8977958261966705,0.0011219742737011984,0.0024135063894209453,0.0020856237097177655,0.9991911017894745,1181.6828328370411,7800,100,0.004986008862033486
injection,7801,0.01,0.994566023349762,0.004826660128310322,0.1051093190908432,0.9028013497591019,0.8435347974300385,0.007316015418618918,0.8981209099292755,0.0007608962623635307,0.0024893552728462963,0.0013222117850091308,0.9992065626382828,1196.9933758530515,7900,100,0.004826660128310322
injection,7901,0.01,0.9942281395196915,0.004706345009617507,0.10827499255537987,0.9028220027685165,0.842947855591774,0.00719915977679193,0.8982499986886978,0.0012483317404985428,0.0024928147782338783,0.0019112752634100616,0.9992000538110734,1212.2858955840547,8000,100,0.004706345009617507
injection,8001,0.01,0.9945370554924011,0.004543858449906111,0.105371268466115,0.9028600305318832,0.8424396365880966,0.006764907804317773,0.8982142806053162,0.001794613359379582,0.0022210493197781034,0.0020317753951530904,0.9992912006378174,1227.7064154380514,8100,100,0.004543858449906111
injection,8101,0.01,0.9943659752607346,0.004532009959220886,0.10700006410479546,0.9029141068458557,0.8419015258550644,0.00712342687882483,0.8982469141483307,0.0015928870998322964,0.002591416934155859,0.002418597345240414,0.9991707563400268,1243.1222227850412,8200,100,0.004532009959220886
injection,8201,0.01,0.9944608509540558,0.004414484910666943,0.10607396252453327,0.9029014706611633,0.8409799039363861,0.00689637815579772,0.89886774122715,0.0026293311966583133,0.0024818932486232372,0.00276953904540278,0.9991707557439804,1258.4208691890344,8300,100,0.004414484910666943
injection,8301,0.01,0.9947779774665833,0.0042059895745478575,0.1029426883906126,0.9029212594032288,0.8408787548542023,0.006509998538531363,0.8985688984394073,0.0016685338778188452,0.002304008966602851,0.002217430650489405,0.9992635297775269,1273.7558196580321,8400,100,0.0042059895745478575
injection,8401,0.01,0.9947995692491531,0.004303033004980535,0.1026763841509819,0.9028873890638351,0.8400177657604218,0.007265202780254185,0.8980817794799805,0.0023582713038194925,0.0029621697674156165,0.0028809231880586594,0.9990315932035446,1289.0104263150297,8500,100,0.004303033004980535
injection,8501,0.01,0.9952101558446884,0.00405968607403338,0.09872729703783989,0.9028866291046143,0.8392865210771561,0.00626869416795671,0.8985118716955185,0.0009558794845361263,0.0022090081029455177,0.0016621928953099996,0.9992480629682541,1304.3384293400304,8600,100,0.00405968607403338
injection,8601,0.01,0.9950776398181915,0.003936367046553642,0.09995616786181927,0.9029054343700409,0.838583692908287,0.006459465455263853,0.8987793773412704,0.0009914789188769646,0.0025230983941582964,0.002128015155903995,0.9991967964172364,1319.5858113800277,8700,100,0.003936367046553642
injection,8701,0.01,0.9954304546117783,0.003900177958421409,0.09640744887292385,0.9029152393341064,0.8376767039299011,0.006217603210825473,0.8995907753705978,0.0012636682076845318,0.002317425202054437,0.0018631053681019694,0.9992472517490387,1334.7715808650264,8800,100,0.003900177958421409
injection,8801,0.01,0.9954795390367508,0.0038135300762951376,0.095933448523283,0.9029835909605026,0.8383186906576157,0.00606070468435064,0.8991853147745132,0.0011400147341191769,0.00224717461358523,0.0016030861879698932,0.9992651551961899,1350.0350645550243,8900,100,0.0038135300762951376
injection,8901,0.01,0.9955619871616364,0.0037555907876230775,0.09500238113105297,0.9030316472053528,0.8381903618574142,0.005956134686712176,0.8991302251815796,0.0009350159052701201,0.002200543888611719,0.0014709285169374198,0.9992968952655792,1365.3178368160243,9000,100,0.0037555907876230775
injection,9001,0.01,0.9957667887210846,0.003680883306078613,0.09273757971823215,0.9030643701553345,0.8377280980348587,0.0059933212376199665,0.8993525952100754,0.0007139357621781528,0.0023124379632645286,0.0015175260341493413,0.999266784787178,1380.5745546190192,9100,100,0.003680883306078613
injection,9101,0.01,0.9953796714544296,0.0037389305303804576,0.0969172865152359,0.9031185805797577,0.8380049914121628,0.005992297071497887,0.8995520323514938,0.0015178666944848374,0.0022533665505761746,0.0025286170130129904,0.9992684102058411,1395.7159203340216,9200,100,0.0037389305303804576
injection,9201,0.01,0.9958348870277405,0.0035834583197720347,0.09211660362780094,0.9031553417444229,0.837784007191658,0.005717645024415106,0.8996072858572006,0.0010609951277729124,0.0021341867017326877,0.001521945872809738,0.9992944538593292,1410.6540283760169,9300,100,0.0035834583197720347
injection,9301,0.01,0.9959976971149445,0.0035580788273364304,0.09021967090666294,0.9032187610864639,0.8376273661851883,0.005511212598066777,0.8997168391942978,0.0009007622211356647,0.0019531337975058705,0.001476935896789655,0.9993685066699982,1425.6198931630042,9400,100,0.0035580788273364304
injection,9401,0.01,0.9959070086479187,0.0034229305083863437,0.09123571775853634,0.9033143669366837,0.8378975540399551,0.005352067763451487,0.9000044614076614,0.0011466992946225218,0.0019291372678708284,0.0019126439583487809,0.9993611842393875,1440.5940429890015,9500,100,0.0034229305083863437
injection,9501,0.01,0.9958378076553345,0.0034225175227038562,0.09206460788846016,0.9033917486667633,0.8374322652816772,0.005503549790009856,0.9002092927694321,0.0018157430313294753,0.0020810322352917865,0.0025415431009605527,0.9993172401189804,1455.6557461619996,9600,100,0.0034225175227038562
injection,9601,0.01,0.996166542172432,0.0034277520794421435,0.08837664499878883,0.903461366891861,0.8375170230865479,0.005636794625315815,0.9001450538635254,0.0004904690067633055,0.0022090425722126384,0.0011643401230685413,0.9992480659484864,1470.8414002099944,9700,100,0.0034277520794421435
injection,9701,0.01,0.9962978959083557,0.0032633710186928512,0.08692182786762714,0.9034882336854935,0.8366779536008835,0.005465150873642415,0.9005773961544037,0.0005173884819669183,0.0022017798441811465,0.0011291854898445308,0.9993017780780792,1486.0048376539853,9800,100,0.0032633710186928512
injection,9801,0.01,0.995782271027565,0.003362312705721706,0.09260423295199871,0.9034831672906876,0.8354962170124054,0.005774642829783261,0.9002279788255692,0.002253924438264221,0.002412330132938223,0.003301873162854463,0.9992269051074981,1501.148165928982,9900,100,0.003362312705721706
injection,9901,0.01,0.9960676580667496,0.0032067230762913824,0.08952645771205425,0.9035315066576004,0.8356050401926041,0.005279112381394953,0.9005515724420547,0.0015226990799419582,0.0020723893235845025,0.002161388605600223,0.9993204945325851,1516.1539270529847,10000,100,0.0032067230762913824
baseline,1,0.0,0.9871561825275421,0.03353730537928641,0.16253703832626343,0.999269649386406,0.17628031224012375,3.8258150744438173,1.0098554193973541,4.36702299118042,3.7922777795791625,0.27049996331334114,0.09783691650256515,16.739366961999735,100,100,0.03353730537928641
baseline,101,0.0,0.9495663493871689,0.037470830287784335,0.2937450595200062,0.9989559948444366,0.3628046475350857,3.6308930993080137,0.995821014046669,4.358875513076782,3.593422269821167,0.4194849245250225,0.13906250447034835,31.689396141999623,200,100,0.037470830287784335
baseline,201,0.0,0.9430070072412491,0.04562772773206234,0.30838507413864136,0.9986360371112823,0.4605124369263649,3.458852081298828,0.9765480011701584,4.241245269775391,3.4132243490219114,0.500079520046711,0.18279053270816803,46.58989176199964,300,100,0.04562772773206234
baseline,301,0.0,0.9487460851669312,0.03736885454505682,0.28536907583475113,0.9982439130544662,0.4827941879630089,3.443724615573883,0.972304105758667,4.165030598640442,3.4063557624816894,0.43639904260635376,0.1834285531938076,61.724619285999324,400,100,0.03736885454505682
baseline,401,0.0,0.947453573346138,0.035927689373493193,0.2830207645893097,0.9979355931282043,0.5187259465456009,3.440846815109253,0.9643399119377136,4.13137948513031,3.4049191308021545,0.40977516025304794,0.18347575321793555,76.61302139099814,500,100,0.035927689373493193
baseline,501,0.0,0.94500333070755,0.03634076558053494,0.2851411923766136,0.9977095723152161,0.5317758619785309,3.439532284736633,0.964772030711174,4.119953393936157,3.4031915187835695,0.3972867727279663,0.18381103992462158,91.64433191899764,600,100,0.03634076558053494
baseline,601,0.0,0.9283871501684189,0.04260992377996445,0.32176800072193146,0.9975994378328323,0.5672148615121841,3.417393786907196,0.9542601108551025,4.125069260597229,3.3747838640213015,0.43742962181568146,0.18741455554962158,106.4799953709977,700,100,0.04260992377996445
baseline,701,0.0,0.592978723347187,0.19161146257072686,0.7075885608792305,0.998042955994606,0.8239191770553589,2.762506102323532,0.6920017898082733,4.1633607149124146,2.5708946418762206,1.4834708869457245,0.3068359461426735,121.4702005849989,800,100,0.19161146257072686
baseline,801,0.0,0.13408082723617554,0.42627849310636523,1.0063699781894684,1.0014652162790298,0.9893780201673508,0.9778224337100982,0.31838684529066086,4.1919025182724,0.5515439373254776,3.4287334084510803,0.8248340028524399,136.2873267470003,900,100,0.42627849310636523
baseline,901,0.0,0.15870585665106773,0.42375185668468474,0.9936346560716629,1.0056120455265045,0.9911644905805588,0.5440122574567795,0.2905481532216072,4.076456308364868,0.12026040274649859,3.8896247148513794,0.9632267451286316,151.17217862900054,1000,100,0.42375185668468474
baseline,1001,0.0,0.2071860246360302,0.4150659871101379,0.97780542075634,1.0077238976955414,0.991347149014473,0.475288388133049,0.2744610831141472,3.9328418374061584,0.06022239994257689,3.8351545333862305,0.9810221552848816,166.31145832300115,1100,100,0.4150659871101379
baseline,1101,0.0,0.2770768031477928,0.4026832923293114,0.9578799605369568,1.0071504414081573,0.9894914776086807,0.43999481230974197,0.2785700783133507,3.708436071872711,0.037311519179493186,3.64851051568985,0.988463562130928,181.45484642600206,1200,100,0.4026832923293114
baseline,1201,0.0,0.3707427307963371,0.3822222605347633,0.9283500611782074,1.0037225186824799,0.9844215363264084,0.40837586879730225,0.3019558936357498,3.395468771457672,0.02615360773168504,3.350309729576111,0.9919995337724685,196.3548994840022,1300,100,0.3822222605347633
baseline,1301,0.0,0.45390671491622925,0.35594561755657195,0.8942547142505646,0.9980945885181427,0.9768678098917007,0.3771988555788994,0.3570401817560196,3.044802486896515,0.021253237538039683,3.0038591623306274,0.993611673116684,211.0900435010011,1400,100,0.35594561755657195
baseline,1401,0.0,0.5187762975692749,0.32922129303216935,0.8605758249759674,0.9916147738695145,0.9699775725603104,0.3462300983071327,0.40929827839136124,2.6673008799552917,0.017008804683573544,2.6370832324028015,0.9949227076768875,225.86848783100288,1500,100,0.32922129303216935
baseline,1501,0.0,0.5673586130142212,0.3060924908518791,0.8295988291501999,0.9851249158382416,0.9631277024745941,0.3228791818022728,0.4500444158911705,2.335736095905304,0.016786691569723188,2.3030450344085693,0.9949275928735734,240.84262724200278,1600,100,0.3060924908518791
baseline,1601,0.0,0.6214832216501236,0.28066315114498136,0.7925884574651718,0.9784334897994995,0.9545321464538574,0.29585942298173906,0.47728604823350906,2.077516049146652,0.015196272623725235,2.0496865808963776,0.9954565632343292,256.1132486530031,1700,100,0.28066315114498136
baseline,1701,0.0,0.6985689401626587,0.24193527564406395,0.7307314425706863,0.9712786376476288,0.9454451650381088,0.25376390159130097,0.5334271490573883,1.808137834072113,0.011828625602647662,1.784836083650589,0.9966813349723815,271.14140460300393,1800,100,0.24193527564406395
baseline,1801,0.0,0.7659836858510971,0.19914543256163597,0.6587092131376266,0.9646512269973755,0.9385737478733063,0.21064331114292145,0.614636093378067,1.494132399559021,0.011497878334484995,1.4710361957550049,0.9967057490348816,285.9917634680029,1900,100,0.19914543256163597
baseline,1901,0.0,0.8157517910003662,0.15968949645757674,0.5900942981243134,0.9583051949739456,0.9302810579538345,0.17052101597189903,0.6978687644004822,1.2145643532276154,0.010831519644707441,1.1954782903194427,0.9968847852945327,301.08273808000365,2000,100,0.15968949645757674
baseline,2001,0.0,0.8418179005384445,0.13583485871553422,0.5454455316066742,0.9533862173557281,0.9229048639535904,0.14681671187281609,0.7602895349264145,0.9956256300210953,0.010981852165423333,0.9773195683956146,0.9966365742683411,315.95181792000324,2100,100,0.13583485871553422
baseline,2101,0.0,0.8462487608194351,0.1273733325302601,0.5348478257656097,0.950555607676506,0.9169186055660248,0.13744551435112953,0.7905373275279999,0.8781848847866058,0.01007218262180686,0.8652639836072922,0.996978372335434,330.97899865200077,2200,100,0.1273733325302601
baseline,2201,0.0,0.8397602587938309,0.13086552649736405,0.543809249997139,0.9488408118486404,0.9118588715791702,0.14060260698199273,0.7901609838008881,0.8122398108243942,0.009737081166822464,0.7988949865102768,0.9970060437917709,345.9052488220003,2300,100,0.13086552649736405
baseline,2301,0.0,0.8353575766086578,0.13438830271363258,0.5503359287977219,0.9473053961992264,0.9102810025215149,0.14373622894287108,0.7803466022014618,0.7476518303155899,0.009347926452755928,0.7366533726453781,0.997085794210434,360.8983333469988,2400,100,0.13438830271363258
baseline,2401,0.0,0.8324275761842728,0.1346966055035591,0.5549401193857193,0.9450431913137436,0.9070986211299896,0.14373363316059112,0.7691164463758469,0.6817423552274704,0.009037027452141046,0.6677965968847275,0.9971655482053756,375.73114584699977,2500,100,0.1346966055035591
baseline,2501,0.0,0.8395590633153915,0.13073281958699226,0.5443117022514343,0.9422038495540619,0.9033347368240356,0.13947191819548607,0.7672023624181747,0.5566829890012741,0.008739099139347672,0.5481174513697624,0.9972941309213639,390.7129926199997,2600,100,0.13073281958699226
baseline,2601,0.0,0.8543769866228104,0.11929716281592846,0.5210936069488525,0.9386248737573624,0.8982774615287781,0.12660019733011724,0.7784348875284195,0.4428204447031021,0.007303034400101751,0.4344070851802826,0.9977400922775268,405.59264032199906,2700,100,0.11929716281592846
baseline,2701,0.0,0.8703614473342896,0.10672426320612431,0.49369168281555176,0.9355313330888748,0.8941287994384766,0.11446717642247677,0.7991897612810135,0.36857305467128754,0.00774291300913319,0.3591153770685196,0.9975423383712768,420.66045614200027,2800,100,0.10672426320612431
baseline,2801,0.0,0.8791627734899521,0.09867379993200302,0.47763510048389435,0.9332103878259659,0.8914906084537506,0.10629452668130397,0.8106483370065689,0.3049672916531563,0.007620726709719747,0.2977032735943794,0.9975634968280792,435.6820536620004,2900,100,0.09867379993200302
baseline,2901,0.0,0.885442852973938,0.09459273494780064,0.4662434831261635,0.9312237650156021,0.8896156847476959,0.10219907537102699,0.8113404363393784,0.24752730131149292,0.007606340212514624,0.24087249860167503,0.9975911647081375,450.72242575700113,3000,100,0.09459273494780064
baseline,3001,0.0,0.8928914964199066,0.088878658041358,0.45215940475463867,0.9288874864578247,0.8882862031459808,0.09554680474102498,0.8141417652368546,0.17649435624480247,0.006668146908050403,0.17093465104699135,0.9978410035371781,465.8169646829998,3100,100,0.088878658041358
baseline,3101,0.0,0.8954869359731674,0.08541894108057022,0.4467930272221565,0.9265836924314499,0.885966882109642,0.09223013773560523,0.8167537599802017,0.13270777091383934,0.006811196678318083,0.12737761810421944,0.9977734583616257,480.8088226199985,3200,100,0.08541894108057022
baseline,3201,0.0,0.8965536057949066,0.08428534716367722,0.4444964751601219,0.9243101477622986,0.8838373422622681,0.08998981669545174,0.8145673424005508,0.10898751951754093,0.005704469543416053,0.10434999689459801,0.9982812714576721,495.7665859439984,3300,100,0.08428534716367722
baseline,3301,0.0,0.9011614620685577,0.08118506491184235,0.435006819665432,0.9218697249889374,0.8820516914129257,0.08733680494129657,0.8138532042503357,0.09822752512991428,0.006151740086497739,0.09410828910768032,0.998084329366684,510.8223493119982,3400,100,0.08118506491184235
baseline,3401,0.0,0.9119563698768616,0.07286484979093075,0.4122510850429535,0.9190072268247604,0.8800833523273468,0.07841274224221706,0.8175351023674011,0.07861925102770329,0.005547892284812406,0.07515228912234306,0.9982682520151138,525.8452093259983,3500,100,0.07286484979093075
baseline,3501,0.0,0.9302097856998444,0.059472429268062114,0.3692817986011505,0.9157446473836899,0.8768512606620789,0.06485559482127429,0.8334362655878067,0.05086247529834509,0.005383165569510311,0.048167903907597065,0.9983724170923233,540.6470280089965,3600,100,0.059472429268062114
baseline,3601,0.0,0.9470449984073639,0.04509972032159567,0.323548786342144,0.9129354953765869,0.8731247037649155,0.05090483348816633,0.8547743409872055,0.04084005020558834,0.0058051132562104615,0.035696566104888916,0.9981974494457245,555.564903033997,3700,100,0.04509972032159567
baseline,3701,0.0,0.9576950669288635,0.03572455465793609,0.2902017906308174,0.9114646464586258,0.8716730326414108,0.04087001267820597,0.867370992898941,0.026070380583405495,0.00514545796206221,0.022608274593949318,0.9984017115831375,570.3770874149976,3800,100,0.03572455465793609
baseline,3801,0.0,0.9645103961229324,0.029897022042423487,0.26649635285139084,0.9106693416833878,0.8704803138971329,0.035073545202612876,0.8751264959573746,0.017621317179873586,0.0051765232463367285,0.014324852731078863,0.9984285664558411,585.3618682259988,3900,100,0.029897022042423487
baseline,3901,0.0,0.9683524817228317,0.026540359128266574,0.25175436958670616,0.9101674556732178,0.8698925822973251,0.031366801168769595,0.8795164525508881,0.012550343992188573,0.004826442120829597,0.011003786465153098,0.9984741401672363,600.2492236699992,4000,100,0.026540359128266574
baseline,4001,0.0,0.9711799770593643,0.02422864057123661,0.2403685823082924,0.9098535776138306,0.870036169886589,0.028721451833844183,0.8822939991950989,0.010863230796530843,0.0044928112870547925,0.00932937185280025,0.9985978406667709,615.228755622,4100,100,0.02422864057123661
baseline,4101,0.0,0.9730550348758698,0.022645957712084056,0.23243262618780136,0.9096151292324066,0.8693435937166214,0.027434088587760926,0.8851894289255142,0.008797856979072094,0.004788130922242999,0.007743874914012849,0.9985091358423233,630.1275325359992,4200,100,0.022645957712084056
baseline,4201,0.0,0.9738952815532684,0.021564612090587618,0.22874163836240768,0.9094534814357758,0.8691214025020599,0.02676880605518818,0.8858772665262222,0.010052764671854675,0.005204194068210199,0.009010014706291258,0.9983187055587769,645.0758234929993,4300,100,0.021564612090587618
baseline,4301,0.0,0.9750346392393112,0.020760688576847316,0.22377172112464905,0.9093178808689117,0.8684457391500473,0.025935299005359413,0.886814296245575,0.007471914286725223,0.0051746103254845365,0.006556578795425594,0.9983716040849686,659.9043969060009,4400,100,0.020760688576847316
baseline,4401,0.0,0.9760729521512985,0.019916684739291667,0.21905655413866043,0.9092016220092773,0.8682807832956314,0.024061186984181405,0.8874340802431107,0.007271415088325739,0.004144502163399011,0.006125538900960237,0.9986718946695328,674.6067892000002,4500,100,0.019916684739291667
baseline,4501,0.0,0.9765360504388809,0.01958518799394369,0.2168652005493641,0.9090714603662491,0.8676785975694656,0.02433470506221056,0.8879180699586868,0.007472848170436919,0.004749517150921747,0.006422147620469332,0.9984912294149398,689.6630756789995,4600,100,0.01958518799394369
baseline,4601,0.0,0.9766569882631302,0.019122357200831174,0.21622534841299057,0.9089401364326477,0.8678397089242935,0.023414040952920913,0.8881241977214813,0.007876081159338355,0.004291683742776513,0.006898678955622017,0.9986189955472946,704.536817285,4700,100,0.019122357200831174
baseline,4701,0.0,0.977423831820488,0.018804168794304132,0.21259699389338493,0.9087541550397873,0.8670095652341843,0.022808633018285035,0.8880072385072708,0.005221435916610062,0.004004464285098947,0.00489306915551424,0.9987272322177887,719.5107532039998,4800,100,0.018804168794304132
baseline,4801,0.0,0.9774918705224991,0.018601581212133168,0.21225513890385628,0.9085148721933365,0.8659065216779709,0.023025207370519638,0.8880321383476257,0.006822897703386843,0.004423626090865582,0.006929835653863847,0.9985766816139221,734.5857132469981,4900,100,0.018601581212133168
baseline,4901,0.0,0.9782278388738632,0.01809818862006068,0.20878978818655014,0.9081689715385437,0.8654797971248627,0.022396815214306115,0.8882049024105072,0.006295404164120555,0.004298626502859406,0.004866370698437095,0.9986010932922363,749.7342532719975,5000,100,0.01809818862006068
baseline,5001,0.0,0.978508859872818,0.01786318637430668,0.2074369713664055,0.9078577607870102,0.8648749440908432,0.021824411191046236,0.8876352906227112,0.005030404776334763,0.003961224799859338,0.0039791526505723596,0.9987426954507828,764.6158818249972,5100,100,0.01786318637430668
baseline,5101,0.0,0.978547140955925,0.017735005859285592,0.20724022760987282,0.9075035452842712,0.8650567829608917,0.02172518990933895,0.8873729556798935,0.004686904896516353,0.003990184111753479,0.004366522538475692,0.9987150287628174,779.5395785679981,5200,100,0.017735005859285592
baseline,5201,0.0,0.9787714928388596,0.01748385464772582,0.20612840354442596,0.907068595290184,0.8640780597925186,0.02114494990557432,0.8869079053401947,0.005467972543556243,0.0036610953020863235,0.00500194588676095,0.9987915235757828,794.3593857469965,5300,100,0.01748385464772582
baseline,5301,0.0,0.9791859090328217,0.01699706297367811,0.2041921354830265,0.906511977314949,0.8632925003767014,0.02025395095348358,0.8866003155708313,0.004162142227869481,0.0032568879291648045,0.004016364866402,0.9989355665445327,809.7165061909974,5400,100,0.01699706297367811
baseline,5401,0.0,0.9797376990318298,0.01654835281893611,0.20154810324311256,0.9059187769889832,0.8622100055217743,0.02068465741351247,0.8865738362073898,0.005251652677543461,0.004136304577696137,0.005210573901422322,0.9986133027076721,825.0974439219962,5500,100,0.01654835281893611
baseline,5501,0.0,0.981379508972168,0.015405862480401994,0.1933177374303341,0.9053315818309784,0.8612329512834549,0.018653674265369773,0.8873977810144424,0.0026525697321631014,0.0032478118417202497,0.0030801680986769497,0.9989559125900268,840.1225706319962,5600,100,0.015405862480401994
baseline,5601,0.0,0.9824212193489075,0.014612439554184675,0.1879650466144085,0.9047601372003555,0.8598805814981461,0.018506037527695297,0.8873062133789062,0.003487486159428954,0.0038935980037786066,0.00398837449029088,0.9986954951286315,855.1664541819972,5700,100,0.014612439554184675
baseline,5701,0.0,0.9837462157011032,0.013518547685816885,0.18077107891440392,0.9042049795389175,0.8590430617332458,0.01694689080119133,0.8882024586200714,0.0038699109572917223,0.003428343150881119,0.004575669241603464,0.998846048116684,870.1137236059973,5800,100,0.013518547685816885
baseline,5801,0.0,0.9850526005029678,0.012489240001887083,0.17350343987345695,0.9036464542150497,0.8573780953884125,0.01592815574258566,0.8891048580408096,0.002898908918723464,0.0034389157552504913,0.0031179998768493533,0.9989111560583115,885.2777144639978,5900,100,0.012489240001887083
baseline,5901,0.0,0.9861945360898972,0.01140994087792933,0.16688024252653122,0.9031688719987869,0.8556245714426041,0.015129099218174815,0.88960400223732,0.0036883401917293668,0.0037191583483945577,0.004048387054353952,0.9987703669071197,900.2404026559988,6000,100,0.01140994087792933
baseline,6001,0.0,0.9875982254743576,0.010475204735994339,0.15829380974173546,0.9027606099843979,0.8542868345975876,0.01388047863729298,0.8900165408849716,0.0034630219743121415,0.00340527388791088,0.0036152753746137023,0.9988891804218292,915.3601890929975,6100,100,0.010475204735994339
baseline,6101,0.0,0.9886262863874435,0.009567119395360351,0.1516868658363819,0.9024465978145599,0.8530740588903427,0.012673850674182176,0.8917048126459122,0.0018091714882757515,0.0031067313009407373,0.0022260132536757737,0.999004738330841,930.4244831379971,6200,100,0.009567119395360351
baseline,6201,0.0,0.9893723726272583,0.009007794205099345,0.14661762490868568,0.9022467583417892,0.8522654175758362,0.012219096086919307,0.8923128694295883,0.002238816930912435,0.0032113018512609417,0.002895462472224608,0.9989494037628174,945.6448824509968,6300,100,0.009007794205099345
baseline,6301,0.0,0.98965784907341,0.008482462484389544,0.1445741392672062,0.9020638465881348,0.8506050407886505,0.011609278731048106,0.8926068693399429,0.002516156295314431,0.0031268162466585635,0.0030937107803765684,0.9989664906263351,960.6297477419968,6400,100,0.008482462484389544
baseline,6401,0.0,0.9902194738388062,0.008087050807662309,0.1406918540596962,0.9019957631826401,0.8502484411001205,0.01106596913188696,0.892725944519043,0.0014014194312039763,0.0029789183096727355,0.0018726304988376796,0.9990250831842422,975.8358828439963,6500,100,0.008087050807662309
baseline,6501,0.0,0.9906974285840988,0.007694963593967259,0.13723979145288467,0.901882529258728,0.8486596941947937,0.011158042810857296,0.8936336785554886,0.003025475307367742,0.0034630792116513475,0.004296454251743853,0.9988411676883697,990.960173186996,6600,100,0.007694963593967259
baseline,6601,0.0,0.9913716912269592,0.007195488405413925,0.13224739581346512,0.901836708188057,0.8483853787183762,0.010034852311946452,0.8938781023025513,0.0021942142338957638,0.0028393638695706613,0.0026852959708776325,0.9990698438882828,1006.046851932998,6700,100,0.007195488405413925
baseline,6701,0.0,0.9916035532951355,0.006952701923437416,0.13037282973527908,0.9018620401620865,0.8475696742534637,0.009951375364325941,0.8942656219005585,0.001565912360092625,0.002998673458932899,0.0022274885268416256,0.9990446144342422,1021.089559431998,6800,100,0.006952701923437416
baseline,6801,0.0,0.9918302893638611,0.006687535331584513,0.12880408391356468,0.9018293619155884,0.8468377143144608,0.009608226609416307,0.8954610079526901,0.001550077140564099,0.002920691237668507,0.0020667151256930083,0.9990665912628174,1036.1170311499986,6900,100,0.006687535331584513
baseline,6901,0.0,0.9922932386398315,0.006408351310528815,0.1250894870609045,0.9017804861068726,0.8457879573106766,0.009449752536602319,0.8951556831598282,0.002258901746245101,0.003041401252266951,0.002765315235592425,0.9990259003639221,1051.115787342999,7000,100,0.006408351310528815
baseline,7001,0.0,0.9926749169826508,0.006174472356215119,0.12192021310329437,0.9017602950334549,0.8447346836328506,0.008732201703824103,0.8956564217805862,0.002574567450210452,0.00255772934819106,0.0023724603233858943,0.9991447132825851,1066.2322876169994,7100,100,0.006174472356215119
baseline,7101,0.0,0.992927297949791,0.006036263317801058,0.11976763047277927,0.9017709940671921,0.8434473872184753,0.0087529564416036,0.8951987326145172,0.00239715316274669,0.0027166931383544577,0.0028382820601109415,0.9991097187995911,1081.6161197329986,7200,100,0.006036263317801058
baseline,7201,0.0,0.9926414787769318,0.005940470844507217,0.12216431088745594,0.9017587006092072,0.8424818366765976,0.009079413190484047,0.895251452922821,0.00200086273252964,0.0031389423308428375,0.002977381955133751,0.9989933466911316,1096.8031085210007,7300,100,0.005940470844507217
baseline,7301,0.0,0.993136927485466,0.005522047793492675,0.11801628582179546,0.9017602801322937,0.8415456265211105,0.00823502707760781,0.8962961435317993,0.0028275175718590617,0.0027129792618507055,0.0030737388879060745,0.9991382020711899,1111.9778358050032,7400,100,0.005522047793492675
baseline,7401,0.0,0.9933815002441406,0.005362352295778691,0.11591898836195469,0.9017919152975082,0.840480849146843,0.00796144949272275,0.8963274657726288,0.0025018150045070797,0.0025990971751161853,0.003103860712144524,0.9991455245018005,1127.2499728220012,7500,100,0.005362352295778691
baseline,7501,0.0,0.9936942011117935,0.0052750468533486125,0.11314264126121998,0.9018574208021164,0.8405337482690811,0.007697580680251122,0.896878570318222,0.0018750055096461438,0.0024225338266114704,0.0025606078561395407,0.9992350465059281,1142.528688723001,7600,100,0.0052750468533486125
baseline,7601,0.0,0.9937645047903061,0.00520155911333859,0.11253826878964901,0.9019223749637604,0.8401597291231155,0.00795725868549198,0.8966212570667267,0.0014259965100791305,0.002755699559056666,0.0021360708051361144,0.9990910041332245,1157.991417599001,7700,100,0.00520155911333859
baseline,7701,0.0,0.9938328564167023,0.004932998651638627,0.11189457960426807,0.9019839614629745,0.8398185223340988,0.007305551916360855,0.8971445858478546,0.001966119249118492,0.0023725532174285035,0.0027858949033543468,0.9992317879199981,1173.2975457660048,7800,100,0.004932998651638627
baseline,7801,0.0,0.9940601140260696,0.00495238030795008,0.10980734042823315,0.9019904136657715,0.8384175002574921,0.007494134288281202,0.8968448340892792,0.0014772268186789006,0.002541753981204238,0.0022964132367633283,0.999172385931015,1188.579296944007,7900,100,0.00495238030795008
baseline,7901,0.0,0.9940528273582458,0.004869135804474354,0.10994311794638634,0.9020242094993591,0.8379190415143967,0.00748974995687604,0.8971550911664963,0.002109552107867785,0.002620614163170103,0.0024480549327563494,0.9991658753156663,1203.8577039580066,8000,100,0.004869135804474354
baseline,8001,0.0,0.9944198876619339,0.0046583441644907,0.10658827051520348,0.9020787328481674,0.8379646986722946,0.007109778132289648,0.8971012830734253,0.0010044587979791686,0.002451433987298515,0.0019511046120896935,0.9991731959581375,1219.0570117310056,8100,100,0.0046583441644907
baseline,8101,0.0,0.9942958652973175,0.004598293295130134,0.1077431458979845,0.9021290242671967,0.8372652977705002,0.006915476401336491,0.8975908160209656,0.0019358326971996576,0.002317183075356297,0.002883266133721918,0.9992366760969162,1234.6396223940017,8200,100,0.004598293295130134
baseline,8201,0.0,0.9945627748966217,0.00447489314712584,0.10510454326868057,0.9021603316068649,0.836628794670105,0.006732935640029609,0.8976641446352005,0.000989098203717731,0.0022580424672923984,0.0014995470992289484,0.9992692267894745,1250.1235194590042,8300,100,0.00447489314712584
baseline,8301,0.0,0.9946626126766205,0.004400647038128227,0.10412769019603729,0.9022069573402405,0.8366709351539612,0.006744350702501833,0.8978198766708374,0.0016123982495628297,0.002343703674268909,0.002885767666157335,0.9992187702655793,1265.440048159008,8400,100,0.004400647038128227
baseline,8401,0.0,0.9948674440383911,0.004244824491906911,0.10220813192427158,0.902226984500885,0.835912212729454,0.006345729241147637,0.8976535201072693,0.0016062615177361295,0.0021009047841653227,0.0026165079907514155,0.9993286317586899,1280.858439832006,8500,100,0.004244824491906911
baseline,8501,0.0,0.9948599934577942,0.004283598077017814,0.10224180668592453,0.9022472649812698,0.8352443724870682,0.006819035480730235,0.8980133831501007,0.0019811674574157223,0.0025354373885784296,0.0026311691908631474,0.9991902846097946,1296.024356979007,8600,100,0.004283598077017814
baseline,8601,0.0,0.9950120002031326,0.0040550650493241846,0.10068625584244728,0.9022631496191025,0.8341645151376724,0.006388754162471742,0.8985070288181305,0.0013221285262261517,0.002333689133520238,0.001960110676009208,0.9992130732536316,1311.2911281180075,8700,100,0.0040550650493241846
baseline,8701,0.0,0.9950713217258453,0.004038953455165029,0.10004223510622978,0.902289867401123,0.8339978158473969,0.006346325678750872,0.8980896770954132,0.0015688415878685191,0.0023073721928813028,0.0023771365667926148,0.9992619013786316,1326.644009171004,8800,100,0.004038953455165029
baseline,8801,0.0,0.9951111227273941,0.003913988566491753,0.09971343353390694,0.9023429155349731,0.8337661623954773,0.005966337504796684,0.8984055519104004,0.00256118003744632,0.0020523489337938372,0.0035599436960183084,0.9993204951286316,1341.8251512270042,8900,100,0.003913988566491753
baseline,8901,0.0,0.9952044486999512,0.003955050893127918,0.09873677603900433,0.902359813451767,0.8325571566820145,0.006238943352364004,0.8984510153532028,0.0008286073716590181,0.0022838924804818818,0.001457697682781145,0.9992619007825851,1357.1423483570036,9000,100,0.003955050893127918
baseline,9001,0.0,0.9952928274869919,0.0038253898615948855,0.09773166663944721,0.9023819118738174,0.8316869735717773,0.00613716860068962,0.8982222378253937,0.001390752091538161,0.0023117787466617303,0.0023449088621418923,0.9992269068956375,1372.3305705860055,9100,100,0.0038253898615948855
baseline,9101,0.0,0.9954005777835846,0.003741961058694869,0.09671621769666672,0.9023946821689606,0.8305253386497498,0.00615848993184045,0.8987811058759689,0.002337005571462214,0.0024165288946824148,0.0028430867823772132,0.9992228400707245,1387.6754658320076,9200,100,0.003741961058694869
baseline,9201,0.0,0.9957151859998703,0.0036787477787584067,0.09342404827475548,0.9024388939142227,0.8306168615818024,0.005784512020181864,0.8989775031805038,0.0011014771152986214,0.0021057642679079436,0.001615592191228643,0.999283059835434,1402.8891076820066,9300,100,0.0036787477787584067
baseline,9301,0.0,0.995665654540062,0.003601772014517337,0.09397752210497856,0.9025073945522308,0.8303100168704987,0.005778178079053759,0.8989667892456055,0.0007757782805128954,0.0021764060435816644,0.0013990693114465103,0.9992952662706375,1418.2453901340066,9400,100,0.003601772014517337
baseline,9401,0.0,0.9956770688295364,0.003568395455367863,0.0937633328139782,0.9025906920433044,0.8304785043001175,0.005616195790935308,0.8989459872245789,0.0008313234502566047,0.002047800342552364,0.0013410125393420458,0.9993392109870911,1433.4751984430088,9500,100,0.003568395455367863
baseline,9501,0.0,0.9957810789346695,0.0035371876182034613,0.0927148275077343,0.902638629078865,0.8299651145935059,0.005823280727490783,0.8989468961954117,0.0009813277356442995,0.0022860930996830577,0.0015286904672393575,0.9992187702655793,1448.6917118390077,9600,100,0.0035371876182034613
baseline,9601,0.0,0.995868369936943,0.0034194174152798952,0.09171286597847939,0.9026923775672913,0.8298666477203369,0.005394727322272957,0.8991726487874985,0.0013552531891036779,0.0019753099109220784,0.0016944785311352462,0.9993440955877304,1463.875632928007,9700,100,0.0034194174152798952
baseline,9701,0.0,0.995875895023346,0.003394807050935924,0.09158248268067837,0.9027283638715744,0.8292447179555893,0.0055052290251478555,0.8996032327413559,0.0014986687165219337,0.002110422007390298,0.001967836928088218,0.9993261951208114,1479.0856154800097,9800,100,0.003394807050935924
baseline,9801,0.0,0.9959156662225723,0.003430070874746889,0.09115276485681534,0.9027375429868698,0.8284642696380615,0.005621441975235939,0.899194523692131,0.0012698659702436998,0.0021913710777880626,0.00235006315051578,0.9992610859870911,1494.5669955270075,9900,100,0.003430070874746889
baseline,9901,0.0,0.9960335195064545,0.0033634968311525883,0.089695755392313,0.9027819633483887,0.8278945237398148,0.005495692936237901,0.8998352289199829,0.002018231614783872,0.0021321961026114877,0.002271390869282186,0.9993009662628174,1510.0180769880074,10000,100,0.0033634968311525883
