seed,update,fp32_native_ce,bf16_native_ce,bf16_minus_fp32_ce
7500,1,3.331298351287842,3.332096815109253,0.0007984638214111328
7500,2,2.951449155807495,2.950843334197998,-0.0006058216094970703
7500,3,2.7800025939941406,2.7798686027526855,-0.00013399124145507812
7500,4,2.665851593017578,2.665815830230713,-3.5762786865234375e-05
7500,5,2.7003800868988037,2.7009363174438477,0.0005562305450439453
7500,6,2.7004528045654297,2.7008635997772217,0.0004107952117919922
7500,7,2.6666419506073,2.666903018951416,0.00026106834411621094
7500,8,2.6501452922821045,2.6503500938415527,0.0002048015594482422
7500,9,2.651256799697876,2.6513173580169678,6.0558319091796875e-05
7500,10,2.6631040573120117,2.6632192134857178,0.00011515617370605469
7500,11,2.655942440032959,2.6563901901245117,0.0004477500915527344
7500,12,2.6506996154785156,2.6510813236236572,0.00038170814514160156
7500,13,2.6407229900360107,2.6407265663146973,3.5762786865234375e-06
7500,14,2.644192695617676,2.6441116333007812,-8.106231689453125e-05
7500,15,2.6451215744018555,2.6452889442443848,0.00016736984252929688
7500,16,2.6490206718444824,2.649409294128418,0.0003886222839355469
7500,17,2.649357318878174,2.6496076583862305,0.0002503395080566406
7500,18,2.6437671184539795,2.643876552581787,0.00010943412780761719
7500,19,2.641289234161377,2.641282081604004,-7.152557373046875e-06
7500,20,2.6415793895721436,2.641756534576416,0.00017714500427246094
7500,21,2.6429975032806396,2.6430764198303223,7.891654968261719e-05
7500,22,2.644409656524658,2.6445345878601074,0.00012493133544921875
7500,23,2.644111394882202,2.6440720558166504,-3.933906555175781e-05
7500,24,2.6461830139160156,2.6462152004241943,3.218650817871094e-05
7500,25,2.6412973403930664,2.641284227371216,-1.3113021850585938e-05
7500,26,2.637767791748047,2.6377968788146973,2.9087066650390625e-05
7500,27,2.6406023502349854,2.6406965255737305,9.417533874511719e-05
7500,28,2.6421432495117188,2.6423258781433105,0.00018262863159179688
7500,29,2.6435208320617676,2.6434829235076904,-3.790855407714844e-05
7500,30,2.638864040374756,2.638822078704834,-4.1961669921875e-05
7500,31,2.639835834503174,2.6400487422943115,0.0002129077911376953
7500,32,2.639136791229248,2.6393089294433594,0.00017213821411132812
7500,33,2.63989520072937,2.6399407386779785,4.553794860839844e-05
7500,34,2.6384201049804688,2.638406753540039,-1.33514404296875e-05
7500,35,2.640106678009033,2.6400957107543945,-1.0967254638671875e-05
7500,36,2.638179302215576,2.638190746307373,1.1444091796875e-05
7500,37,2.638090133666992,2.638105630874634,1.5497207641601562e-05
7500,38,2.6375844478607178,2.637723445892334,0.00013899803161621094
7500,39,2.6351869106292725,2.6351301670074463,-5.6743621826171875e-05
7500,40,2.63564395904541,2.6355838775634766,-6.008148193359375e-05
7500,41,2.639106273651123,2.6391396522521973,3.337860107421875e-05
7500,42,2.633817434310913,2.634050130844116,0.000232696533203125
7500,43,2.6348471641540527,2.6349096298217773,6.246566772460938e-05
7500,44,2.6333491802215576,2.6332387924194336,-0.00011038780212402344
7500,45,2.6319527626037598,2.632021188735962,6.842613220214844e-05
7500,46,2.635524034500122,2.6357059478759766,0.0001819133758544922
7500,47,2.63336443901062,2.6336231231689453,0.0002586841583251953
7500,48,2.6314268112182617,2.6316471099853516,0.00022029876708984375
7500,49,2.631899356842041,2.6319589614868164,5.9604644775390625e-05
7500,50,2.632326602935791,2.6321210861206055,-0.00020551681518554688
7500,51,2.6309103965759277,2.631131649017334,0.00022125244140625
7500,52,2.632889986038208,2.6331067085266113,0.0002167224884033203
7500,53,2.6276817321777344,2.62777042388916,8.869171142578125e-05
7500,54,2.6281399726867676,2.628211498260498,7.152557373046875e-05
7500,55,2.62896728515625,2.6290159225463867,4.863739013671875e-05
7500,56,2.6298441886901855,2.63008451461792,0.000240325927734375
7500,57,2.626246213912964,2.626509666442871,0.00026345252990722656
7500,58,2.6251323223114014,2.6252079010009766,7.557868957519531e-05
7500,59,2.6253116130828857,2.6254067420959473,9.512901306152344e-05
7500,60,2.6261234283447266,2.625950574874878,-0.0001728534698486328
7500,61,2.621269702911377,2.6214349269866943,0.0001652240753173828
7500,62,2.6256284713745117,2.6260769367218018,0.00044846534729003906
7500,63,2.620062828063965,2.620331287384033,0.0002684593200683594
7500,64,2.619485855102539,2.619696617126465,0.00021076202392578125
7500,65,2.62074613571167,2.620598077774048,-0.0001480579376220703
7500,66,2.626969575881958,2.6272034645080566,0.0002338886260986328
7500,67,2.6132359504699707,2.614161968231201,0.0009260177612304688
7500,68,2.6138203144073486,2.6152467727661133,0.0014264583587646484
7500,69,2.6217565536499023,2.6208395957946777,-0.0009169578552246094
7500,70,2.6116538047790527,2.612169027328491,0.0005152225494384766
7500,71,2.616424560546875,2.618407964706421,0.0019834041595458984
7500,72,2.614022731781006,2.614621877670288,0.0005991458892822266
7500,73,2.610849380493164,2.6111555099487305,0.00030612945556640625
7500,74,2.614959478378296,2.6161484718322754,0.0011889934539794922
7500,75,2.6126627922058105,2.612060546875,-0.0006022453308105469
7500,76,2.606218099594116,2.606323719024658,0.00010561943054199219
7500,77,2.604435443878174,2.6044960021972656,6.0558319091796875e-05
7500,78,2.6099071502685547,2.6108784675598145,0.0009713172912597656
7500,79,2.607752799987793,2.6097946166992188,0.0020418167114257812
7500,80,2.606339454650879,2.607245922088623,0.0009064674377441406
7500,81,2.6012258529663086,2.601597785949707,0.0003719329833984375
7500,82,2.6031360626220703,2.604001522064209,0.0008654594421386719
7500,83,2.6019551753997803,2.604058265686035,0.002103090286254883
7500,84,2.602321147918701,2.604797840118408,0.0024766921997070312
7500,85,2.6027534008026123,2.6031978130340576,0.0004444122314453125
7500,86,2.6054697036743164,2.606687068939209,0.0012173652648925781
7500,87,2.602468252182007,2.600038528442383,-0.0024297237396240234
7500,88,2.6015548706054688,2.6019504070281982,0.0003955364227294922
7500,89,2.593543767929077,2.5906949043273926,-0.0028488636016845703
7500,90,2.59321665763855,2.5926074981689453,-0.0006091594696044922
7500,91,2.594362735748291,2.5935215950012207,-0.0008411407470703125
7500,92,2.598043441772461,2.596896171569824,-0.0011472702026367188
7500,93,2.5963573455810547,2.596083641052246,-0.00027370452880859375
7500,94,2.5938358306884766,2.592961311340332,-0.0008745193481445312
7500,95,2.5904948711395264,2.5902929306030273,-0.00020194053649902344
7500,96,2.593015670776367,2.5925936698913574,-0.0004220008850097656
7500,97,2.587442636489868,2.5889036655426025,0.001461029052734375
7500,98,2.590792179107666,2.589252233505249,-0.0015399456024169922
7500,99,2.5879454612731934,2.588571548461914,0.0006260871887207031
7500,100,2.5913453102111816,2.5909438133239746,-0.00040149688720703125
7500,101,2.588250160217285,2.5877819061279297,-0.00046825408935546875
7500,102,2.5862131118774414,2.5851526260375977,-0.00106048583984375
7500,103,2.5845999717712402,2.5835137367248535,-0.0010862350463867188
7500,104,2.58646559715271,2.5869526863098145,0.0004870891571044922
7500,105,2.591463088989258,2.590421199798584,-0.0010418891906738281
7500,106,2.5848426818847656,2.583444595336914,-0.0013980865478515625
7500,107,2.5814082622528076,2.5830540657043457,0.001645803451538086
7500,108,2.582730770111084,2.5823371410369873,-0.0003936290740966797
7500,109,2.583571434020996,2.5817513465881348,-0.0018200874328613281
7500,110,2.584937334060669,2.585757255554199,0.0008199214935302734
7500,111,2.5811822414398193,2.579615831375122,-0.0015664100646972656
7500,112,2.5819082260131836,2.583940267562866,0.002032041549682617
7500,113,2.572890281677246,2.5713586807250977,-0.0015316009521484375
7500,114,2.5773439407348633,2.5790724754333496,0.0017285346984863281
7500,115,2.5754590034484863,2.575725555419922,0.0002665519714355469
7500,116,2.5781373977661133,2.578906774520874,0.0007693767547607422
7500,117,2.572408676147461,2.573955535888672,0.0015468597412109375
7500,118,2.5749311447143555,2.573434352874756,-0.0014967918395996094
7500,119,2.5692968368530273,2.5704004764556885,0.0011036396026611328
7500,120,2.575348138809204,2.5763115882873535,0.0009634494781494141
7500,121,2.5752344131469727,2.5752077102661133,-2.6702880859375e-05
7500,122,2.5716991424560547,2.574904680252075,0.003205537796020508
7500,123,2.56748628616333,2.570483922958374,0.0029976367950439453
7500,124,2.571760654449463,2.5718419551849365,8.130073547363281e-05
7500,125,2.570127010345459,2.5756378173828125,0.005510807037353516
7500,126,2.5684151649475098,2.5662436485290527,-0.0021715164184570312
7500,127,2.5660085678100586,2.5697593688964844,0.0037508010864257812
7500,128,2.568655490875244,2.5687174797058105,6.198883056640625e-05
7500,129,2.5696334838867188,2.5686092376708984,-0.0010242462158203125
7500,130,2.5649449825286865,2.567558526992798,0.002613544464111328
7500,131,2.566838026046753,2.566265821456909,-0.00057220458984375
7500,132,2.566775321960449,2.56823468208313,0.001459360122680664
7500,133,2.5610604286193848,2.5615386962890625,0.0004782676696777344
7500,134,2.564012289047241,2.563654899597168,-0.0003573894500732422
7500,135,2.5651986598968506,2.567103385925293,0.0019047260284423828
7500,136,2.5691258907318115,2.5649561882019043,-0.0041697025299072266
7500,137,2.562089681625366,2.5630853176116943,0.000995635986328125
7500,138,2.562180995941162,2.5600805282592773,-0.0021004676818847656
7500,139,2.559368371963501,2.5583722591400146,-0.0009961128234863281
7500,140,2.56270170211792,2.560817003250122,-0.0018846988677978516
7500,141,2.5618715286254883,2.561288595199585,-0.0005829334259033203
7500,142,2.559549331665039,2.559384346008301,-0.00016498565673828125
7500,143,2.5608367919921875,2.5575942993164062,-0.00324249267578125
7500,144,2.5569398403167725,2.5567221641540527,-0.00021767616271972656
7500,145,2.5559260845184326,2.5563817024230957,0.00045561790466308594
7500,146,2.5598819255828857,2.559199094772339,-0.000682830810546875
7500,147,2.5531954765319824,2.5563950538635254,0.0031995773315429688
7500,148,2.5563745498657227,2.5559983253479004,-0.0003762245178222656
7500,149,2.549910545349121,2.5531864166259766,0.0032758712768554688
7500,150,2.5463547706604004,2.5482656955718994,0.0019109249114990234
7500,151,2.53944730758667,2.5399770736694336,0.0005297660827636719
7500,152,2.5506467819213867,2.5474259853363037,-0.003220796585083008
7500,153,2.5450820922851562,2.544827938079834,-0.0002541542053222656
7500,154,2.542202949523926,2.538869857788086,-0.0033330917358398438
7500,155,2.5459232330322266,2.547628879547119,0.0017056465148925781
7500,156,2.541006088256836,2.540790557861328,-0.0002155303955078125
7500,157,2.5396599769592285,2.5401480197906494,0.00048804283142089844
7500,158,2.5352931022644043,2.537057876586914,0.0017647743225097656
7500,159,2.5348892211914062,2.5340394973754883,-0.0008497238159179688
7500,160,2.5414562225341797,2.5435073375701904,0.002051115036010742
7500,161,2.5359134674072266,2.536121368408203,0.0002079010009765625
7500,162,2.533742904663086,2.5361697673797607,0.0024268627166748047
7500,163,2.534304618835449,2.5351550579071045,0.0008504390716552734
7500,164,2.539052963256836,2.5431342124938965,0.004081249237060547
7500,165,2.531284809112549,2.533742666244507,0.002457857131958008
7500,166,2.525855541229248,2.526973247528076,0.001117706298828125
7500,167,2.5242738723754883,2.525222063064575,0.0009481906890869141
7500,168,2.5286450386047363,2.5258002281188965,-0.0028448104858398438
7500,169,2.5254735946655273,2.5287399291992188,0.0032663345336914062
7500,170,2.5232672691345215,2.5252840518951416,0.002016782760620117
7500,171,2.520782709121704,2.5230777263641357,0.0022950172424316406
7500,172,2.520740032196045,2.5232458114624023,0.002505779266357422
7500,173,2.516083002090454,2.5185658931732178,0.002482891082763672
7500,174,2.5203607082366943,2.522460460662842,0.002099752426147461
7500,175,2.520717144012451,2.5186915397644043,-0.002025604248046875
7500,176,2.5236124992370605,2.5225467681884766,-0.0010657310485839844
7500,177,2.513556480407715,2.5169763565063477,0.0034198760986328125
7500,178,2.5143818855285645,2.5115878582000732,-0.002794027328491211
7500,179,2.512885808944702,2.518293857574463,0.005408048629760742
7500,180,2.515255928039551,2.513319969177246,-0.0019359588623046875
7500,181,2.506972074508667,2.512371778488159,0.0053997039794921875
7500,182,2.5141408443450928,2.5142431259155273,0.00010228157043457031
7500,183,2.506754159927368,2.5129809379577637,0.006226778030395508
7500,184,2.506070613861084,2.5074563026428223,0.0013856887817382812
7500,185,2.501805305480957,2.506244659423828,0.004439353942871094
7500,186,2.504241466522217,2.5045080184936523,0.0002665519714355469
7500,187,2.50215220451355,2.501399278640747,-0.0007529258728027344
7500,188,2.4993276596069336,2.500196933746338,0.0008692741394042969
7500,189,2.5017266273498535,2.5056893825531006,0.00396275520324707
7500,190,2.505251884460449,2.5080153942108154,0.002763509750366211
7500,191,2.4974470138549805,2.497328519821167,-0.00011849403381347656
7500,192,2.5040621757507324,2.50498104095459,0.0009188652038574219
7500,193,2.4967684745788574,2.4983572959899902,0.0015888214111328125
7500,194,2.503142833709717,2.5011935234069824,-0.001949310302734375
7500,195,2.496738910675049,2.498485565185547,0.0017466545104980469
7500,196,2.503298282623291,2.503114938735962,-0.00018334388732910156
7500,197,2.4977669715881348,2.4934191703796387,-0.004347801208496094
7500,198,2.4867053031921387,2.4881036281585693,0.001398324966430664
7500,199,2.499636173248291,2.4939911365509033,-0.005645036697387695
7500,200,2.483267307281494,2.488445997238159,0.005178689956665039
7500,201,2.4891717433929443,2.4899449348449707,0.0007731914520263672
7500,202,2.494986057281494,2.499006748199463,0.00402069091796875
7500,203,2.477949857711792,2.483982563018799,0.006032705307006836
7500,204,2.487832546234131,2.494028091430664,0.006195545196533203
7500,205,2.485048532485962,2.4853997230529785,0.00035119056701660156
7500,206,2.4869117736816406,2.490076780319214,0.003165006637573242
7500,207,2.48805570602417,2.487593173980713,-0.00046253204345703125
7500,208,2.480376720428467,2.483262777328491,0.002886056900024414
7500,209,2.4913716316223145,2.488034725189209,-0.0033369064331054688
7500,210,2.48355770111084,2.484862804412842,0.0013051033020019531
7500,211,2.47885799407959,2.4760475158691406,-0.0028104782104492188
7500,212,2.4793508052825928,2.4799885749816895,0.0006377696990966797
7500,213,2.4826459884643555,2.482455253601074,-0.00019073486328125
7500,214,2.4858791828155518,2.483668565750122,-0.0022106170654296875
7500,215,2.478867530822754,2.4816226959228516,0.0027551651000976562
7500,216,2.4738900661468506,2.473816394805908,-7.367134094238281e-05
7500,217,2.47369384765625,2.4803977012634277,0.006703853607177734
7500,218,2.479509115219116,2.475282669067383,-0.0042264461517333984
7500,219,2.4711456298828125,2.4761595726013184,0.005013942718505859
7500,220,2.478485345840454,2.4780707359313965,-0.0004146099090576172
7500,221,2.480959415435791,2.48057222366333,-0.0003871917724609375
7500,222,2.467514991760254,2.4695215225219727,0.00200653076171875
7500,223,2.467846632003784,2.465683937072754,-0.0021626949310302734
7500,224,2.47031307220459,2.4757280349731445,0.0054149627685546875
7500,225,2.4633049964904785,2.468061923980713,0.004756927490234375
7500,226,2.466883659362793,2.466538906097412,-0.0003447532653808594
7500,227,2.4701945781707764,2.469843864440918,-0.00035071372985839844
7500,228,2.4653899669647217,2.4637346267700195,-0.0016553401947021484
7500,229,2.461472511291504,2.4630467891693115,0.0015742778778076172
7500,230,2.476658344268799,2.4782252311706543,0.0015668869018554688
7500,231,2.464812755584717,2.463329315185547,-0.0014834403991699219
7500,232,2.46286940574646,2.4654672145843506,0.002597808837890625
7500,233,2.4608731269836426,2.461933135986328,0.0010600090026855469
7500,234,2.460545539855957,2.465510845184326,0.004965305328369141
7500,235,2.4690980911254883,2.478175640106201,0.00907754898071289
7500,236,2.4601683616638184,2.463202476501465,0.0030341148376464844
7500,237,2.46140718460083,2.459972858428955,-0.001434326171875
7500,238,2.452981472015381,2.4613962173461914,0.008414745330810547
7500,239,2.4570364952087402,2.4650046825408936,0.00796818733215332
7500,240,2.4531471729278564,2.456148862838745,0.003001689910888672
7500,241,2.44744873046875,2.4518239498138428,0.0043752193450927734
7500,242,2.463391065597534,2.465240716934204,0.0018496513366699219
7500,243,2.451524496078491,2.4535398483276367,0.002015352249145508
7500,244,2.4519295692443848,2.4567461013793945,0.004816532135009766
7500,245,2.4469704627990723,2.4449057579040527,-0.0020647048950195312
7500,246,2.439509868621826,2.441030979156494,0.0015211105346679688
7500,247,2.4469637870788574,2.452545642852783,0.005581855773925781
7500,248,2.450625419616699,2.4531726837158203,0.0025472640991210938
7500,249,2.446746826171875,2.4538350105285645,0.007088184356689453
7500,250,2.443018674850464,2.4483022689819336,0.0052835941314697266
7500,251,2.438962697982788,2.44892954826355,0.009966850280761719
7500,252,2.446086883544922,2.4500699043273926,0.003983020782470703
7500,253,2.4405665397644043,2.4443957805633545,0.0038292407989501953
7500,254,2.435647964477539,2.439133405685425,0.003485441207885742
7500,255,2.4437448978424072,2.44232177734375,-0.0014231204986572266
7500,256,2.4322469234466553,2.4410367012023926,0.008789777755737305
7500,257,2.43375563621521,2.434479236602783,0.0007236003875732422
7500,258,2.436774253845215,2.4397292137145996,0.0029549598693847656
7500,259,2.438016414642334,2.439706325531006,0.001689910888671875
7500,260,2.4365599155426025,2.4406676292419434,0.00410771369934082
7500,261,2.4320662021636963,2.434713363647461,0.0026471614837646484
7500,262,2.43760085105896,2.438210964202881,0.0006101131439208984
7500,263,2.4333066940307617,2.4355525970458984,0.0022459030151367188
7500,264,2.4439141750335693,2.4453611373901367,0.0014469623565673828
7500,265,2.4271364212036133,2.4295639991760254,0.0024275779724121094
7500,266,2.4309563636779785,2.4304423332214355,-0.0005140304565429688
7500,267,2.427088737487793,2.4325156211853027,0.005426883697509766
7500,268,2.418907642364502,2.4226930141448975,0.003785371780395508
7500,269,2.421098232269287,2.4259347915649414,0.004836559295654297
7500,270,2.4123475551605225,2.411769151687622,-0.0005784034729003906
7500,271,2.4162635803222656,2.419221878051758,0.0029582977294921875
7500,272,2.421485185623169,2.4277663230895996,0.006281137466430664
7500,273,2.4259426593780518,2.423379421234131,-0.0025632381439208984
7500,274,2.4103376865386963,2.4178874492645264,0.007549762725830078
7500,275,2.4193837642669678,2.419910430908203,0.0005266666412353516
7500,276,2.404618501663208,2.4145970344543457,0.009978532791137695
7500,277,2.4105265140533447,2.413661241531372,0.0031347274780273438
7500,278,2.417677640914917,2.4130959510803223,-0.0045816898345947266
7500,279,2.4092531204223633,2.406954526901245,-0.002298593521118164
7500,280,2.4037275314331055,2.4116744995117188,0.007946968078613281
7500,281,2.4069652557373047,2.410008430480957,0.0030431747436523438
7500,282,2.407475233078003,2.4103755950927734,0.002900362014770508
7500,283,2.4146389961242676,2.418455123901367,0.0038161277770996094
7500,284,2.4061553478240967,2.407052516937256,0.0008971691131591797
7500,285,2.397754430770874,2.405724287033081,0.007969856262207031
7500,286,2.4165115356445312,2.4136645793914795,-0.002846956253051758
7500,287,2.3942484855651855,2.3999881744384766,0.005739688873291016
7500,288,2.399247646331787,2.400118589401245,0.0008709430694580078
7500,289,2.3931005001068115,2.39447021484375,0.0013697147369384766
7500,290,2.3954215049743652,2.3967692852020264,0.0013477802276611328
7500,291,2.387777090072632,2.3863160610198975,-0.001461029052734375
7500,292,2.3844032287597656,2.3954975605010986,0.011094331741333008
7500,293,2.3873462677001953,2.395813465118408,0.00846719741821289
7500,294,2.3976969718933105,2.402876377105713,0.005179405212402344
7500,295,2.3807215690612793,2.3916878700256348,0.010966300964355469
7500,296,2.391239643096924,2.396836519241333,0.00559687614440918
7500,297,2.381371259689331,2.390195369720459,0.00882411003112793
7500,298,2.3760623931884766,2.3858323097229004,0.009769916534423828
7500,299,2.3867945671081543,2.386162042617798,-0.0006325244903564453
7500,300,2.3678717613220215,2.370906114578247,0.003034353256225586
7500,301,2.374237537384033,2.378380298614502,0.00414276123046875
7500,302,2.386744737625122,2.3922016620635986,0.0054569244384765625
7500,303,2.3909661769866943,2.38289737701416,-0.00806879997253418
7500,304,2.385340690612793,2.38828182220459,0.002941131591796875
7500,305,2.3943724632263184,2.388819694519043,-0.005552768707275391
7500,306,2.383816957473755,2.3868813514709473,0.003064393997192383
7500,307,2.3863673210144043,2.389052391052246,0.002685070037841797
7500,308,2.381791591644287,2.3827874660491943,0.0009958744049072266
7500,309,2.381889820098877,2.3760581016540527,-0.005831718444824219
7500,310,2.375762939453125,2.3774280548095703,0.0016651153564453125
7500,311,2.3698174953460693,2.3749096393585205,0.005092144012451172
7500,312,2.3669755458831787,2.369083881378174,0.002108335494995117
7500,313,2.379329204559326,2.3804168701171875,0.0010876655578613281
7500,314,2.355437755584717,2.365817070007324,0.010379314422607422
7500,315,2.359739303588867,2.358368396759033,-0.0013709068298339844
7500,316,2.357208013534546,2.362131118774414,0.004923105239868164
7500,317,2.3523788452148438,2.3629889488220215,0.010610103607177734
7500,318,2.3513829708099365,2.3596854209899902,0.008302450180053711
7500,319,2.356194019317627,2.363034963607788,0.006840944290161133
7500,320,2.3520727157592773,2.361400842666626,0.009328126907348633
7500,321,2.353303909301758,2.3671605587005615,0.013856649398803711
7500,322,2.3592147827148438,2.353306531906128,-0.00590825080871582
7500,323,2.336520195007324,2.364084005355835,0.027563810348510742
7500,324,2.3614540100097656,2.361135482788086,-0.0003185272216796875
7500,325,2.358673095703125,2.355736255645752,-0.002936840057373047
7500,326,2.3336596488952637,2.35117244720459,0.017512798309326172
7500,327,2.35129976272583,2.36599063873291,0.014690876007080078
7500,328,2.360640048980713,2.355747699737549,-0.0048923492431640625
7500,329,2.335986614227295,2.3382649421691895,0.0022783279418945312
7500,330,2.3700671195983887,2.347557544708252,-0.02250957489013672
7500,331,2.381600856781006,2.3473775386810303,-0.034223318099975586
7500,332,2.3630590438842773,2.3427605628967285,-0.020298480987548828
7500,333,2.341871738433838,2.350250244140625,0.00837850570678711
7500,334,2.345275640487671,2.352306842803955,0.00703120231628418
7500,335,2.341057300567627,2.353847026824951,0.012789726257324219
7500,336,2.348637819290161,2.338374614715576,-0.010263204574584961
7500,337,2.3493003845214844,2.340884208679199,-0.008416175842285156
7500,338,2.3221335411071777,2.3087565898895264,-0.013376951217651367
7500,339,2.330502986907959,2.354522228240967,0.024019241333007812
7500,340,2.338813066482544,2.328871726989746,-0.009941339492797852
7500,341,2.339710235595703,2.3346381187438965,-0.005072116851806641
7500,342,2.3389251232147217,2.350790500640869,0.011865377426147461
7500,343,2.304191827774048,2.3146798610687256,0.010488033294677734
7500,344,2.339278221130371,2.3238422870635986,-0.015435934066772461
7500,345,2.3255679607391357,2.315474510192871,-0.010093450546264648
7500,346,2.3378238677978516,2.324066638946533,-0.01375722885131836
7500,347,2.336965560913086,2.334597587585449,-0.0023679733276367188
7500,348,2.305449962615967,2.3142590522766113,0.008809089660644531
7500,349,2.3177852630615234,2.3319711685180664,0.014185905456542969
7500,350,2.311016321182251,2.311805486679077,0.0007891654968261719
7500,351,2.316136360168457,2.3217291831970215,0.005592823028564453
7500,352,2.318633794784546,2.308091640472412,-0.010542154312133789
7500,353,2.3116567134857178,2.310403823852539,-0.001252889633178711
7500,354,2.3560194969177246,2.341513156890869,-0.014506340026855469
7500,355,2.323024034500122,2.3076937198638916,-0.015330314636230469
7500,356,2.306596279144287,2.3109402656555176,0.004343986511230469
7500,357,2.3088786602020264,2.3098790645599365,0.0010004043579101562
7500,358,2.3082275390625,2.296712875366211,-0.011514663696289062
7500,359,2.28814697265625,2.3199782371520996,0.03183126449584961
7500,360,2.30574369430542,2.318291664123535,0.012547969818115234
7500,361,2.2856903076171875,2.2894647121429443,0.003774404525756836
7500,362,2.3340911865234375,2.309523582458496,-0.024567604064941406
7500,363,2.3294811248779297,2.3019754886627197,-0.02750563621520996
7500,364,2.2975425720214844,2.287325143814087,-0.010217428207397461
7500,365,2.2905001640319824,2.284574270248413,-0.005925893783569336
7500,366,2.2892050743103027,2.281140089035034,-0.008064985275268555
7500,367,2.2852330207824707,2.3391904830932617,0.053957462310791016
7500,368,2.26898193359375,2.3088650703430176,0.03988313674926758
7500,369,2.282195806503296,2.2767245769500732,-0.005471229553222656
7500,370,2.29496169090271,2.3342509269714355,0.039289236068725586
7500,371,2.2789952754974365,2.3114705085754395,0.03247523307800293
7500,372,2.2884697914123535,2.292560338973999,0.004090547561645508
7500,373,2.295098304748535,2.3017330169677734,0.006634712219238281
7500,374,2.2752764225006104,2.281033515930176,0.00575709342956543
7500,375,2.291104793548584,2.2829976081848145,-0.008107185363769531
7500,376,2.2831854820251465,2.2834997177124023,0.0003142356872558594
7500,377,2.2569539546966553,2.2655999660491943,0.008646011352539062
7500,378,2.2796382904052734,2.2711844444274902,-0.008453845977783203
7500,379,2.2600040435791016,2.2786097526550293,0.018605709075927734
7500,380,2.288576602935791,2.2738327980041504,-0.014743804931640625
7500,381,2.2835311889648438,2.2680487632751465,-0.015482425689697266
7500,382,2.3041162490844727,2.2914795875549316,-0.012636661529541016
7500,383,2.273359537124634,2.285708427429199,0.01234889030456543
7500,384,2.3041024208068848,2.270862340927124,-0.03324007987976074
7500,385,2.3117623329162598,2.3166542053222656,0.004891872406005859
7500,386,2.299290180206299,2.3108410835266113,0.0115509033203125
7500,387,2.292619228363037,2.322524070739746,0.029904842376708984
7500,388,2.260558843612671,2.3010241985321045,0.040465354919433594
7500,389,2.2628021240234375,2.2895255088806152,0.026723384857177734
7500,390,2.2846310138702393,2.280674934387207,-0.0039560794830322266
7500,391,2.3010401725769043,2.268383502960205,-0.03265666961669922
7500,392,2.270031690597534,2.268555164337158,-0.0014765262603759766
7500,393,2.271439552307129,2.2653968334198,-0.0060427188873291016
7500,394,2.239811897277832,2.2440898418426514,0.004277944564819336
7500,395,2.2306509017944336,2.2439584732055664,0.013307571411132812
7500,396,2.2569243907928467,2.2337646484375,-0.02315974235534668
7500,397,2.2581849098205566,2.242823362350464,-0.015361547470092773
7500,398,2.2531514167785645,2.229407787322998,-0.023743629455566406
7500,399,2.275386333465576,2.2546403408050537,-0.02074599266052246
7500,400,2.2609500885009766,2.242826223373413,-0.018123865127563477
7500,401,2.233515739440918,2.2454166412353516,0.011900901794433594
7500,402,2.2536773681640625,2.2281880378723145,-0.025489330291748047
7500,403,2.261975049972534,2.230785846710205,-0.0311892032623291
7500,404,2.2245919704437256,2.21795916557312,-0.006632804870605469
7500,405,2.312411069869995,2.234447956085205,-0.07796311378479004
7500,406,2.272780418395996,2.2834033966064453,0.010622978210449219
7500,407,2.2568140029907227,2.2763824462890625,0.019568443298339844
7500,408,2.258357524871826,2.2662546634674072,0.007897138595581055
7500,409,2.238882541656494,2.249861240386963,0.01097869873046875
7500,410,2.230447769165039,2.2368831634521484,0.006435394287109375
7500,411,2.2484445571899414,2.230441093444824,-0.018003463745117188
7500,412,2.2388179302215576,2.259403705596924,0.02058577537536621
7500,413,2.2241921424865723,2.2374823093414307,0.013290166854858398
7500,414,2.236241102218628,2.244675397872925,0.008434295654296875
7500,415,2.2298941612243652,2.2437148094177246,0.013820648193359375
7500,416,2.194575071334839,2.238942861557007,0.04436779022216797
7500,417,2.237910270690918,2.233132839202881,-0.004777431488037109
7500,418,2.2236499786376953,2.2330453395843506,0.009395360946655273
7500,419,2.2152552604675293,2.2446937561035156,0.029438495635986328
7500,420,2.256230354309082,2.2173683643341064,-0.038861989974975586
7500,421,2.1937923431396484,2.190316677093506,-0.003475666046142578
7500,422,2.266829490661621,2.2392728328704834,-0.027556657791137695
7500,423,2.2467594146728516,2.2054314613342285,-0.04132795333862305
7500,424,2.192833185195923,2.2186079025268555,0.025774717330932617
7500,425,2.217144012451172,2.2036542892456055,-0.013489723205566406
7500,426,2.1990914344787598,2.209702968597412,0.010611534118652344
7500,427,2.214014768600464,2.2130610942840576,-0.00095367431640625
7500,428,2.2268033027648926,2.211193799972534,-0.015609502792358398
7500,429,2.1954638957977295,2.196004867553711,0.0005409717559814453
7500,430,2.221588611602783,2.2120919227600098,-0.009496688842773438
7500,431,2.1910152435302734,2.1933798789978027,0.002364635467529297
7500,432,2.209503650665283,2.213693618774414,0.004189968109130859
7500,433,2.196500301361084,2.1950387954711914,-0.0014615058898925781
7500,434,2.187629222869873,2.193424701690674,0.005795478820800781
7500,435,2.2156028747558594,2.2096614837646484,-0.0059413909912109375
7500,436,2.178776264190674,2.149014472961426,-0.029761791229248047
7500,437,2.1778512001037598,2.1889169216156006,0.01106572151184082
7500,438,2.168912410736084,2.181218147277832,0.012305736541748047
7500,439,2.168747663497925,2.1645379066467285,-0.004209756851196289
7500,440,2.16827654838562,2.181760311126709,0.013483762741088867
7500,441,2.1691365242004395,2.185593366622925,0.01645684242248535
7500,442,2.1919450759887695,2.321113109588623,0.12916803359985352
7500,443,2.2198188304901123,2.3498666286468506,0.13004779815673828
7500,444,2.1767196655273438,2.1903960704803467,0.01367640495300293
7500,445,2.1556172370910645,2.342285633087158,0.18666839599609375
7500,446,2.1786563396453857,2.455789566040039,0.2771332263946533
7500,447,2.176027536392212,2.3470137119293213,0.17098617553710938
7500,448,2.1723155975341797,2.283809185028076,0.11149358749389648
7500,449,2.173938751220703,2.266275405883789,0.09233665466308594
7500,450,2.175203800201416,2.2679355144500732,0.09273171424865723
7500,451,2.1512274742126465,2.2698004245758057,0.11857295036315918
7500,452,2.19417667388916,2.249927282333374,0.05575060844421387
7500,453,2.187434196472168,2.2075579166412354,0.020123720169067383
7500,454,2.1967155933380127,2.1914944648742676,-0.005221128463745117
7500,455,2.2035624980926514,2.1615312099456787,-0.042031288146972656
7500,456,2.1949570178985596,2.194520950317383,-0.0004360675811767578
7500,457,2.2093448638916016,2.2159881591796875,0.0066432952880859375
7500,458,2.156358242034912,2.1693167686462402,0.012958526611328125
7500,459,2.203918218612671,2.1880745887756348,-0.015843629837036133
7500,460,2.1682820320129395,2.159804344177246,-0.00847768783569336
7500,461,2.2004058361053467,2.1782116889953613,-0.02219414710998535
7500,462,2.2080349922180176,2.1881911754608154,-0.01984381675720215
7500,463,2.1693315505981445,2.1691150665283203,-0.00021648406982421875
7500,464,2.191648006439209,2.1838021278381348,-0.007845878601074219
7500,465,2.1867973804473877,2.1753804683685303,-0.011416912078857422
7500,466,2.1879231929779053,2.1998651027679443,0.011941909790039062
7500,467,2.1728644371032715,2.182462215423584,0.0095977783203125
7500,468,2.194287061691284,2.2222795486450195,0.02799248695373535
7500,469,2.161724090576172,2.223362922668457,0.061638832092285156
7500,470,2.210944890975952,2.1674466133117676,-0.04349827766418457
7500,471,2.188779354095459,2.166905641555786,-0.02187371253967285
7500,472,2.168292999267578,2.1626482009887695,-0.005644798278808594
7500,473,2.128711700439453,2.159343719482422,0.03063201904296875
7500,474,2.2030258178710938,2.1263909339904785,-0.07663488388061523
7500,475,2.210416793823242,2.132051944732666,-0.07836484909057617
7500,476,2.1272904872894287,2.1129698753356934,-0.014320611953735352
7500,477,2.122256278991699,2.1436312198638916,0.021374940872192383
7500,478,2.147817611694336,2.120243549346924,-0.02757406234741211
7500,479,2.117380142211914,2.0940093994140625,-0.023370742797851562
7500,480,2.1997315883636475,2.1457571983337402,-0.05397439002990723
7500,481,2.2052602767944336,2.123548984527588,-0.0817112922668457
7500,482,2.2214736938476562,2.171550750732422,-0.049922943115234375
7500,483,2.1801223754882812,2.2123541831970215,0.032231807708740234
7500,484,2.1201608180999756,2.172884702682495,0.05272388458251953
7500,485,2.119550943374634,2.1646883487701416,0.04513740539550781
7500,486,2.199754476547241,2.1710827350616455,-0.028671741485595703
7500,487,2.1975133419036865,2.142942428588867,-0.054570913314819336
7500,488,2.1440882682800293,2.1401212215423584,-0.0039670467376708984
7500,489,2.1201729774475098,2.105330467224121,-0.014842510223388672
7500,490,2.1421236991882324,2.1051578521728516,-0.03696584701538086
7500,491,2.1297366619110107,2.1328392028808594,0.003102540969848633
7500,492,2.1291580200195312,2.113088607788086,-0.016069412231445312
7500,493,2.1268956661224365,2.1207528114318848,-0.006142854690551758
7500,494,2.115264415740967,2.1151182651519775,-0.0001461505889892578
7500,495,2.0964250564575195,2.0829272270202637,-0.01349782943725586
7500,496,2.1465606689453125,2.105422258377075,-0.041138410568237305
7500,497,2.1312642097473145,2.11051344871521,-0.020750761032104492
7500,498,2.122002124786377,2.0748751163482666,-0.04712700843811035
7500,499,2.094015598297119,2.1009743213653564,0.006958723068237305
7500,500,2.1038854122161865,2.1561880111694336,0.05230259895324707
7500,501,2.086629867553711,2.1340739727020264,0.04744410514831543
7500,502,2.168874740600586,2.0754871368408203,-0.09338760375976562
7500,503,2.159519672393799,2.1703896522521973,0.010869979858398438
7500,504,2.0720808506011963,2.1847639083862305,0.11268305778503418
7500,505,2.0638797283172607,2.2717630863189697,0.20788335800170898
7500,506,2.128554105758667,2.24041748046875,0.11186337471008301
7500,507,2.080880641937256,2.129387855529785,0.0485072135925293
7500,508,2.117569923400879,2.077950954437256,-0.03961896896362305
7500,509,2.075352668762207,2.154806137084961,0.0794534683227539
7500,510,2.073000907897949,2.1459603309631348,0.07295942306518555
7500,511,2.0737953186035156,2.239647388458252,0.16585206985473633
7500,512,2.1003124713897705,2.233513593673706,0.13320112228393555
7500,513,2.075967311859131,2.119414806365967,0.04344749450683594
7500,514,2.1085171699523926,2.1045374870300293,-0.003979682922363281
7500,515,2.0886454582214355,2.0995712280273438,0.010925769805908203
7500,516,2.0611391067504883,2.0880768299102783,0.02693772315979004
7500,517,2.062239646911621,2.0776076316833496,0.015367984771728516
7500,518,2.081573724746704,2.0792367458343506,-0.0023369789123535156
7500,519,2.0719804763793945,2.0610897541046143,-0.010890722274780273
7500,520,2.080626964569092,2.0869715213775635,0.00634455680847168
7500,521,2.082580804824829,2.0651910305023193,-0.017389774322509766
7500,522,2.0883216857910156,2.0477540493011475,-0.040567636489868164
7500,523,2.0879416465759277,2.121427297592163,0.03348565101623535
7500,524,2.017010450363159,2.068082094192505,0.0510716438293457
7500,525,2.1139044761657715,2.1419100761413574,0.028005599975585938
7500,526,2.023223876953125,2.107164144515991,0.08394026756286621
7500,527,2.253246784210205,2.098332643508911,-0.15491414070129395
7500,528,2.3277413845062256,2.1419599056243896,-0.18578147888183594
7500,529,2.0864579677581787,2.0557656288146973,-0.030692338943481445
7500,530,2.2561254501342773,2.0839271545410156,-0.17219829559326172
7500,531,2.3431382179260254,2.0229480266571045,-0.3201901912689209
7500,532,2.2344231605529785,2.017637014389038,-0.21678614616394043
7500,533,2.1249351501464844,2.0999691486358643,-0.024966001510620117
7500,534,2.2354750633239746,2.1182775497436523,-0.11719751358032227
7500,535,2.296527862548828,2.17659854888916,-0.11992931365966797
7500,536,2.2256827354431152,2.1580207347869873,-0.06766200065612793
7500,537,2.187386989593506,2.0710840225219727,-0.1163029670715332
7500,538,2.1777493953704834,2.094716787338257,-0.08303260803222656
7500,539,2.2301321029663086,2.066603899002075,-0.1635282039642334
7500,540,2.2276124954223633,2.054316759109497,-0.1732957363128662
7500,541,2.1217856407165527,2.0872139930725098,-0.03457164764404297
7500,542,2.1994950771331787,2.0726051330566406,-0.12688994407653809
7500,543,2.2413010597229004,2.0455756187438965,-0.1957254409790039
7500,544,2.2305760383605957,2.037595748901367,-0.19298028945922852
7500,545,2.185809850692749,2.083594799041748,-0.10221505165100098
7500,546,2.142179489135742,2.052946090698242,-0.0892333984375
7500,547,2.113896608352661,2.052628517150879,-0.06126809120178223
7500,548,2.0905933380126953,2.0567564964294434,-0.03383684158325195
7500,549,2.0980048179626465,2.013632297515869,-0.08437252044677734
7500,550,2.091409683227539,1.9913076162338257,-0.10010206699371338
7500,551,2.074345350265503,2.071185827255249,-0.0031595230102539062
7500,552,2.047886848449707,2.0496110916137695,0.0017242431640625
7500,553,2.0494372844696045,2.056504011154175,0.0070667266845703125
7500,554,2.071847677230835,2.094954013824463,0.02310633659362793
7500,555,2.0902981758117676,2.05436110496521,-0.03593707084655762
7500,556,2.070570468902588,2.0281014442443848,-0.042469024658203125
7500,557,2.0193698406219482,2.0954976081848145,0.07612776756286621
7500,558,2.1979665756225586,2.0533578395843506,-0.144608736038208
7500,559,2.181103467941284,1.9963830709457397,-0.18472039699554443
7500,560,2.182626247406006,2.0109763145446777,-0.17164993286132812
7500,561,2.187406539916992,2.027467727661133,-0.15993881225585938
7500,562,2.119016170501709,2.006068706512451,-0.11294746398925781
7500,563,2.0908150672912598,2.0221595764160156,-0.06865549087524414
7500,564,2.1043052673339844,2.0270729064941406,-0.07723236083984375
7500,565,2.0718793869018555,2.0122272968292236,-0.059652090072631836
7500,566,2.0831446647644043,2.0137381553649902,-0.06940650939941406
7500,567,2.090193510055542,1.9880743026733398,-0.10211920738220215
7500,568,2.0499415397644043,2.007106304168701,-0.042835235595703125
7500,569,2.042497158050537,1.9457162618637085,-0.09678089618682861
7500,570,2.0614449977874756,2.1761441230773926,0.11469912528991699
7500,571,2.050128221511841,2.1067581176757812,0.05662989616394043
7500,572,2.0577659606933594,2.0760583877563477,0.01829242706298828
7500,573,2.0368449687957764,2.084190845489502,0.047345876693725586
7500,574,1.982130765914917,2.0389795303344727,0.056848764419555664
7500,575,2.0803937911987305,2.0134189128875732,-0.06697487831115723
7500,576,2.003023147583008,2.005723476409912,0.002700328826904297
7500,577,2.147321939468384,1.9999721050262451,-0.14734983444213867
7500,578,2.1930904388427734,2.031165838241577,-0.1619246006011963
7500,579,2.086360454559326,2.0375313758850098,-0.048829078674316406
7500,580,2.0651302337646484,2.017425060272217,-0.04770517349243164
7500,581,2.1402478218078613,1.9892772436141968,-0.15097057819366455
7500,582,2.144714117050171,2.06190824508667,-0.08280587196350098
7500,583,2.015907049179077,2.016857147216797,0.0009500980377197266
7500,584,2.069826602935791,2.022341012954712,-0.0474855899810791
7500,585,2.1142079830169678,1.9796686172485352,-0.13453936576843262
7500,586,2.0353989601135254,2.0162429809570312,-0.01915597915649414
7500,587,2.0121326446533203,2.001509428024292,-0.01062321662902832
7500,588,1.991887092590332,1.998640537261963,0.006753444671630859
7500,589,2.020071506500244,2.003129482269287,-0.01694202423095703
7500,590,1.9680036306381226,1.9687039852142334,0.0007003545761108398
7500,591,2.021671772003174,1.9569129943847656,-0.0647587776184082
7500,592,2.018129348754883,2.024421215057373,0.006291866302490234
7500,593,2.04187273979187,2.008028030395508,-0.033844709396362305
7500,594,2.0343968868255615,1.9609479904174805,-0.07344889640808105
7500,595,2.042119026184082,1.9451100826263428,-0.09700894355773926
7500,596,1.9853414297103882,2.02847957611084,0.04313814640045166
7500,597,2.061583995819092,2.009181499481201,-0.052402496337890625
7500,598,2.034140110015869,1.9310719966888428,-0.10306811332702637
7500,599,2.1958723068237305,1.9198707342147827,-0.27600157260894775
7500,600,2.180910110473633,2.082153558731079,-0.09875655174255371
7500,601,1.9715297222137451,2.019822120666504,0.04829239845275879
7500,602,2.099247455596924,1.9319043159484863,-0.1673431396484375
7500,603,2.117283344268799,1.9441684484481812,-0.17311489582061768
7500,604,2.122744560241699,1.9978084564208984,-0.12493610382080078
7500,605,2.088740825653076,2.00303053855896,-0.08571028709411621
7500,606,2.0233702659606934,2.0011229515075684,-0.022247314453125
7500,607,2.0207715034484863,1.9963868856430054,-0.024384617805480957
7500,608,2.0169026851654053,1.9524571895599365,-0.06444549560546875
7500,609,2.0167529582977295,1.9394383430480957,-0.07731461524963379
7500,610,2.0678000450134277,2.0329363346099854,-0.03486371040344238
7500,611,2.0073962211608887,2.026463508605957,0.01906728744506836
7500,612,1.9725072383880615,1.9584039449691772,-0.014103293418884277
7500,613,1.9922544956207275,1.9456830024719238,-0.04657149314880371
7500,614,1.9992088079452515,2.030768871307373,0.03156006336212158
7500,615,1.973671317100525,1.9806792736053467,0.007007956504821777
7500,616,2.051225185394287,2.009800910949707,-0.04142427444458008
7500,617,2.0375542640686035,2.002617835998535,-0.03493642807006836
7500,618,1.9927494525909424,1.9405670166015625,-0.05218243598937988
7500,619,1.9546473026275635,1.9260085821151733,-0.028638720512390137
7500,620,1.997598648071289,1.9747083187103271,-0.022890329360961914
7500,621,1.9632627964019775,1.9500930309295654,-0.01316976547241211
7500,622,2.020254373550415,1.9910001754760742,-0.02925419807434082
7500,623,2.01163911819458,2.020613670349121,0.008974552154541016
7500,624,1.9348796606063843,1.944200873374939,0.009321212768554688
7500,625,1.9211680889129639,1.9741405248641968,0.05297243595123291
7500,626,1.9900341033935547,1.9418601989746094,-0.04817390441894531
7500,627,2.0166311264038086,1.967151403427124,-0.04947972297668457
7500,628,1.9328292608261108,1.989832878112793,0.05700361728668213
7500,629,1.9591331481933594,1.952928900718689,-0.00620424747467041
7500,630,2.014768362045288,1.9595470428466797,-0.0552213191986084
7500,631,1.9833492040634155,1.8986825942993164,-0.08466660976409912
7500,632,1.9474281072616577,2.048501968383789,0.10107386112213135
7500,633,1.9611915349960327,1.989884376525879,0.02869284152984619
7500,634,1.916475534439087,1.9519438743591309,0.035468339920043945
7500,635,1.911831259727478,1.9512256383895874,0.039394378662109375
7500,636,1.9648427963256836,1.9396981000900269,-0.02514469623565674
7500,637,1.9458703994750977,1.898006796836853,-0.04786360263824463
7500,638,1.9158008098602295,2.0151400566101074,0.09933924674987793
7500,639,1.9089025259017944,2.0389580726623535,0.13005554676055908
7500,640,1.9668166637420654,1.9536941051483154,-0.01312255859375
7500,641,1.9272140264511108,2.071845054626465,0.144631028175354
7500,642,1.9361064434051514,1.9630239009857178,0.026917457580566406
7500,643,1.9180282354354858,1.9961121082305908,0.07808387279510498
7500,644,1.9708404541015625,2.0465481281280518,0.07570767402648926
7500,645,1.9035544395446777,1.9713335037231445,0.0677790641784668
7500,646,1.9639489650726318,1.9614704847335815,-0.002478480339050293
7500,647,1.9030885696411133,1.9551610946655273,0.05207252502441406
7500,648,1.9721403121948242,1.9507255554199219,-0.021414756774902344
7500,649,1.9109101295471191,1.9057687520980835,-0.0051413774490356445
7500,650,1.9102706909179688,2.037435293197632,0.12716460227966309
7500,651,1.880176305770874,2.037402629852295,0.1572263240814209
7500,652,1.8734039068222046,1.959311842918396,0.0859079360961914
7500,653,1.8627851009368896,1.9191734790802002,0.05638837814331055
7500,654,1.8700956106185913,1.9827489852905273,0.11265337467193604
7500,655,1.8573750257492065,1.9448875188827515,0.08751249313354492
7500,656,1.957167387008667,2.03218412399292,0.07501673698425293
7500,657,1.8862078189849854,2.0300209522247314,0.1438131332397461
7500,658,2.1416566371917725,1.9499038457870483,-0.19175279140472412
7500,659,2.241472005844116,1.9193029403686523,-0.32216906547546387
7500,660,2.0229690074920654,1.936772346496582,-0.0861966609954834
7500,661,1.9957036972045898,1.9457807540893555,-0.049922943115234375
7500,662,2.0930490493774414,1.991211175918579,-0.1018378734588623
7500,663,1.9556668996810913,1.9769058227539062,0.02123892307281494
7500,664,1.9683735370635986,1.9586384296417236,-0.009735107421875
7500,665,1.9567415714263916,1.9390192031860352,-0.017722368240356445
7500,666,1.9871959686279297,2.002918004989624,0.015722036361694336
7500,667,2.0014045238494873,1.949562430381775,-0.0518420934677124
7500,668,1.9698598384857178,1.9836759567260742,0.013816118240356445
7500,669,1.9617133140563965,1.903359293937683,-0.05835402011871338
7500,670,1.9522613286972046,1.9752089977264404,0.02294766902923584
7500,671,1.9335317611694336,1.9447448253631592,0.011213064193725586
7500,672,1.9782556295394897,1.9105980396270752,-0.06765758991241455
7500,673,1.923654556274414,1.8659627437591553,-0.05769181251525879
7500,674,2.0038135051727295,1.9771323204040527,-0.026681184768676758
7500,675,2.0065133571624756,1.9930667877197266,-0.013446569442749023
7500,676,1.8912347555160522,1.9279000759124756,0.03666532039642334
7500,677,1.8544540405273438,1.9273414611816406,0.07288742065429688
7500,678,2.0159401893615723,1.8694519996643066,-0.14648818969726562
7500,679,2.0422024726867676,1.8900606632232666,-0.15214180946350098
7500,680,1.905874490737915,1.9368104934692383,0.030936002731323242
7500,681,1.9061263799667358,1.9252145290374756,0.019088149070739746
7500,682,1.9287481307983398,1.9173674583435059,-0.011380672454833984
7500,683,1.848230242729187,1.8701171875,0.02188694477081299
7500,684,1.9466502666473389,1.8798097372055054,-0.0668405294418335
7500,685,1.986559271812439,1.868139624595642,-0.11841964721679688
7500,686,1.8779948949813843,1.9065678119659424,0.028572916984558105
7500,687,1.8330817222595215,1.8908450603485107,0.05776333808898926
7500,688,1.918509840965271,1.8868041038513184,-0.03170573711395264
7500,689,1.8753981590270996,1.8755611181259155,0.00016295909881591797
7500,690,1.959130048751831,1.8700177669525146,-0.0891122817993164
7500,691,1.9648466110229492,1.8177655935287476,-0.14708101749420166
7500,692,1.8648147583007812,1.886749267578125,0.02193450927734375
7500,693,1.8878841400146484,1.8855366706848145,-0.0023474693298339844
7500,694,1.854885458946228,1.8341970443725586,-0.020688414573669434
7500,695,1.934539556503296,1.8476672172546387,-0.08687233924865723
7500,696,1.8699878454208374,1.9248077869415283,0.05481994152069092
7500,697,2.0225656032562256,1.9064881801605225,-0.11607742309570312
7500,698,2.0636773109436035,1.8651807308197021,-0.19849658012390137
7500,699,1.9487969875335693,1.8777580261230469,-0.07103896141052246
7500,700,1.9316190481185913,1.8675594329833984,-0.06405961513519287
7500,701,1.890737533569336,1.834360957145691,-0.05637657642364502
7500,702,1.895193099975586,1.806083083152771,-0.08911001682281494
7500,703,1.9301484823226929,1.8284235000610352,-0.10172498226165771
7500,704,1.8872493505477905,1.927449107170105,0.04019975662231445
7500,705,1.8806309700012207,1.8544635772705078,-0.02616739273071289
7500,706,1.9254498481750488,2.0985193252563477,0.17306947708129883
7500,707,1.8122599124908447,2.177572011947632,0.3653120994567871
7500,708,1.9463708400726318,1.9455339908599854,-0.0008368492126464844
7500,709,1.9847749471664429,1.9665708541870117,-0.018204092979431152
7500,710,1.9107415676116943,2.021543264389038,0.11080169677734375
7500,711,1.8403823375701904,1.8713712692260742,0.03098893165588379
7500,712,1.9368022680282593,1.9280004501342773,-0.008801817893981934
7500,713,1.9688289165496826,1.9122661352157593,-0.05656278133392334
7500,714,1.995030403137207,1.8482450246810913,-0.14678537845611572
7500,715,1.9720910787582397,1.8479650020599365,-0.12412607669830322
7500,716,1.9496902227401733,1.8593273162841797,-0.09036290645599365
7500,717,1.9105018377304077,1.8385751247406006,-0.07192671298980713
7500,718,1.9528450965881348,1.8233938217163086,-0.12945127487182617
7500,719,1.8586229085922241,1.8123434782028198,-0.0462794303894043
7500,720,2.19488787651062,1.8944041728973389,-0.30048370361328125
7500,721,2.269364833831787,1.91310453414917,-0.3562602996826172
7500,722,1.8899883031845093,1.809125304222107,-0.08086299896240234
7500,723,2.358412265777588,1.8674777746200562,-0.49093449115753174
7500,724,2.5568838119506836,1.8625444173812866,-0.694339394569397
7500,725,2.346566677093506,1.94205641746521,-0.4045102596282959
7500,726,2.1497392654418945,1.9455022811889648,-0.2042369842529297
7500,727,2.2805535793304443,2.0326380729675293,-0.24791550636291504
7500,728,2.2519521713256836,1.8893005847930908,-0.3626515865325928
7500,729,2.1463332176208496,2.041928768157959,-0.10440444946289062
7500,730,2.131990909576416,2.0270352363586426,-0.10495567321777344
7500,731,2.0907275676727295,1.8988975286483765,-0.19183003902435303
7500,732,2.0455520153045654,1.8632972240447998,-0.18225479125976562
7500,733,2.0383973121643066,1.973738193511963,-0.06465911865234375
7500,734,1.971971035003662,1.930761694908142,-0.04120934009552002
7500,735,2.0791754722595215,1.9351743459701538,-0.14400112628936768
7500,736,2.122044324874878,1.930661916732788,-0.19138240814208984
7500,737,1.9463424682617188,1.934807538986206,-0.011534929275512695
7500,738,2.04560923576355,1.948513388633728,-0.09709584712982178
7500,739,2.1385817527770996,1.8118345737457275,-0.32674717903137207
7500,740,1.9966216087341309,1.8329076766967773,-0.16371393203735352
7500,741,2.0511112213134766,1.8893979787826538,-0.16171324253082275
7500,742,2.0849111080169678,1.8830621242523193,-0.20184898376464844
7500,743,2.0050065517425537,1.8838341236114502,-0.12117242813110352
7500,744,1.9910974502563477,1.9138917922973633,-0.07720565795898438
7500,745,1.9279839992523193,1.784192442893982,-0.1437915563583374
7500,746,1.9730156660079956,1.7728965282440186,-0.20011913776397705
7500,747,1.9455846548080444,1.8645846843719482,-0.08099997043609619
7500,748,1.9731364250183105,1.8562204837799072,-0.11691594123840332
7500,749,1.9021934270858765,1.931706428527832,0.029513001441955566
7500,750,1.96783447265625,1.8942092657089233,-0.07362520694732666
7500,751,1.994049072265625,1.8607929944992065,-0.13325607776641846
7500,752,1.848331332206726,1.9059169292449951,0.05758559703826904
7500,753,1.847508430480957,1.7845256328582764,-0.06298279762268066
7500,754,1.9291362762451172,2.0116169452667236,0.08248066902160645
7500,755,1.874908447265625,1.9892829656600952,0.11437451839447021
7500,756,2.0113868713378906,1.8452329635620117,-0.1661539077758789
7500,757,2.1017165184020996,1.9305691719055176,-0.17114734649658203
7500,758,1.8756859302520752,1.8474781513214111,-0.028207778930664062
7500,759,2.0006356239318848,1.9182723760604858,-0.08236324787139893
7500,760,2.1021251678466797,1.8990405797958374,-0.20308458805084229
7500,761,2.0301320552825928,1.85723876953125,-0.17289328575134277
7500,762,2.0081775188446045,1.9004052877426147,-0.10777223110198975
7500,763,1.8617600202560425,1.8275926113128662,-0.03416740894317627
7500,764,2.0784382820129395,1.8961814641952515,-0.182256817817688
7500,765,2.1416378021240234,1.8018311262130737,-0.3398066759109497
7500,766,2.007627248764038,1.9411187171936035,-0.06650853157043457
7500,767,2.133726119995117,1.9830396175384521,-0.15068650245666504
7500,768,2.1984806060791016,1.9225964546203613,-0.27588415145874023
7500,769,2.0165114402770996,1.8522508144378662,-0.1642606258392334
7500,770,2.0657577514648438,1.9711828231811523,-0.0945749282836914
7500,771,2.1111371517181396,1.981162428855896,-0.12997472286224365
7500,772,1.9911766052246094,1.8289389610290527,-0.16223764419555664
7500,773,2.032865047454834,1.8126477003097534,-0.22021734714508057
7500,774,2.1666648387908936,1.9375524520874023,-0.2291123867034912
7500,775,1.9987601041793823,1.8746154308319092,-0.12414467334747314
7500,776,2.034883975982666,1.8889673948287964,-0.14591658115386963
7500,777,2.1188840866088867,1.8978394269943237,-0.221044659614563
7500,778,2.007054090499878,1.9442393779754639,-0.06281471252441406
7500,779,1.978776216506958,1.8806915283203125,-0.09808468818664551
7500,780,1.9683293104171753,1.786874771118164,-0.18145453929901123
7500,781,1.9906209707260132,1.771347999572754,-0.21927297115325928
7500,782,2.000041961669922,1.8427146673202515,-0.1573272943496704
7500,783,1.8384711742401123,1.8134868144989014,-0.024984359741210938
7500,784,2.058969497680664,1.9697974920272827,-0.08917200565338135
7500,785,2.1675779819488525,1.9680894613265991,-0.19948852062225342
7500,786,1.9530551433563232,1.8279778957366943,-0.1250772476196289
7500,787,2.014075756072998,1.7865407466888428,-0.22753500938415527
7500,788,2.0898282527923584,1.8062107563018799,-0.2836174964904785
7500,789,1.978072166442871,1.7467317581176758,-0.2313404083251953
7500,790,2.051192283630371,1.7564276456832886,-0.2947646379470825
7500,791,1.9871454238891602,1.8474653959274292,-0.13968002796173096
7500,792,1.8921849727630615,1.7714465856552124,-0.12073838710784912
7500,793,1.8897466659545898,1.9920501708984375,0.10230350494384766
7500,794,1.9079718589782715,2.003718852996826,0.09574699401855469
7500,795,1.9178545475006104,1.808518409729004,-0.10933613777160645
7500,796,1.8487056493759155,1.7466392517089844,-0.10206639766693115
7500,797,1.9359889030456543,1.7865794897079468,-0.14940941333770752
7500,798,1.8954002857208252,1.728215217590332,-0.16718506813049316
7500,799,1.8439115285873413,1.8491077423095703,0.005196213722229004
7500,800,1.8415844440460205,1.8630307912826538,0.0214463472366333
7500,801,1.8606061935424805,1.899726152420044,0.03911995887756348
7500,802,1.8484143018722534,1.906728744506836,0.05831444263458252
7500,803,1.8254363536834717,1.8265693187713623,0.001132965087890625
7500,804,1.8378785848617554,1.7533591985702515,-0.0845193862915039
7500,805,1.8234953880310059,1.849321722984314,0.025826334953308105
7500,806,1.7624640464782715,1.7395448684692383,-0.022919178009033203
7500,807,1.8428882360458374,1.9963903427124023,0.15350210666656494
7500,808,1.8290822505950928,2.058682680130005,0.2296004295349121
7500,809,1.828581690788269,1.7716093063354492,-0.056972384452819824
7500,810,1.7882570028305054,2.166682481765747,0.3784254789352417
7500,811,1.8120568990707397,2.352858066558838,0.5408011674880981
7500,812,1.7701133489608765,2.081169843673706,0.3110564947128296
7500,813,1.8501455783843994,2.2518067359924316,0.4016611576080322
7500,814,1.8678250312805176,2.3910655975341797,0.5232405662536621
7500,815,1.7228164672851562,2.033015727996826,0.3101992607116699
7500,816,1.721518874168396,2.1827826499938965,0.4612637758255005
7500,817,1.8586578369140625,2.298867702484131,0.44020986557006836
7500,818,1.8455922603607178,2.0173280239105225,0.1717357635498047
7500,819,1.7953500747680664,2.118605375289917,0.3232553005218506
7500,820,1.7720025777816772,2.134425163269043,0.3624225854873657
7500,821,1.76571786403656,2.1540918350219727,0.3883739709854126
7500,822,1.7640130519866943,2.161851406097412,0.3978383541107178
7500,823,1.7773488759994507,2.0057594776153564,0.22841060161590576
7500,824,1.7903380393981934,2.133258819580078,0.34292078018188477
7500,825,1.7388293743133545,2.227396011352539,0.48856663703918457
7500,826,1.7100704908370972,2.0362091064453125,0.32613861560821533
7500,827,1.8205606937408447,1.948230266571045,0.1276695728302002
7500,828,1.8096641302108765,2.0075416564941406,0.19787752628326416
7500,829,1.746964454650879,1.901987075805664,0.15502262115478516
7500,830,1.7309534549713135,1.9839223623275757,0.2529689073562622
7500,831,1.726442575454712,2.06754207611084,0.34109950065612793
7500,832,1.7341499328613281,1.937382459640503,0.2032325267791748
7500,833,1.7310361862182617,1.9231364727020264,0.19210028648376465
7500,834,1.6981124877929688,1.9398818016052246,0.24176931381225586
7500,835,1.843973159790039,1.922670602798462,0.07869744300842285
7500,836,1.7544149160385132,1.8559064865112305,0.10149157047271729
7500,837,1.7647775411605835,1.9189379215240479,0.15416038036346436
7500,838,1.743130087852478,1.7980101108551025,0.05488002300262451
7500,839,1.7193756103515625,1.9670813083648682,0.24770569801330566
7500,840,1.715015172958374,1.975058913230896,0.260043740272522
7500,841,1.7407244443893433,1.7879894971847534,0.047265052795410156
7500,842,1.7198169231414795,1.8974498510360718,0.17763292789459229
7500,843,1.7077144384384155,1.8424495458602905,0.134735107421875
7500,844,1.76919686794281,1.7255859375,-0.04361093044281006
7500,845,1.7272990942001343,1.7790989875793457,0.051799893379211426
7500,846,1.867384910583496,1.8233087062835693,-0.04407620429992676
7500,847,1.8822972774505615,1.7157405614852905,-0.166556715965271
7500,848,1.8782646656036377,1.8239495754241943,-0.05431509017944336
7500,849,1.754211187362671,1.9110006093978882,0.15678942203521729
7500,850,1.9110616445541382,1.9295791387557983,0.018517494201660156
7500,851,1.9447379112243652,1.9268293380737305,-0.017908573150634766
7500,852,1.8107837438583374,1.8867872953414917,0.0760035514831543
7500,853,1.7648733854293823,1.8179658651351929,0.05309247970581055
7500,854,1.795676589012146,1.9647507667541504,0.1690741777420044
7500,855,1.758265495300293,1.9019145965576172,0.14364910125732422
7500,856,1.7509472370147705,1.8522390127182007,0.10129177570343018
7500,857,1.7276853322982788,1.8126033544540405,0.08491802215576172
7500,858,1.7889678478240967,1.8215806484222412,0.03261280059814453
7500,859,1.7309257984161377,1.7703702449798584,0.0394444465637207
7500,860,1.7741931676864624,1.8734792470932007,0.09928607940673828
7500,861,1.7611849308013916,1.8896524906158447,0.12846755981445312
7500,862,1.7327073812484741,1.7845888137817383,0.05188143253326416
7500,863,1.715484380722046,1.7451019287109375,0.0296175479888916
7500,864,1.7287267446517944,1.79171884059906,0.06299209594726562
7500,865,1.726806402206421,1.7802375555038452,0.053431153297424316
7500,866,1.7235610485076904,1.7578237056732178,0.034262657165527344
7500,867,1.6897010803222656,1.7429885864257812,0.053287506103515625
7500,868,1.6845529079437256,1.7250306606292725,0.040477752685546875
7500,869,1.6734845638275146,1.6819181442260742,0.00843358039855957
7500,870,1.7953823804855347,1.9295562505722046,0.13417387008666992
7500,871,1.7547862529754639,1.9712963104248047,0.21651005744934082
7500,872,1.7088764905929565,1.7541484832763672,0.045271992683410645
7500,873,1.6806687116622925,1.8443317413330078,0.16366302967071533
7500,874,1.7519878149032593,1.9563055038452148,0.20431768894195557
7500,875,1.719496488571167,1.8429702520370483,0.12347376346588135
7500,876,1.6679058074951172,1.7516520023345947,0.08374619483947754
7500,877,1.62651526927948,1.7841253280639648,0.15761005878448486
7500,878,1.7084239721298218,1.800363302230835,0.09193933010101318
7500,879,1.7001464366912842,1.7123057842254639,0.012159347534179688
7500,880,1.6527070999145508,1.7778548002243042,0.12514770030975342
7500,881,1.6507289409637451,1.7227163314819336,0.07198739051818848
7500,882,1.7281044721603394,1.7828824520111084,0.05477797985076904
7500,883,1.6931254863739014,1.8481310606002808,0.1550055742263794
7500,884,1.6807416677474976,1.7453374862670898,0.06459581851959229
7500,885,1.6895828247070312,1.739079475402832,0.04949665069580078
7500,886,1.6724002361297607,1.8176664113998413,0.14526617527008057
7500,887,1.6586618423461914,1.756131649017334,0.09746980667114258
7500,888,1.6704938411712646,1.6722638607025146,0.00177001953125
7500,889,1.6377443075180054,1.715718150138855,0.07797384262084961
7500,890,1.7036590576171875,1.6713690757751465,-0.032289981842041016
7500,891,1.7073132991790771,1.78336501121521,0.07605171203613281
7500,892,1.6768133640289307,1.7201460599899292,0.043332695960998535
7500,893,1.6343587636947632,1.767882227897644,0.13352346420288086
7500,894,1.6872329711914062,1.8262948989868164,0.13906192779541016
7500,895,1.6457723379135132,1.736332654953003,0.09056031703948975
7500,896,1.6829512119293213,1.772290587425232,0.08933937549591064
7500,897,1.6349003314971924,1.695456862449646,0.06055653095245361
7500,898,1.6858460903167725,1.6926147937774658,0.006768703460693359
7500,899,1.6368569135665894,1.689535140991211,0.05267822742462158
7500,900,1.68654203414917,1.6740388870239258,-0.01250314712524414
7500,901,1.6339643001556396,1.619916319847107,-0.014047980308532715
7500,902,1.6605281829833984,1.8406957387924194,0.180167555809021
7500,903,1.6160695552825928,1.8949029445648193,0.27883338928222656
7500,904,1.6867107152938843,1.8252649307250977,0.13855421543121338
7500,905,1.636736273765564,1.8226993083953857,0.18596303462982178
7500,906,1.6538718938827515,1.853452444076538,0.19958055019378662
7500,907,1.6126227378845215,1.8446462154388428,0.2320234775543213
7500,908,1.7453360557556152,1.6243809461593628,-0.12095510959625244
7500,909,1.6574443578720093,1.748878002166748,0.09143364429473877
7500,910,1.7159154415130615,1.8431968688964844,0.12728142738342285
7500,911,1.6999289989471436,1.8230605125427246,0.12313151359558105
7500,912,1.639797568321228,1.7346919775009155,0.0948944091796875
7500,913,1.66237211227417,1.6507606506347656,-0.011611461639404297
7500,914,1.5788511037826538,1.6646766662597656,0.08582556247711182
7500,915,1.7795863151550293,1.7951433658599854,0.015557050704956055
7500,916,1.6082067489624023,1.7568180561065674,0.14861130714416504
7500,917,1.8655369281768799,1.8015069961547852,-0.06402993202209473
7500,918,1.9855997562408447,1.8433284759521484,-0.1422712802886963
7500,919,1.677101492881775,1.7658023834228516,0.08870089054107666
7500,920,1.8376517295837402,1.8209331035614014,-0.016718626022338867
7500,921,1.7908061742782593,1.6851892471313477,-0.10561692714691162
7500,922,1.6212743520736694,1.949209213256836,0.3279348611831665
7500,923,1.7238777875900269,2.04695725440979,0.3230794668197632
7500,924,1.6852048635482788,1.8119497299194336,0.12674486637115479
7500,925,1.6571221351623535,1.830208659172058,0.1730865240097046
7500,926,1.6340187788009644,1.8054730892181396,0.1714543104171753
7500,927,1.7317636013031006,1.7561744451522827,0.02441084384918213
7500,928,1.6603279113769531,1.7079696655273438,0.047641754150390625
7500,929,1.832505702972412,1.7090363502502441,-0.12346935272216797
7500,930,1.9152121543884277,1.6806271076202393,-0.23458504676818848
7500,931,1.8615167140960693,1.6404327154159546,-0.22108399868011475
7500,932,1.680914282798767,1.6410692930221558,-0.03984498977661133
7500,933,1.7750513553619385,1.7090238332748413,-0.06602752208709717
7500,934,1.7682979106903076,1.6488832235336304,-0.11941468715667725
7500,935,1.666956901550293,1.7314256429672241,0.06446874141693115
7500,936,1.7343130111694336,1.8239002227783203,0.08958721160888672
7500,937,1.662292242050171,1.6865746974945068,0.024282455444335938
7500,938,1.6961663961410522,1.6929725408554077,-0.0031938552856445312
7500,939,1.8519705533981323,1.7145934104919434,-0.13737714290618896
7500,940,1.741948127746582,1.7163004875183105,-0.025647640228271484
7500,941,1.6730283498764038,1.7023723125457764,0.02934396266937256
7500,942,1.7203423976898193,1.8456734418869019,0.12533104419708252
7500,943,1.598081350326538,1.859938383102417,0.2618570327758789
7500,944,1.7700284719467163,1.7968130111694336,0.026784539222717285
7500,945,1.9630069732666016,1.6611641645431519,-0.3018428087234497
7500,946,1.777844786643982,1.861319899559021,0.08347511291503906
7500,947,1.7136567831039429,1.8361501693725586,0.12249338626861572
7500,948,1.8692870140075684,1.7542598247528076,-0.11502718925476074
7500,949,1.8191471099853516,1.7783653736114502,-0.04078173637390137
7500,950,1.711125373840332,1.7304081916809082,0.019282817840576172
7500,951,1.6839377880096436,1.668397307395935,-0.015540480613708496
7500,952,1.6737353801727295,1.6794984340667725,0.005763053894042969
7500,953,1.7269477844238281,1.628436803817749,-0.0985109806060791
7500,954,1.6692713499069214,1.693335771560669,0.02406442165374756
7500,955,1.6179885864257812,1.6797107458114624,0.06172215938568115
7500,956,1.6460292339324951,1.7589092254638672,0.11287999153137207
7500,957,1.6577022075653076,1.7262605428695679,0.06855833530426025
7500,958,1.6646804809570312,1.7986457347869873,0.13396525382995605
7500,959,1.6033767461776733,1.6879066228866577,0.08452987670898438
7500,960,1.6441912651062012,1.7157225608825684,0.07153129577636719
7500,961,1.5742340087890625,1.6904405355453491,0.11620652675628662
7500,962,1.6141951084136963,1.6886482238769531,0.07445311546325684
7500,963,1.6564817428588867,1.6947956085205078,0.038313865661621094
7500,964,1.6926963329315186,1.656959056854248,-0.03573727607727051
7500,965,1.6481256484985352,1.6680625677108765,0.01993691921234131
7500,966,1.5988787412643433,1.5895479917526245,-0.00933074951171875
7500,967,1.6780450344085693,1.571820616722107,-0.1062244176864624
7500,968,1.6230601072311401,1.6714115142822266,0.048351407051086426
7500,969,1.772590160369873,1.648134708404541,-0.12445545196533203
7500,970,1.6544182300567627,1.6057265996932983,-0.048691630363464355
7500,971,1.9027726650238037,1.5398234128952026,-0.3629492521286011
7500,972,1.8415931463241577,1.650287389755249,-0.1913057565689087
7500,973,1.7203081846237183,1.6518886089324951,-0.06841957569122314
7500,974,1.6646897792816162,1.5959997177124023,-0.06869006156921387
7500,975,1.7541561126708984,1.6193349361419678,-0.13482117652893066
7500,976,1.6598848104476929,1.5878318548202515,-0.0720529556274414
7500,977,1.8060778379440308,1.5731205940246582,-0.23295724391937256
7500,978,1.7603375911712646,1.6760637760162354,-0.0842738151550293
7500,979,1.635501742362976,1.7353665828704834,0.09986484050750732
7500,980,1.5991524457931519,1.5328716039657593,-0.06628084182739258
7500,981,1.6778476238250732,1.5434703826904297,-0.13437724113464355
7500,982,1.6674383878707886,1.6549558639526367,-0.012482523918151855
7500,983,1.6401680707931519,1.612741231918335,-0.027426838874816895
7500,984,1.6284407377243042,1.5986989736557007,-0.029741764068603516
7500,985,1.6294667720794678,1.569645643234253,-0.059821128845214844
7500,986,1.6264194250106812,1.5918983221054077,-0.03452110290527344
7500,987,1.6078485250473022,1.5403250455856323,-0.06752347946166992
7500,988,1.5933202505111694,1.6993415355682373,0.10602128505706787
7500,989,1.5719631910324097,1.691642165184021,0.11967897415161133
7500,990,1.567038893699646,1.5241270065307617,-0.04291188716888428
7500,991,1.5889122486114502,1.516843557357788,-0.07206869125366211
7500,992,1.5571599006652832,1.5531651973724365,-0.00399470329284668
7500,993,1.593362808227539,1.5399192571640015,-0.0534435510635376
7500,994,1.589314341545105,1.5616477727890015,-0.027666568756103516
7500,995,1.5441869497299194,1.4749715328216553,-0.06921541690826416
7500,996,1.5229167938232422,1.7281684875488281,0.20525169372558594
7500,997,1.6271083354949951,1.7317872047424316,0.10467886924743652
7500,998,1.5927138328552246,1.5764553546905518,-0.01625847816467285
7500,999,1.5517581701278687,1.6560277938842773,0.10426962375640869
7500,1000,1.5104472637176514,1.534440040588379,0.02399277687072754
