first_update,update,updates_in_bin,training_seconds,state_ce,token_accuracy
1,100,100,6.662911338011327,3.7896589493751525,0.0974943059310317
101,200,100,12.024431135007035,3.563559317588806,0.15265788219869136
201,300,100,17.360970634988917,3.4181911993026732,0.18234456911683083
301,400,100,22.730580931980512,3.4069990277290345,0.1834765674173832
401,500,100,28.084882360977645,3.402992823123932,0.184226892888546
501,600,100,33.432536294989404,3.394858138561249,0.1858325245976448
601,700,100,38.80946179098464,3.376300218105316,0.1897127330303192
701,800,100,44.15712479597278,3.332807276248932,0.19766520708799362
801,900,100,49.4921835139794,3.1581301522254943,0.22503581240773202
901,1000,100,54.85456419398179,2.3836628675460814,0.35961264044046404
1001,1100,100,60.22894691900365,1.8051233565807343,0.4991756361722946
1101,1200,100,65.56871767001576,1.3501945209503174,0.6275293177366257
1201,1300,100,70.91589530201963,0.9924778360128402,0.7408097511529923
1301,1400,100,76.31283715901736,0.7580457383394241,0.8105078327655793
1401,1500,100,81.72521827301898,0.5597373196482658,0.8675960493087769
1501,1600,100,87.15160509598718,0.40406182944774627,0.9111116725206375
1601,1700,100,92.61599933199977,0.29769900143146516,0.9365088075399399
1701,1800,100,98.05571230799615,0.22757315665483474,0.952422708272934
1801,1900,100,103.4336594929955,0.1729034638404846,0.9648974817991257
1901,2000,100,108.8452259199803,0.1236833993345499,0.9772412306070328
2001,2100,100,114.23139174998869,0.09905926339328289,0.9810628467798232
2101,2200,100,119.60371637297067,0.06760681267827749,0.988977068066597
2201,2300,100,125.01845179594238,0.05281579688191414,0.9913200056552887
2301,2400,100,130.41942230595305,0.04435706229880452,0.9923380732536315
2401,2500,100,135.80326656392936,0.0416524120233953,0.992127298116684
2501,2600,100,141.22182141595476,0.03266726195812225,0.9941658735275268
2601,2700,100,146.62021461093536,0.029133835528045892,0.9945573085546493
2701,2800,100,151.97470490294654,0.029279978163540363,0.9939754444360733
2801,2900,100,157.34599340894056,0.023775096237659454,0.9953369349241257
2901,3000,100,162.81917325292306,0.022166462959721685,0.9954720240831375
3001,3100,100,168.24406584592725,0.019906627722084524,0.9959301960468292
3101,3200,100,173.64576184191537,0.019303211020305754,0.9958870661258697
3201,3300,100,179.09478206590575,0.017014392940327524,0.9964925348758698
3301,3400,100,184.60219902190147,0.016239045737311244,0.9964591664075851
3401,3500,100,190.0055725239108,0.015090986918658018,0.9966333168745041
3501,3600,100,195.3983622229316,0.014272802816703916,0.9968294495344162
3601,3700,100,200.77351479794015,0.014520994583144785,0.9966325080394745
3701,3800,100,206.1227826069262,0.013020719634369016,0.9970198756456375
3801,3900,100,211.5243067369156,0.012384113939478993,0.9970499861240387
3901,4000,100,216.93903191593927,0.012758121434599161,0.996923034787178
4001,4100,100,222.3451766189428,0.011158778369426726,0.9973209810256958
4101,4200,100,227.7274433519342,0.012060465710237622,0.996975929737091
4201,4300,100,233.12203719893296,0.010961489398032426,0.9972623866796494
4301,4400,100,238.54939082095007,0.010956618362106383,0.9972680848836899
4401,4500,100,243.9892409429558,0.010940080755390227,0.9972689002752304
4501,4600,100,249.41198302495832,0.010451134899631143,0.9972941255569459
4601,4700,100,254.8393971099722,0.009761766516603529,0.9974837428331376
4701,4800,100,260.2614626799368,0.008781792847439646,0.9977758973836899
4801,4900,100,265.67127884792353,0.009510702956467866,0.9975228071212768
4901,5000,100,271.05804728994553,0.009784849614370615,0.9973730653524399
5001,5100,100,276.4537131009456,0.00858586217276752,0.9977384674549102
5101,5200,100,281.906927195927,0.008762580845504998,0.9976229047775269
5201,5300,100,287.33033222494487,0.00786593313794583,0.997962257862091
5301,5400,100,292.717233790936,0.007023169922176748,0.9981917530298233
5401,5500,100,298.1429029689207,0.007757546107750386,0.997901222705841
5501,5600,100,303.52045562892454,0.006684760407079011,0.9982731318473816
5601,5700,100,308.9147986769276,0.007253238728735596,0.998049333691597
5701,5800,100,314.3244385039434,0.006610022888053208,0.9982747614383698
5801,5900,100,319.71361125693875,0.0069687207299284635,0.9980493354797363
5901,6000,100,325.12651029392146,0.006530535770580172,0.9982275623083114
6001,6100,100,330.5099375339305,0.006422646371647716,0.9982649958133698
6101,6200,100,335.8997482829327,0.006334035738836974,0.9982332545518875
6201,6300,100,341.32544776592476,0.006505264197476208,0.9981990748643875
6301,6400,100,346.7143647149278,0.006026442209258675,0.9983203315734863
6401,6500,100,352.1354560729196,0.006295093996450305,0.9982885932922363
6501,6600,100,357.52680210592007,0.0058486275537870825,0.9983984595537185
6601,6700,100,362.92947475791516,0.00562266050488688,0.9984594929218292
6701,6800,100,368.3214218029134,0.005552427757065743,0.9984570503234863
6801,6900,100,373.76384714191954,0.005621250484837219,0.9984611201286316
6901,7000,100,379.1724744329222,0.006015486501855776,0.998276384472847
7001,7100,100,384.5988484689042,0.0048047284700442104,0.998719094991684
7101,7200,100,389.963166812915,0.005375820108456537,0.9985343617200851
7201,7300,100,395.3527273859145,0.004798068635864183,0.9986792194843293
7301,7400,100,400.77066733889296,0.004923998973099515,0.9986271345615387
7401,7500,100,406.13777344988193,0.004835937024326995,0.9986507350206375
7501,7600,100,411.5372133788842,0.005359043980715797,0.9984570521116257
7601,7700,100,416.93627031088545,0.00454381083836779,0.9987345564365387
7701,7800,100,422.3067797378826,0.004489325949689374,0.9987874555587769
7801,7900,100,427.7234464978501,0.004629797013476491,0.9987190979719162
7901,8000,100,433.0950356398607,0.004785858606919646,0.9986035352945328
8001,8100,100,438.4743276778463,0.004690869954647497,0.9987174713611603
8101,8200,100,443.87403135782733,0.0038902104506269098,0.9989445173740387
8201,8300,100,449.2413304738293,0.005100712655112147,0.9985392427444458
8301,8400,100,454.6218751148517,0.003617707108496688,0.9989461481571198
8401,8500,100,460.0111359918701,0.004083710737759248,0.9988216346502304
8501,8600,100,465.37624148086616,0.0036962535814382136,0.9989957892894745
8601,8700,100,470.7975078678646,0.004632746564457193,0.9986881691217423
8701,8800,100,476.2391761348663,0.0039568807475734505,0.998916038274765
8801,8900,100,481.6192429018738,0.004227414834313095,0.9987687361240387
8901,9000,100,486.98301341686965,0.003819594472879544,0.9989030158519745
9001,9100,100,492.36291849584086,0.004577149457763881,0.9986661982536316
9101,9200,100,497.75488711083017,0.004139401727006771,0.9987785041332244
9201,9300,100,503.155434369819,0.004372853480745107,0.9987793159484863
9301,9400,100,508.55374664182455,0.00403307460481301,0.9988639509677887
9401,9500,100,513.9251465457965,0.003201690687565133,0.9990844923257828
9501,9600,100,519.3098411717692,0.0036682214046595617,0.9989689320325852
9601,9700,100,524.7044245887992,0.003656500887591392,0.9990348505973816
9701,9800,100,530.1067426827904,0.0029083823069231585,0.999222839474678
9801,9900,100,535.5200611197615,0.0034853411337826402,0.999065774679184
9901,10000,100,540.8684568477511,0.003720051571726799,0.9990006703138351
10001,10100,100,546.2543729817735,0.003532319700461812,0.9990153187513351
10101,10200,100,551.7069721157786,0.00339285429334268,0.9990470570325851
10201,10300,100,557.0831040407575,0.0033248275448568166,0.9990771692991257
10301,10400,100,562.4821426587441,0.0035724512801971284,0.9990446192026138
10401,10500,100,567.8639324727519,0.003339048626367003,0.9990226423740387
10501,10600,100,573.215421563742,0.003274297277093865,0.9990714728832245
10601,10700,100,578.5794102047512,0.0034676143206888808,0.9990527558326722
10701,10800,100,583.9142909587463,0.0035568605762091466,0.9990397334098816
10801,10900,100,589.2653670717591,0.0029954937408911064,0.9991788929700851
10901,11000,100,594.64865206576,0.0030770063659292645,0.9991569203138352
11001,11100,100,600.0426864887595,0.0038226800912525504,0.9989233613014221
11101,11200,100,605.3978381917659,0.0028300664183916525,0.9992480689287185
11201,11300,100,610.7809201017662,0.0031730912550119684,0.9990625214576722
11301,11400,100,616.1879068097769,0.0024765414409921504,0.9993261897563934
11401,11500,100,621.5499050008002,0.003448255546973087,0.999017761349678
11501,11600,100,626.9714136828225,0.0030294173181755466,0.9991512274742127
11601,11700,100,632.3419216918155,0.0025034014356788248,0.9993042212724685
11701,11800,100,637.7555174528316,0.0026752429906628096,0.9992521357536316
11801,11900,100,643.1403135628061,0.002744562646257691,0.9992277204990387
11901,12000,100,648.5162254007992,0.0030456926103215663,0.9991414576768876
12001,12100,100,653.8786157808099,0.002930703780730255,0.9992277228832245
12101,12200,100,659.2509757978078,0.0033457267840276473,0.999088562130928
12201,12300,100,664.6387875417931,0.002954700569389388,0.9992138868570328
12301,12400,100,670.007167207812,0.0029576890735188498,0.9992293465137482
12401,12500,100,675.3849109757975,0.002509985506767407,0.9993310737609863
12501,12600,100,680.7726886168239,0.002591116001131013,0.999287126660347
12601,12700,100,686.1672509558048,0.002695067784807179,0.9992431825399399
12701,12800,100,691.5437812967903,0.0029088879816117695,0.9992448097467422
12801,12900,100,696.9056832957758,0.002804860313190147,0.9992667835950851
12901,13000,100,702.3024428367789,0.002933009723201394,0.9992236506938934
13001,13100,100,707.685107738791,0.0027837495037238112,0.9992675954103469
13101,13200,100,713.0282669397893,0.002621751668921206,0.9992675966024399
13201,13300,100,718.4099072297759,0.0025202736773644575,0.9992863142490387
13301,13400,100,723.7631372027863,0.003563736677460838,0.9990690302848816
13401,13500,100,729.081015722797,0.002777439114288427,0.9992260950803756
13501,13600,100,734.433344484798,0.0020661773774190806,0.9994490736722946
13601,13700,100,739.7734050437975,0.002991936521138996,0.9992342311143875
13701,13800,100,745.1249315227906,0.0024709407819318587,0.9993294447660446
13801,13900,100,750.5079960387993,0.0027150214865105226,0.9993042182922364
13901,14000,100,755.8014259607698,0.003043483131623361,0.9991837769746781
14001,14100,100,761.1641181247724,0.0025297551014227793,0.9993546736240387
14101,14200,100,766.5008546397839,0.0027650154326693153,0.9992822474241256
14201,14300,100,771.8752372877789,0.0025071479263715445,0.9993888545036316
14301,14400,100,777.290606646784,0.003458126717596315,0.9991406464576721
14401,14500,100,782.6605711428056,0.0025132007760112172,0.9993497908115387
14501,14600,100,788.0440153598138,0.0030393288444611243,0.9992521339654923
14601,14700,100,793.4623273338148,0.0026160596011322924,0.9993139863014221
14701,14800,100,798.8708763688301,0.00256128924258519,0.9993538618087768
14801,14900,100,804.2854702628538,0.0026471662092080804,0.9993481653928756
14901,15000,100,809.7053256879044,0.002690474501578137,0.9993042188882828
15001,15100,100,815.129574799892,0.002695008938026149,0.9993318867683411
15101,15200,100,820.55564868289,0.0025718498940113933,0.9993473482131958
15201,15300,100,825.951139994886,0.0023745079210493714,0.9994189637899399
15301,15400,100,831.3496065518921,0.003110580322390888,0.9992464369535446
15401,15500,100,836.8066492548933,0.0022905049929977397,0.9993872261047363
15501,15600,100,842.254998613902,0.002340884894656483,0.9994222205877304
15601,15700,100,847.68822244693,0.0024367533004260623,0.9993815302848816
15701,15800,100,853.1057670559167,0.003260088478564285,0.9991845905780792
15801,15900,100,858.5245384359041,0.002683102650917135,0.9993449056148529
15901,16000,100,863.9414178079023,0.002747912344348151,0.9993237495422364
16001,16100,100,869.3945186839192,0.0033782284407061526,0.9992350429296494
16101,16200,100,874.7938764369137,0.002364970448979875,0.9994531446695327
16201,16300,100,880.1937845259272,0.0028681565991428215,0.9993074733018875
16301,16400,100,885.5897792449177,0.0026150472179870122,0.9993790882825851
16401,16500,100,890.9881405669075,0.0025780505206785165,0.9993636274337768
16501,16600,100,896.4059702829254,0.002934298748295987,0.9993164241313934
16601,16700,100,901.8829368119223,0.0028883252295781856,0.9993554896116257
16701,16800,100,907.3523711139242,0.0028301650618959683,0.9993213081359863
16801,16900,100,912.8341682179234,0.0026762964042427485,0.9993685078620911
16901,17000,100,918.2962430409243,0.0023823234128940384,0.999454773068428
17001,17100,100,923.7733474358829,0.002655138871341478,0.9993701350688934
17101,17200,100,929.1906110709024,0.0028140217275358734,0.9993335163593292
17201,17300,100,934.589117474934,0.002979831674892921,0.9993538588285447
17301,17400,100,940.0022660179238,0.0021945050569047455,0.9995198726654053
17401,17500,100,945.3597608799428,0.0027840329907485284,0.9993343311548233
17501,17600,100,950.7316719039518,0.0028772380121517924,0.9993636274337768
17601,17700,100,956.1159365849599,0.0025870227941777557,0.9994091993570328
17701,17800,100,961.4886220689768,0.0027629835311381613,0.9993742072582245
17801,17900,100,966.8682331079763,0.0022330387819965835,0.9995092976093293
17901,18000,100,972.2712223719755,0.002606899871316273,0.9993774592876434
18001,18100,100,977.5962405009777,0.002618916208011797,0.9993904793262481
18101,18200,100,982.9344726059862,0.0023633117326244246,0.999468605518341
18201,18300,100,988.3091349639762,0.0029748630899121054,0.9993685060739517
18301,18400,100,993.6707918079701,0.0028092518923222088,0.9994010597467422
18401,18500,100,999.0370731739386,0.0021101842174539344,0.9995418477058411
18501,18600,100,1004.4547828009418,0.003301406084210612,0.9992773622274399
18601,18700,100,1009.8746758499547,0.0029043187481875067,0.9993571132421494
18701,18800,100,1015.3305874819707,0.002516110379365273,0.9994580274820328
18801,18900,100,1020.7542961619693,0.002573050090286415,0.9994295418262482
18901,19000,100,1026.1588134939593,0.0025322537888132503,0.9994498860836029
19001,19100,100,1031.581705693945,0.002463196018652525,0.9994832521677017
19101,19200,100,1036.9381256309534,0.0030647546678665093,0.9993750202655792
19201,19300,100,1042.315624479972,0.0028036690049339087,0.9994466334581376
19301,19400,100,1047.698617266964,0.0027552275126799942,0.9994254732131957
19401,19500,100,1053.0201687089502,0.0022211952786892653,0.9995686984062195
19501,19600,100,1058.4116516659597,0.002689577603014186,0.9994165223836898
19601,19700,100,1063.7653921219462,0.002204426930693444,0.9994970887899399
19701,19800,100,1069.1405583289525,0.0028614610561635344,0.9994197762012482
19801,19900,100,1074.5429605489553,0.002550981009262614,0.9995312678813935
19901,20000,100,1079.9333075679606,0.002661241239256924,0.9994311708211899
20001,20100,100,1085.3105933939696,0.0023195474104431924,0.9994938343763351
20101,20200,100,1090.7044657649749,0.0024017414326954166,0.9995003432035446
20201,20300,100,1096.097860870963,0.002485736415546853,0.9994531428813934
20301,20400,100,1101.4753000539786,0.002437149760662578,0.9994881385564804
20401,20500,100,1106.8507809479743,0.0025206415783031845,0.9994808089733124
20501,20600,100,1112.2892754019776,0.002749345327029005,0.9994629085063934
20601,20700,100,1117.6816237159474,0.0028710828591283644,0.9994620925188065
20701,20800,100,1123.1403881849656,0.0022354978788644074,0.9995556801557541
20801,20900,100,1128.6022104249605,0.0024441135080996903,0.999495462179184
20901,21000,100,1134.0864705779932,0.0023606457553978543,0.9995166200399399
21001,21100,100,1139.558330646967,0.002745058618456824,0.9994645363092423
21101,21200,100,1145.0069025689772,0.0017381340527936118,0.9996582174301147
21201,21300,100,1150.474205249986,0.002512888338678749,0.9995247602462769
21301,21400,100,1155.9568765269833,0.0027341985632665456,0.9994531452655793
21401,21500,100,1161.4345309990058,0.002618960417166818,0.9995377790927887
21501,21600,100,1166.9034674550057,0.0023262620538298507,0.9995345222949982
21601,21700,100,1172.3187957470036,0.0019434743658348452,0.9995947444438934
21701,21800,100,1177.7415977729906,0.0022652305316296405,0.9995467323064804
21801,21900,100,1183.1522078259986,0.002540337139798794,0.9995052248239518
21901,22000,100,1188.5543248869835,0.002785706460563233,0.9994816255569458
22001,22100,100,1193.9260266639976,0.002477447984565515,0.9994897615909576
22101,22200,100,1199.314315327978,0.002590575294161681,0.9995483547449112
22201,22300,100,1204.7242724429816,0.002533777561329771,0.9994889485836029
22301,22400,100,1210.092302320998,0.0026121453988889698,0.9994710439443588
22401,22500,100,1215.4181874250062,0.0018676267343107611,0.9996354305744171
22501,22600,100,1220.751300427004,0.0019166200584731995,0.9996183401346207
22601,22700,100,1226.1003240030186,0.002290771306725219,0.9995483553409577
22701,22800,100,1231.4470313669917,0.002466399744007504,0.9995117360353469
22801,22900,100,1236.7910241529898,0.0026509976251691113,0.999520686864853
22901,23000,100,1242.1355622119772,0.002254589480435243,0.9995638167858124
23001,23100,100,1247.4589406469386,0.0025492192851379516,0.9994637203216553
23101,23200,100,1252.7702477899547,0.002441903627186548,0.9995564931631088
23201,23300,100,1258.0880404789386,0.002385044870316051,0.9995589369535446
23301,23400,100,1263.4160953159371,0.0022149871475994586,0.99960857629776
23401,23500,100,1268.768614574943,0.0019199245880008676,0.999631359577179
23501,23600,100,1274.1775107919493,0.0021897751463984603,0.9995833462476731
23601,23700,100,1279.5612055859747,0.002252756843008683,0.9995727670192719
23701,23800,100,1284.9833524639762,0.002639224150334485,0.9995011562108993
23801,23900,100,1290.4186497459887,0.0018991807446582243,0.9996329915523529
23901,24000,100,1295.8391761830026,0.002638836269616149,0.9995394027233124
24001,24100,100,1301.2492643759942,0.0017153950776992134,0.9996891403198243
24101,24200,100,1306.6227895529883,0.002343238365428988,0.9995621907711029
24201,24300,100,1311.9807299690037,0.002073045347351581,0.9996167129278183
24301,24400,100,1317.362282801987,0.002704143398150336,0.9995296365022659
24401,24500,100,1322.7300360930058,0.0021139553464308847,0.99960369348526
24501,24600,100,1328.1535841630066,0.002619181763002416,0.9995597487688065
24601,24700,100,1333.5688018020046,0.0029052771591523197,0.9994978988170624
24701,24800,100,1338.9626672500017,0.0020878233620896937,0.9996386879682541
24801,24900,100,1344.3695506309923,0.0018313315587874968,0.9996818166971206
24901,25000,100,1349.7849877859953,0.002631599118903978,0.9995638179779053
25001,25100,100,1355.1788433780093,0.0027182297690887935,0.9995149886608123
25101,25200,100,1360.5699479000432,0.0023387191884103233,0.9996289247274399
25201,25300,100,1365.9407274150471,0.0023983794101513924,0.9995882344245911
25301,25400,100,1371.2915688970388,0.0020726444163301494,0.9996183437108993
25401,25500,100,1376.7231701830242,0.0018808486267516856,0.9996093893051148
25501,25600,100,1382.10211840802,0.002005817361496156,0.9996240401268005
25601,25700,100,1387.483016080012,0.0028812074467714412,0.9994905769824982
25701,25800,100,1392.8583027670247,0.0022001218353398144,0.9995988082885742
25801,25900,100,1398.272281362013,0.0018541577158612199,0.9996834462881088
25901,26000,100,1403.6556798499914,0.002367699805618031,0.999581722021103
26001,26100,100,1409.025034148981,0.0021205114606709687,0.9996329891681671
26101,26200,100,1414.3407966269915,0.002011740117886802,0.9996549642086029
26201,26300,100,1419.7042859389912,0.002267449245409807,0.9995882344245911
26301,26400,100,1425.0418321319776,0.0021453468794061336,0.9996167147159576
26401,26500,100,1430.3761302619932,0.002393639667134266,0.9995955538749695
26501,26600,100,1435.732776767978,0.0024338607038225744,0.9996142715215683
26601,26700,100,1441.0540502719705,0.0020481536057195627,0.999647639989853
26701,26800,100,1446.394497149966,0.002177157825208269,0.9996036940813064
26801,26900,100,1451.7637507599939,0.001522439497639425,0.9997078585624695
26901,27000,100,1457.12436350598,0.0021467087932978755,0.9996492666006088
27001,27100,100,1462.489505187994,0.0025044658419210463,0.9995825386047363
27101,27200,100,1467.8582906359916,0.002171604536124505,0.9996305507421493
27201,27300,100,1473.2144320989973,0.0019885355746373534,0.9996476393938064
27301,27400,100,1478.5632108889913,0.0020562648636405357,0.9996679830551147
27401,27500,100,1483.9058740259825,0.0023167759327043314,0.9996012526750565
27501,27600,100,1489.2658227779648,0.0022059561776404733,0.9996036946773529
27601,27700,100,1494.6068276609694,0.0021354450317448937,0.9996329891681671
27701,27800,100,1499.9404898379762,0.002150202253542375,0.9996297335624695
27801,27900,100,1505.271929696999,0.0018837281785090453,0.9996736782789231
27901,28000,100,1510.618527203991,0.0018725317261123564,0.9996801918745041
28001,28100,100,1516.0084857659895,0.001830610878241714,0.9996362495422363
28101,28200,100,1521.3951928239949,0.00201816055639938,0.9996362465620041
28201,28300,100,1526.7622162499938,0.0020972193998022703,0.9996012508869171
28301,28400,100,1532.1372426409907,0.0017017631296039326,0.9996899545192719
28401,28500,100,1537.496949353008,0.001953340880500036,0.9996736806631088
28501,28600,100,1542.8265568380011,0.0020782949456770437,0.9996264797449111
28601,28700,100,1548.183695102991,0.0017482493082934525,0.9997102999687195
28701,28800,100,1553.5476051819824,0.0018252007471164689,0.9996606606245041
28801,28900,100,1558.9026335349736,0.001778892955626361,0.9996875107288361
28901,29000,100,1564.2910368909543,0.002334158026642399,0.9995866024494171
29001,29100,100,1569.6845431249676,0.0016458182107453468,0.9996980917453766
29101,29200,100,1575.041241274972,0.0016695124925172422,0.9997159975767136
29201,29300,100,1580.4178510660204,0.001798327767974115,0.9996818202733994
29301,29400,100,1585.7696355329972,0.0019531684421235694,0.9996395021677017
29401,29500,100,1591.1533854259724,0.0020449543002905557,0.9996224105358124
29501,29600,100,1596.545140350987,0.0017548409986920888,0.9996647292375564
29601,29700,100,1601.946156027956,0.0016400986813823694,0.9997314578294754
29701,29800,100,1607.3477160569491,0.0017665956562268547,0.9996899539232253
29801,29900,100,1612.6704819169572,0.0012956233060685918,0.9997583132982254
29901,30000,100,1617.9993404229463,0.0022264394583180547,0.9996411287784577
30001,30100,100,1623.3398736249364,0.002649732606805628,0.9995866030454635
30101,30200,100,1628.7143790119335,0.002289833406539401,0.9996370577812195
30201,30300,100,1634.0809486339058,0.0021683509777358266,0.9996386849880219
30301,30400,100,1639.5219881969279,0.001700294598704204,0.9997086715698242
30401,30500,100,1644.9365336849332,0.001680673103182926,0.9997062313556672
30501,30600,100,1650.3267303489374,0.0012273799638205674,0.9997859811782837
30601,30700,100,1655.6781502879603,0.0014840255876333685,0.9997143697738647
30701,30800,100,1661.0150784769576,0.0018765161620103753,0.99967449426651
30801,30900,100,1666.3672636129777,0.0008361283836529765,0.9998665428161622
30901,31000,100,1671.725705284989,0.0016843400314246538,0.9997322708368301
31001,31100,100,1677.1410553709975,0.0014438321813941002,0.9997314596176148
31101,31200,100,1682.5584547620092,0.0015728782106452855,0.9997192507982254
31201,31300,100,1687.9203299020046,0.001791275665673311,0.9997054165601731
31301,31400,100,1693.2793016600008,0.0021545046363462463,0.9996215963363647
31401,31500,100,1698.6354908620378,0.0013350166780583094,0.9997884219884873
31501,31600,100,1704.0376722020555,0.0019948752690834228,0.9996736800670624
31601,31700,100,1709.377202103049,0.0016402340331842424,0.9997151827812195
31701,31800,100,1714.7118571640385,0.0020976852757303276,0.9996956515312195
31801,31900,100,1720.0624235410542,0.0016300339242297922,0.9997216951847077
31901,32000,100,1725.4284165200734,0.0013139386486727745,0.9997819131612777
32001,32100,100,1730.795871397091,0.0019364611877244898,0.999656588435173
32101,32200,100,1736.1864560001086,0.0017073945670563263,0.9996915847063065
32201,32300,100,1741.5399268660913,0.0012386497923580464,0.9997819131612777
32301,32400,100,1746.8757568520778,0.0020166543481172994,0.9996679842472076
32401,32500,100,1752.2094132020793,0.0017022431854275056,0.9996850740909576
32501,32600,100,1757.5820104450868,0.001918779175466625,0.9996753072738648
32601,32700,100,1762.989009842102,0.001818730761297047,0.9997070437669754
32701,32800,100,1768.4049135051064,0.00163721661127056,0.9997233200073242
32801,32900,100,1773.7795618641176,0.0015512093122379157,0.999760752916336
32901,33000,100,1779.1298074861043,0.0018682355049531906,0.99969158411026
33001,33100,100,1784.5160287120998,0.0016121651855792152,0.9997029757499695
33101,33200,100,1789.901893129103,0.0017440621841524262,0.9996899539232253
33201,33300,100,1795.303278712101,0.0022964803453942293,0.999658215045929
33301,33400,100,1800.7102759581103,0.0020324361261009473,0.99965984582901
33401,33500,100,1806.0743186741238,0.0018131808014004492,0.9996940237283707
33501,33600,100,1811.4497245491402,0.000542754464167956,0.9999202519655228
33601,33700,100,1816.8031520361292,0.00011504876091748884,0.9999747747182846
33701,33800,100,1822.171317954144,0.001818135710491333,0.9996736764907836
33801,33900,100,1827.5381638561448,0.0011333706962977886,0.9997827261686325
33901,34000,100,1832.9109988291493,0.0019564518461265834,0.9996891438961029
34001,34100,100,1838.2893810521455,0.0015491547022975284,0.9997216945886612
34101,34200,100,1843.637163616142,0.0016506207299244124,0.9997550565004348
34201,34300,100,1848.982320038147,0.0015776327066123485,0.9997233211994171
34301,34400,100,1854.3510034091632,0.0016895163364097244,0.999729014635086
34401,34500,100,1859.6999701161549,0.00231399972573854,0.999650890827179
34501,34600,100,1865.0597351291544,0.0018350774006830762,0.9997029781341553
34601,34700,100,1870.4345433891758,0.0014628236643329728,0.9997697061300278
34701,34800,100,1875.8196859831514,0.0019245231965032872,0.9997054141759872
34801,34900,100,1881.2020527451532,0.0016746075099945302,0.9997143691778183
34901,35000,100,1886.5612918641418,0.0012222633286728523,0.9998095798492431
35001,35100,100,1891.9483266411553,0.001394389041015529,0.9997290176153183
35101,35200,100,1897.32835999519,0.0014670955275505547,0.9997436648607254
35201,35300,100,1902.6875765261793,0.0014321031104918803,0.9997404116392136
35301,35400,100,1908.0632214311627,0.0014049439569498645,0.9997640097141266
35401,35500,100,1913.4241259141563,0.001683361060131574,0.9997094869613647
35501,35600,100,1918.7925430071518,0.0018471452859375858,0.9997216933965682
35601,35700,100,1924.143356350156,0.0016482806342537515,0.9997127389907837
35701,35800,100,1929.4894049151626,0.0016208917871699668,0.999737156033516
35801,35900,100,1934.8633083291606,0.0014875696951639839,0.9997485464811325
35901,36000,100,1940.2392839951426,0.0012119221979082794,0.999807950258255
36001,36100,100,1945.6230644271527,0.0013134039456781466,0.9997745907306671
36101,36200,100,1950.9568035121447,0.0017999180642800639,0.9997062295675277
36201,36300,100,1956.2963827851636,0.0012837101847253507,0.9997802835702896
36301,36400,100,1961.6594655551926,0.0011323359392554266,0.9997981905937194
36401,36500,100,1967.0101830872154,0.00170090558094671,0.9997103023529053
36501,36600,100,1972.3455260952214,0.00047635451948735863,0.9999218791723251
36601,36700,100,1977.6764563981997,2.1163958413126237e-05,0.9999991863965988
36701,36800,100,1983.0779580251947,0.0003869343207315978,0.9999332708120346
36801,36900,100,1988.4701621321838,0.002346789261318918,0.9996500772237777
36901,37000,100,1993.8385641411842,0.001467242766666459,0.9997477316856385
37001,37100,100,1999.209910180205,0.0018103172201881534,0.9997363412380218
37101,37200,100,2004.5912401632158,0.0008969616995818797,0.9998575937747955
37201,37300,100,2009.940140484192,0.0015571164421271533,0.9997290182113647
37301,37400,100,2015.3081385612022,0.001351941302054911,0.999754244685173
37401,37500,100,2020.643803794217,0.0017225207969386246,0.9997037893533707
37501,37600,100,2026.0112442492245,0.0016437234903423814,0.9997526162862778
37601,37700,100,2031.3662115372244,0.0017495332616090308,0.9997119277715683
37701,37800,100,2036.7204467732117,0.0011552026743083842,0.9998193454742431
37801,37900,100,2042.0912539902165,0.0016190512713365024,0.9997363400459289
37901,38000,100,2047.479665766201,0.0012816668955565546,0.9997884213924408
38001,38100,100,2052.8661218391935,0.001144307847971504,0.9998193448781967
38101,38200,100,2058.231279112166,0.0019188601386122173,0.999695650935173
38201,38300,100,2063.613378337148,0.0019209184636565623,0.9997159904241562
38301,38400,100,2068.9982520461635,0.0010698944779505837,0.9998274821043015
38401,38500,100,2074.3852179301757,0.0014109875123540405,0.9997859811782837
38501,38600,100,2079.7917590451725,0.0009235611523035913,0.9998543393611908
38601,38700,100,2085.1764196441727,0.0015562699788279134,0.9997550588846207
38701,38800,100,2090.552391937177,0.0012432930318027502,0.9998014414310455
38801,38900,100,2095.930987683183,0.0009378393739098101,0.9998429453372956
38901,39000,100,2101.3058197271675,0.0017455287509801564,0.9997086703777314
39001,39100,100,2106.711601942163,0.0017985197126836284,0.9997208786010742
39101,39200,100,2112.1162541631675,0.0014463470442569815,0.9997599422931671
39201,39300,100,2117.486669295169,0.0012098519549908816,0.9997916805744171
39301,39400,100,2122.8765296191777,0.001616138643512386,0.9997583097219467
39401,39500,100,2128.2704778931584,0.001112084897577006,0.9998160922527313
39501,39600,100,2133.642569252159,0.001867753362894291,0.9997046011686325
39601,39700,100,2139.02406947314,0.0013289630231884076,0.9997737723588943
39701,39800,100,2144.38496790114,0.001361065050077741,0.9997900503873826
39801,39900,100,2149.7830036561536,0.0014962145932440763,0.9997339016199112
39901,40000,100,2155.1542309721663,0.001281467857552343,0.9997802823781967
40001,40100,100,2160.5612994461735,0.0010505952126914054,0.999828297495842
40101,40200,100,2165.940958601186,0.0012787106687756023,0.9997933059930801
40201,40300,100,2171.379614045185,0.0015392845164751633,0.9997428512573242
40301,40400,100,2176.7842512321913,0.001509573516814271,0.9997509908676148
40401,40500,100,2182.170112640215,0.000994488493379322,0.9998372495174408
40501,40600,100,2187.528422551237,0.000927315113003715,0.9998453885316849
40601,40700,100,2192.928171621239,0.0014744957911898382,0.9997477328777313
40701,40800,100,2198.3379273002356,0.0009643558236712125,0.9998258554935455
40801,40900,100,2203.7218211432373,0.0008167611970566213,0.9998470169305801
40901,41000,100,2209.1019592872435,0.0022240382619202136,0.9996753072738648
41001,41100,100,2214.496358298231,0.0014257941040341394,0.9998014432191848
41101,41200,100,2219.9083597492463,0.001326658863836201,0.9998014426231384
41201,41300,100,2225.302565006248,0.0018666998816479464,0.999697277545929
41301,41400,100,2230.685713183251,0.0014537694116734201,0.999772145152092
41401,41500,100,2236.0753247952307,0.0013088213901937707,0.9997876077890396
41501,41600,100,2241.4487467732433,0.0014676137819333234,0.9997648233175278
41601,41700,100,2246.8157398522344,0.0013810973271756665,0.9997786617279053
41701,41800,100,2252.2193675792078,0.001033309797057882,0.9998209738731384
41801,41900,100,2257.6583496941894,0.0017425191632355562,0.9997485452890396
41901,42000,100,2263.0617593231946,0.0018008155964344041,0.9997322714328766
42001,42100,100,2268.473001283197,0.001510986784051056,0.9997558742761612
42101,42200,100,2273.9112004231974,0.002092995899292873,0.999690768122673
42201,42300,100,2279.3148822202056,0.0015014465406420641,0.9997688925266266
42301,42400,100,2284.731302505181,0.0006897552870941581,0.9998852604627609
42401,42500,100,2290.1688776971714,1.6398012021454634e-05,1.0
42501,42600,100,2295.6582338131593,0.001052939463961593,0.9997933059930801
42601,42700,100,2301.0626580162025,0.001575963871910062,0.9997428488731385
42701,42800,100,2306.5050346841963,0.0011939977660949807,0.9998112064599991
42801,42900,100,2311.9065669142,0.001325941833856632,0.9997884213924408
42901,43000,100,2317.2889773181923,0.00156225075799739,0.9997672629356384
43001,43100,100,2322.684133081213,0.0012837395845417632,0.99977947473526
43101,43200,100,2328.092740166234,0.0018275818253823673,0.9997542405128479
43201,43300,100,2333.5073098822504,0.0008481836234204821,0.999838879108429
43301,43400,100,2338.911848023261,0.0007357449080882361,0.9998803794384002
43401,43500,100,2344.312017765249,0.0013769090027926723,0.9997599387168884
43501,43600,100,2349.737223437245,0.0009647513183881529,0.9998372513055801
43601,43700,100,2355.1675484262596,0.0011515430392319104,0.9998201584815979
43701,43800,100,2360.617095039237,0.001052794766583247,0.9998128354549408
43801,43900,100,2366.015987869232,0.0012350719415189814,0.9997835385799408
43901,44000,100,2371.435143309227,0.0008510728570399806,0.9998494565486908
44001,44100,100,2376.823964832227,0.0009313860358452075,0.9998356240987778
44101,44200,100,2382.2168590932233,0.0014124484528292669,0.9997420364618301
44201,44300,100,2387.637015456232,0.0006998590628063539,0.9998917734622955
44301,44400,100,2393.0264509032713,0.0008888957954332,0.9998559659719467
44401,44500,100,2398.424881426261,0.0016788659247686155,0.9997363394498825
44501,44600,100,2403.842785726276,0.0013990134928462794,0.999760752916336
44601,44700,100,2409.231334106269,0.0016397281265017227,0.9997282028198242
44701,44800,100,2414.6226176402743,0.0015695695490285288,0.9997802829742432
44801,44900,100,2420.026282058283,0.0016191213867568876,0.9997583132982254
44901,45000,100,2425.429946226257,0.0011604045711283107,0.9998356223106384
45001,45100,100,2430.849885847274,0.0009458262644693605,0.9998624759912491
45101,45200,100,2436.2164136892898,0.0016076101901126095,0.9997558712959289
45201,45300,100,2441.605441548276,0.0012774061988602625,0.9998038852214813
45301,45400,100,2446.994360857294,0.0012917124107480048,0.999799816608429
45401,45500,100,2452.4043435193053,0.0009881632001270191,0.9998462015390396
45501,45600,100,2457.790667947291,0.0010603043916853495,0.9998282945156097
45601,45700,100,2463.175295043322,0.0013500404806109146,0.9997811001539231
45701,45800,100,2468.588625736298,0.0008777323768299538,0.9998641037940978
45801,45900,100,2474.005800310304,0.0013070782374052215,0.999790049791336
45901,46000,100,2479.421219281303,0.0018450547454995103,0.9997168105840682
46001,46100,100,2484.841221505303,0.0011112379426776898,0.9998445725440979
46101,46200,100,2490.2872687942872,0.0012395849461609033,0.9997876101732254
46201,46300,100,2495.686330732289,0.0009403806401314796,0.9998405033349991
46301,46400,100,2501.078529359278,0.0008654104468951118,0.9998730558156967
46401,46500,100,2506.5181235232994,0.0015115533115022117,0.9997558706998825
46501,46600,100,2511.9106224862735,0.0009978521957236808,0.9998494547605514
46601,46700,100,2517.3355604532844,0.001444319555266702,0.9997933048009873
46701,46800,100,2522.826307315285,0.0006868626739742467,0.9998917734622955
46801,46900,100,2528.275023989325,0.0013642924997839146,0.9997981876134873
46901,47000,100,2533.6526690853025,0.0004907549312702031,0.9999047935009002
47001,47100,100,2539.0658571263048,0.0016241296002044692,0.9997680789232254
47101,47200,100,2544.473486823277,0.0013199637721845647,0.9997884231805801
47201,47300,100,2549.884326510284,0.0013073341251219972,0.9997916775941849
47301,47400,100,2555.3067505102736,0.0012280016223303392,0.9998071384429932
47401,47500,100,2560.733556541287,0.0007012556293557281,0.9998828202486039
47501,47600,100,2566.128663977295,0.0012873941542784451,0.9998006302118302
47601,47700,100,2571.5673631462887,0.0010882866142856073,0.9998478275537491
47701,47800,100,2576.9754315192768,0.0007840982263587648,0.9998730546236039
47801,47900,100,2582.4039222182655,0.0012137474190967623,0.9998095810413361
47901,48000,100,2587.82480638826,0.0011835801681445446,0.9998087686300278
48001,48100,100,2593.2288947402667,0.0010149003911283216,0.9998217856884003
48101,48200,100,2598.6340178472456,0.001450855856674025,0.999764010310173
48201,48300,100,2604.0742024292267,0.000828516360197682,0.9998543393611908
48301,48400,100,2609.4805143532394,0.0016107103135800571,0.9997591257095337
48401,48500,100,2614.9103294282468,0.0014744002023144276,0.9997599399089814
48501,48600,100,2620.314122307249,0.0011350836931887898,0.9997990018129349
48601,48700,100,2625.6926894762255,0.0005334432189556537,0.9999218809604645
48701,48800,100,2631.074081401228,0.0006372089311662421,0.9998811936378479
48801,48900,100,2636.4498335262106,0.00130320441288859,0.999818531870842
48901,49000,100,2641.868184067196,0.0013314841173632885,0.9997827249765396
49001,49100,100,2647.2706936012037,0.00100735089785303,0.999851080775261
49101,49200,100,2652.721028394204,0.0008368885812160443,0.9998665446043015
49201,49300,100,2658.1582877832116,0.0012919781569871703,0.9998112058639527
49301,49400,100,2663.5743749002104,3.0905845942470475e-05,0.9999991863965988
49401,49500,100,2668.965342883206,7.207199469576153e-05,0.9999910485744476
49501,49600,100,2674.37828987023,0.001063240068133382,0.999826670885086
49601,49700,100,2679.839946442251,0.0010980027641744527,0.9998160922527313
49701,49800,100,2685.269689971239,0.0010703472418572347,0.9998177176713944
49801,49900,100,2690.6998757132424,0.0011101508585124975,0.9998226010799408
49901,50000,100,2696.0970194662586,0.0015342685114228516,0.9997534286975861
50001,50100,100,2701.493437201283,0.001221291197980463,0.9998022592067719
50101,50200,100,2706.862917246275,0.0005011616532010521,0.9999349004030228
50201,50300,100,2712.2504746202867,0.0011777106764202473,0.9998030698299408
50301,50400,100,2717.6264223772887,0.001018078071083437,0.9998339921236038
50401,50500,100,2722.99303673326,0.0010302345759919263,0.9998543387651444
50501,50600,100,2728.3701980662627,0.0006867318313743453,0.9998950290679932
50601,50700,100,2733.76776123928,0.0012320019827711803,0.9998071384429932
50701,50800,100,2739.155641397272,0.0009658718747232343,0.9998299258947373
50801,50900,100,2744.5545459372806,0.0010442660579428776,0.9998299252986907
50901,51000,100,2749.970458666292,0.0016770807212378714,0.9997461062669754
51001,51100,100,2755.380244870299,0.0009815180324949323,0.9998274868726731
51101,51200,100,2760.764878609294,0.0009496298532576475,0.9998388761281967
51201,51300,100,2766.1589016132857,0.000788785195327364,0.999883633852005
51301,51400,100,2771.5726096942635,0.0011529530242114562,0.9998120206594467
51401,51500,100,2776.938161173286,0.0010615408244120772,0.999831553697586
51501,51600,100,2782.296181682301,0.0011875810033961898,0.9998209720849991
51601,51700,100,2787.6817394782993,0.001341733840708912,0.9998103922605515
51701,51800,100,2793.132283247287,0.0009990491077769548,0.9998299264907837
51801,51900,100,2798.549521453264,0.0015562505783964298,0.9997762155532837
51901,52000,100,2803.950296520241,0.00016240887882304378,0.9999723333120346
52001,52100,100,2809.379198505245,0.0008131665449400316,0.999878751039505
52101,52200,100,2814.76985306025,0.0012490795145640732,0.9998258543014527
52201,52300,100,2820.1539477932383,0.0012040591338518425,0.999818530678749
52301,52400,100,2825.595347669223,0.0012197986526007298,0.9997990012168885
52401,52500,100,2831.031140171228,0.0008110512833445682,0.9998763084411622
52501,52600,100,2836.4579412802414,0.0008602661365875974,0.9998575955629349
52601,52700,100,2841.844910264219,0.0009080568296121783,0.9998649179935455
52701,52800,100,2847.2449125642197,0.000943695718960953,0.9998380625247956
52801,52900,100,2852.646695392199,0.000868674291523348,0.9998665452003479
52901,53000,100,2858.074658308178,0.000849536473651824,0.9998608487844467
53001,53100,100,2863.4983666341905,0.0011315802763419923,0.9998177164793014
53101,53200,100,2868.9114359351443,0.0012278674753179075,0.9998030704259873
53201,53300,100,2874.331236404134,0.0015595966768159996,0.9997729599475861
53301,53400,100,2879.739773523146,3.754619960091077e-05,0.9999959319829941
53401,53500,100,2885.171000142127,8.131479884241344e-05,0.9999926763772965
53501,53600,100,2890.606381258134,0.0009489029796077375,0.9998453867435455
53601,53700,100,2896.0627347161244,0.0009566800998072722,0.9998421311378479
53701,53800,100,2901.489646771137,0.0007816235134305316,0.9998689860105514
53801,53900,100,2906.9267945011525,0.0007431159665793529,0.999881192445755
53901,54000,100,2912.339462102158,0.0012069531578526949,0.9998063254356384
54001,54100,100,2917.758396212139,0.001204080935640377,0.9998152768611908
54101,54200,100,2923.161535685136,0.0011394450875377516,0.9998299258947373
54201,54300,100,2928.58280024512,5.125603241140198e-05,0.9999918633699417
54301,54400,100,2933.981622165138,5.91802060853297e-06,1.0
54401,54500,100,2939.369038240169,0.0006104080368231734,0.999894210100174
54501,54600,100,2944.8151890741683,0.0007040984837476572,0.999874683022499
54601,54700,100,2950.2374986831637,0.0007461511781730224,0.9998754966259003
54701,54800,100,2955.672282802174,0.0014792247221339493,0.9998006278276443
54801,54900,100,2961.0906710471318,0.001451434278205852,0.9997916752099991
54901,55000,100,2966.487258283105,0.0010473096560599515,0.9998429453372956
55001,55100,100,2971.8844770721225,0.0011736041560834565,0.9998128348588944
55101,55200,100,2977.382397107118,0.0015359894016000908,0.9997819125652313
55201,55300,100,2982.8189796861116,0.0012642925727777766,0.9998103940486908
55301,55400,100,2988.2171047771153,0.0008318699391020346,0.9998722422122955
55401,55500,100,2993.670181272126,0.0006566890474641695,0.9998999071121216
55501,55600,100,2999.111225307108,0.000914770123490598,0.9998478281497956
55601,55700,100,3004.558249555146,0.0004756273293605773,0.9999056059122086
55701,55800,100,3009.991629581149,0.0012855982952169143,0.999806324839592
55801,55900,100,3015.446802223156,0.0011345004511167645,0.9998226016759872
55901,56000,100,3020.840305822134,0.0011323452387659928,0.9998405051231384
56001,56100,100,3026.227972908113,0.000804254650411167,0.9998836326599121
56101,56200,100,3031.6345783880897,0.0007134151423088042,0.9998803794384002
56201,56300,100,3037.046920544075,0.0013037141970198719,0.9998128366470337
56301,56400,100,3042.456805496069,0.0008652866809279658,0.9998730546236039
56401,56500,100,3047.8470836960987,2.1970961647639342e-05,0.99999755859375
56501,56600,100,3053.2591809970945,1.0551788136581308e-05,0.9999991863965988
56601,56700,100,3058.6681545141,0.0001391186266448585,0.9999609398841858
56701,56800,100,3064.083645145107,0.0008387419365044479,0.9998510819673538
56801,56900,100,3069.503145907107,0.0010333747337699607,0.9998372501134872
56901,57000,100,3074.8942425731293,0.0009643899124057498,0.9998429435491561
57001,57100,100,3080.298321371134,0.0007755550762703934,0.999886075258255
57101,57200,100,3085.7122218051736,0.0007759562140563503,0.9998641020059585
57201,57300,100,3091.1050559681535,0.0011456902391364565,0.9998380619287491
57301,57400,100,3096.520671450162,0.0015643476770310371,0.9997591251134872
57401,57500,100,3101.9739679341437,0.0014035043827789195,0.9997990000247955
57501,57600,100,3107.387314647156,0.0007981917350480217,0.9998616623878479
57601,57700,100,3112.8281780721845,0.0012374586265468679,0.9998112094402313
57701,57800,100,3118.257046532166,0.0011582443755105488,0.9998250436782837
57801,57900,100,3123.6786233681632,0.0008919626029091888,0.9998746806383133
57901,58000,100,3129.095665193159,0.0008969859594617446,0.999864917397499
58001,58100,100,3134.520953825151,0.0012355906877928647,0.9998266679048539
58101,58200,100,3139.911994519156,0.0012146344912980567,0.9998291105031967
58201,58300,100,3145.3222322651673,0.0010049735578286346,0.9998364347219467
58301,58400,100,3150.7477282931723,0.0010153155118314315,0.9998559659719467
58401,58500,100,3156.1695154721674,0.0008048938876345347,0.9998706138134003
58501,58600,100,3161.5974487971907,0.0009041047782739043,0.9998608481884003
58601,58700,100,3166.9916598902128,0.0013414728637508233,0.9998307371139527
58701,58800,100,3172.394930641185,0.0012224702763523965,0.9998307371139527
58801,58900,100,3177.7686715721757,0.0008058117625114391,0.9998763090372086
58901,59000,100,3183.193319167185,0.0009744575624063145,0.9998437589406968
59001,59100,100,3188.5814710171944,0.00102674352707254,0.9998437583446502
59101,59200,100,3193.9813059421867,0.0007214917575038271,0.9998966544866562
59201,59300,100,3199.385399685176,0.0013738155110331717,0.9998063236474991
59301,59400,100,3204.822438989191,0.0010736444323629257,0.9998608469963074
59401,59500,100,3210.210798999189,0.0008480589005193906,0.9998779380321503
59501,59600,100,3215.5903381562057,0.0011697170029947301,0.9998250424861908
59601,59700,100,3221.037802453182,0.0009747108856572595,0.9998470157384872
59701,59800,100,3226.476377697203,0.0004650639890678576,0.999910489320755
59801,59900,100,3231.86143975921,0.001022207191272173,0.9998339933156967
59901,60000,100,3237.296195132214,0.0007599281767579669,0.9998836326599121
60001,60100,100,3242.717031344222,0.0005101119102164375,0.9999259477853775
60101,60200,100,3248.153112216205,8.817054155315419e-05,0.9999934899806976
60201,60300,100,3253.5592925382152,0.001062739984899963,0.999866544008255
60301,60400,100,3258.9571416252365,0.0011420365359663266,0.9998291099071502
60401,60500,100,3264.3856555082384,0.0010888310858354088,0.9998575919866561
60501,60600,100,3269.826041512242,0.0013665653122006917,0.9998242276906967
60601,60700,100,3275.264072869235,0.0007044086738460465,0.9998836320638657
60701,60800,100,3280.6886492272533,0.001345868094394973,0.9998266679048539
60801,60900,100,3286.114432012251,0.001187007471708057,0.9998315531015396
60901,61000,100,3291.5576255572305,0.0009410278365612612,0.9998348087072373
61001,61100,100,3296.9820450032385,0.0005117932793473301,0.9999129289388656
61101,61200,100,3302.393862448236,0.001478015263164707,0.9997827249765396
61201,61300,100,3307.821556984247,0.0008847390829396318,0.9998413175344467
61301,61400,100,3313.2230527452666,3.3394581028005635e-05,0.9999975591897965
61401,61500,100,3318.640966018269,4.669990192951445e-06,1.0
61501,61600,100,3324.0596097562775,0.0005860456966956917,0.9999202507734298
61601,61700,100,3329.4477780452544,0.0012143771735281916,0.999829928278923
61701,61800,100,3334.871969555272,0.0009075925605066004,0.9998543375730514
61801,61900,100,3340.293048778258,0.0010176271397722304,0.9998250436782837
61901,62000,100,3345.698471538253,0.00018817451101313054,0.999976401925087
62001,62100,100,3351.1032294402576,0.0007992450051642663,0.9998795664310456
62101,62200,100,3356.503662927269,7.418130247060617e-05,0.9999837267398834
62201,62300,100,3361.920130893279,0.00093836709772404,0.9998624753952027
62301,62400,100,3367.303625984263,0.0007423043936432805,0.9998868882656098
62401,62500,100,3372.702408048266,0.0008697307188595004,0.9998551517724991
62501,62600,100,3378.124749946266,0.0007153819290579122,0.9998868918418884
62601,62700,100,3383.5504146962558,0.001342782344108855,0.9998038846254349
62701,62800,100,3388.9851917012456,0.0013635848326521227,0.9998038840293885
62801,62900,100,3394.3876562052355,0.000651108967304026,0.9998868894577027
62901,63000,100,3399.81609380422,0.0007266927009732171,0.9998844480514526
63001,63100,100,3405.2106833142316,0.0013086640804795024,0.9998071378469467
63101,63200,100,3410.6146270292193,0.0008605447558875313,0.9998527109622956
63201,63300,100,3416.016974015216,0.0013549534571939148,0.999802256822586
63301,63400,100,3421.3976697062353,0.0011904299931302376,0.9998421293497085
63401,63500,100,3426.8764589702478,0.000338032151621519,0.9999576854705811
63501,63600,100,3432.3091541712565,0.0010685965665834373,0.9998331815004349
63601,63700,100,3437.723725211261,0.0007020288559942856,0.9999113011360169
63701,63800,100,3443.1402727442655,0.0009913245632196777,0.9998494553565979
63801,63900,100,3448.5590158932573,0.0008081165007388335,0.999879565834999
63901,64000,100,3454.003347561269,0.00029508313201404235,0.9999576854705811
64001,64100,100,3459.457338306245,0.00020999070605284942,0.9999658232927322
64101,64200,100,3464.8876890012325,0.0009306651348379092,0.9998470133543015
64201,64300,100,3470.299004841232,0.0007249205266816716,0.9998868888616562
64301,64400,100,3475.7197948242465,0.0006813872465863824,0.9998877024650574
64401,64500,100,3481.147984718242,0.00039698809281617285,0.9999316447973251
64501,64600,100,3486.541489104231,0.0011355065781572193,0.9998225998878479
64601,64700,100,3491.9361809032416,0.0012758981485785626,0.999823413491249
64701,64800,100,3497.3550098992273,0.0007830693564392277,0.9998909562826157
64801,64900,100,3502.780079773238,0.0006273726813742542,0.9998950272798538
64901,65000,100,3508.2075968432255,0.0006685859015669849,0.9998966544866562
65001,65100,100,3513.6146905562564,0.0013236530338326701,0.9998128318786621
65101,65200,100,3519.040080386254,0.0009218822351249401,0.9998608481884003
65201,65300,100,3524.455171867281,0.0008297824894907535,0.9998803782463074
65301,65400,100,3529.8945741882526,0.0005410025123637752,0.9998958420753479
65401,65500,100,3535.329581786238,0.0010998891081544571,0.9998339933156967
65501,65600,100,3540.777303909228,0.0007332098252663855,0.9998836332559585
65601,65700,100,3546.2322815562366,0.0008569460855505895,0.9998470139503479
65701,65800,100,3551.676539611268,0.0009064749142817163,0.9998600333929062
65801,65900,100,3557.1089892532873,0.001221163302543573,0.9998217862844467
65901,66000,100,3562.5133645252754,0.0007849437752520316,0.9998828202486039
66001,66100,100,3567.9247314782733,0.0012252404797254712,0.9998258554935455
66101,66200,100,3573.3403335832554,0.0007088091243349482,0.9998771268129348
66201,66300,100,3578.7551598302525,0.0004712344609652064,0.9999332720041275
66301,66400,100,3584.1490640312804,0.0007903464055289078,0.9998730534315109
66401,66500,100,3589.5882913282876,0.0006499983288995281,0.9998909592628479
66501,66600,100,3595.0257724833027,0.0006670168591699622,0.9998966550827026
66601,66700,100,3600.454571870294,0.0010284874611897975,0.999855962395668
66701,66800,100,3605.8907322052946,0.0009379986272688256,0.9998535233736038
66801,66900,100,3611.307735423303,0.0007130532216615393,0.999890958070755
66901,67000,100,3616.710403588302,0.000840870791071211,0.9998632901906968
67001,67100,100,3622.127633669279,0.000991446310763422,0.9998518979549408
67101,67200,100,3627.5367345002815,0.0007937966441022581,0.9998787504434585
67201,67300,100,3632.958825670281,0.0007787589926920191,0.9998844456672669
67301,67400,100,3638.3560380873023,0.0005329816032462986,0.9999039781093597
67401,67500,100,3643.789300593293,0.0007022375503765943,0.9998990947008133
67501,67600,100,3649.225917520289,0.0010927371146681253,0.9998518967628479
67601,67700,100,3654.6502841122965,0.0009464820137145579,0.9998575919866561
67701,67800,100,3660.0877063412954,0.0012086130803800187,0.9998193460702897
67801,67900,100,3665.5047445982964,0.0009878736131940969,0.9998413187265396
67901,68000,100,3670.943859081297,0.0008603058105654781,0.9998559653759003
68001,68100,100,3676.3245420972817,0.0006269581215019571,0.9999104857444763
68101,68200,100,3681.729718735278,0.00048157294148040816,0.9999194395542145
68201,68300,100,3687.150333827307,0.0009068471172031423,0.999856778383255
68301,68400,100,3692.565785369312,0.0009854684458696283,0.9998559665679931
68401,68500,100,3697.9814324232975,0.0006882997197317309,0.9999023514986038
68501,68600,100,3703.4216752092907,0.0009210254489516956,0.999847012758255
68601,68700,100,3708.8576719252997,0.001072109389169782,0.9998616600036621
68701,68800,100,3714.3147122363043,0.0009673190185640123,0.9998502695560455
68801,68900,100,3719.7617849883027,0.0006787338317917602,0.9999056047201157
68901,69000,100,3725.1996080963218,6.928056830474816e-05,0.9999886083602906
69001,69100,100,3730.6371700973104,7.958961577969604e-06,1.0
69101,69200,100,3736.0753093373132,0.0011801984714475112,0.999841315150261
69201,69300,100,3741.501829908313,0.0009782446609642647,0.9998445737361908
69301,69400,100,3746.954787844301,0.0005361366727083805,0.9998909568786621
69401,69500,100,3752.40523536627,0.0009198789682704955,0.9998836326599121
69501,69600,100,3757.867744448282,0.0006037009093597589,0.9999031633138656
69601,69700,100,3763.3011588802947,0.0007466466704499908,0.9998828214406967
69701,69800,100,3768.7244768413,0.0005907861250489077,0.9998999100923538
69801,69900,100,3774.1512405102985,0.000939076084887347,0.9998575949668884
69901,70000,100,3779.546214590311,0.0008615365854711854,0.9998657310009003
70001,70100,100,3784.930907410315,0.0007295417616842314,0.9998990964889526
70101,70200,100,3790.336777280325,0.0008777994497359032,0.9998616588115692
70201,70300,100,3795.730360218313,1.463362971207971e-05,0.9999991863965988
70301,70400,100,3801.1929424773334,2.97107989581491e-06,1.0
70401,70500,100,3806.5865680893403,7.326445086164313e-07,1.0
70501,70600,100,3811.9774406893484,0.00047824806579200186,0.999942222237587
70601,70700,100,3817.3567521043587,0.0008509705045526061,0.9998730546236039
70701,70800,100,3822.7645790173847,0.0010305920619066455,0.9998405051231384
70801,70900,100,3828.214535075371,0.0011228120130635944,0.9998356229066849
70901,71000,100,3833.6276392973705,0.0013555991959856328,0.9998095804452896
71001,71100,100,3839.0405857853766,0.000940172513755897,0.9998852616548538
71101,71200,100,3844.4510431093804,0.0008213946349951584,0.9998820054531098
71201,71300,100,3849.8573074313717,0.0006297050575813046,0.9999047917127609
71301,71400,100,3855.2599334733823,0.0006981257604093117,0.9998925852775574
71401,71500,100,3860.6998651963913,0.0005268048795278446,0.9999113023281098
71501,71600,100,3866.136963388428,0.0008927242327263229,0.9998746836185455
71601,71700,100,3871.5584760904385,0.000780940477434342,0.999874684214592
71701,71800,100,3876.967543246439,0.0007647474343139038,0.999874683022499
71801,71900,100,3882.37830350942,0.0012755376298991905,0.999818530678749
71901,72000,100,3887.7816150014114,0.0006547226610837243,0.9999023514986038
72001,72100,100,3893.1955488544154,0.0011718729764106683,0.9998405033349991
72101,72200,100,3898.6068878634032,0.0010312933818386228,0.9998689860105514
72201,72300,100,3904.0257453103914,0.0011623053338735189,0.9998250412940979
72301,72400,100,3909.434541412389,0.0009210516014354652,0.9998828202486039
72401,72500,100,3914.833270542382,0.0005257870844616264,0.9999072337150574
72501,72600,100,3920.2310799153784,0.0007162956832689815,0.999883633852005
72601,72700,100,3925.64531504739,0.0005210673462715932,0.9999007242918014
72701,72800,100,3931.0379458893985,0.00038743821049138207,0.999940596818924
72801,72900,100,3936.4402229853986,0.00100247572248918,0.9998486405611038
72901,73000,100,3941.851690620402,0.00047798089295611137,0.9999218797683715
73001,73100,100,3947.267637214394,0.0008501207246627018,0.9998649156093598
73101,73200,100,3952.6711149464027,0.0004166244804946473,0.9999446678161621
73201,73300,100,3958.078145399384,0.000703275164050865,0.9998925846815109
73301,73400,100,3963.4770076463865,0.0008116901920584497,0.9998803800344467
73401,73500,100,3968.890521723384,3.13790224981858e-05,0.9999959319829941
73501,73600,100,3974.306449956395,3.6195764141666586e-06,1.0
73601,73700,100,3979.7043114984153,1.033383778406005e-06,1.0
73701,73800,100,3985.1050514904346,0.00011333613969767953,0.9999845385551452
73801,73900,100,3990.484622934444,0.0013810547610955837,0.9998307365179062
73901,74000,100,3995.892064453463,0.001267143689410659,0.9998291105031967
74001,74100,100,4001.2959300424445,0.0008182271200348623,0.9998820072412491
74101,74200,100,4006.70721885945,0.0006531747284407174,0.999893399477005
74201,74300,100,4012.1142790384474,0.0008873453264277487,0.9998584091663361
74301,74400,100,4017.527188047472,0.00043977242644814395,0.9999389690160752
74401,74500,100,4022.9305537934706,0.001543412710507255,0.9997876089811325
74501,74600,100,4028.312690831477,0.0007585688727613161,0.9998852610588074
74601,74700,100,4033.7199554014587,0.0008605552476456069,0.9998860746622086
74701,74800,100,4039.1304149624484,0.0008463424026194843,0.9998779362440109
74801,74900,100,4044.542300022469,0.0008286339714322821,0.9998844468593597
74901,75000,100,4049.9465932114654,0.0006842905324992898,0.9998990964889526
75001,75100,100,4055.364274769443,0.0012013747313358181,0.999832364320755
75101,75200,100,4060.7942482714643,0.0009873404331665369,0.9998559659719467
75201,75300,100,4066.2222079634666,0.0010293291041125485,0.9998689860105514
75301,75400,100,4071.6232737834835,0.0006627520664187614,0.9998877054452896
75401,75500,100,4076.997575916459,0.0007218547547927301,0.9998958396911621
75501,75600,100,4082.381383029435,0.0005552394288315555,0.9998999083042145
75601,75700,100,4087.807349955445,0.00029001328158301476,0.9999511754512787
75701,75800,100,4093.2355091874197,0.001000344389303791,0.9998380619287491
75801,75900,100,4098.6499808844055,0.0010144089479399553,0.9998453855514526
75901,76000,100,4104.047028160403,0.0004727680030464398,0.9999324595928192
76001,76100,100,4109.450819106423,0.0012631653721109615,0.9998258525133132
76101,76200,100,4114.86611341342,0.0010002098994664266,0.9998632889986038
76201,76300,100,4120.302130260443,0.0008008632805285743,0.9998974657058716
76301,76400,100,4125.75277218546,0.000696444612030973,0.9999169963598251
76401,76500,100,4131.167292024453,0.0004551572666696302,0.9999243223667145
76501,76600,100,4136.632730686437,0.0015845035860911595,0.999803882241249
76601,76700,100,4142.053944253417,0.001079674713055283,0.9998730540275573
76701,76800,100,4147.491386901413,0.0006443065522216784,0.999902350306511
76801,76900,100,4152.923846920396,0.0009492787190538366,0.9998584079742432
76901,77000,100,4158.352187205404,0.0009786701536540932,0.9998551517724991
77001,77100,100,4163.782801777441,0.0006427093575803156,0.9998974668979644
77101,77200,100,4169.197214109419,0.0006937647868835484,0.9998999077081681
77201,77300,100,4174.63038026341,0.0006066739057860104,0.9999161845445633
77301,77400,100,4180.045421016432,0.0009989846978169226,0.9998478269577027
77401,77500,100,4185.489075087466,0.000820276638132782,0.9998942124843597
77501,77600,100,4190.977601050454,0.0005277315085913869,0.999929204583168
77601,77700,100,4196.413470247433,0.00034830538326787065,0.9999381572008132
77701,77800,100,4201.850064291448,0.0008847743008482212,0.9998584067821503
77801,77900,100,4207.305391112455,0.0006473877211101353,0.9998950272798538
77901,78000,100,4212.820493736457,0.0007000053582760301,0.9999039775133133
78001,78100,100,4218.269302069475,0.000692990481347806,0.9998877024650574
78101,78200,100,4223.730131369455,0.0007477558974460408,0.9998828214406967
78201,78300,100,4229.172873444451,0.0005603388546114729,0.9999015384912491
78301,78400,100,4234.629947660444,0.0003546709121474123,0.9999422252178192
78401,78500,100,4240.093044486446,0.0009708219755884784,0.999869801402092
78501,78600,100,4245.5774529254595,0.0009230001075047767,0.9998828196525573
78601,78700,100,4251.020710795459,0.0008943764115247177,0.9998820054531098
78701,78800,100,4256.447643739481,0.00022129792602754606,0.9999666374921798
78801,78900,100,4261.880821048464,0.0010665555477498857,0.9998608469963074
78901,79000,100,4267.324858704458,0.0007917858860673733,0.9998697996139526
79001,79100,100,4272.789996922445,0.0007800381765991915,0.9998885160684585
79101,79200,100,4278.23565271444,0.00021527009804231056,0.9999698907136917
79201,79300,100,4283.690342794442,5.9417402462713655e-06,1.0
79301,79400,100,4289.153568537426,9.30381244529599e-06,0.9999983727931976
79401,79500,100,4294.566400361433,0.00021504076072005772,0.9999601286649704
79501,79600,100,4299.999664320421,0.00043766311418949046,0.9999324595928192
79601,79700,100,4305.472830675411,0.0009072185202876426,0.9998649150133133
79701,79800,100,4310.958489011409,0.0007676164458462154,0.9998974674940109
79801,79900,100,4316.421094101424,0.0006935504928969749,0.9999023485183716
79901,80000,100,4321.837663348437,0.0015321746240806533,0.9998128354549408
